county_fips,county_pop,state,n_waves_observed,first_t6_25,never_t6_25_by_jun2014,first_t6_50,never_t6_50_by_jun2014,first_t6_75,never_t6_75_by_jun2014,first_t7_25,never_t7_25_by_jun2014,first_t7_50,never_t7_50_by_jun2014,first_t7_75,never_t7_75_by_jun2014
01001,54571,AL,9,2011-06,False,2011-06,False,2011-06,False,2011-06,False,2011-06,False,2011-06,False
01003,182265,AL,9,2011-12,False,2011-12,False,2011-12,False,2011-12,False,2011-12,False,2011-12,False
01005,27457,AL,9,2013-06,False,2013-06,False,2013-06,False,2013-06,False,2013-06,False,2013-06,False
01007,22915,AL,9,2012-12,False,2013-06,False,2013-06,False,2012-12,False,2013-06,False,2013-06,False
01009,57322,AL,9,2011-12,False,2011-12,False,2012-06,False,2011-12,False,2011-12,False,2012-06,False
01011,10914,AL,9,2012-06,False,2012-06,False,2013-06,False,2012-06,False,2012-06,False,2013-06,False
01013,20947,AL,9,2012-12,False,2012-12,False,2012-12,False,2012-12,False,2012-12,False,2012-12,False
01015,118572,AL,9,2011-12,False,2011-12,False,2012-06,False,2012-12,False,2012-12,False,2012-12,False
01017,34215,AL,9,2012-06,False,2012-06,False,2012-12,False,2012-06,False,2012-06,False,2012-12,False
01019,25989,AL,9,2012-12,False,2012-12,False,2012-12,False,2012-12,False,2012-12,False,2012-12,False
01021,43643,AL,9,2012-12,False,2012-12,False,2013-06,False,2012-12,False,2012-12,False,2013-06,False
01023,13859,AL,9,2013-12,False,2013-12,False,2013-12,False,2013-12,False,2013-12,False,2013-12,False
01025,25833,AL,9,2013-06,False,2013-06,False,2013-06,False,2013-06,False,2013-06,False,2013-06,False
01027,13932,AL,9,2013-06,False,2013-06,False,2013-06,False,2013-06,False,2013-06,False,2013-06,False
01029,14972,AL,9,2012-12,False,2012-12,False,2013-06,False,2012-12,False,2012-12,False,2013-06,False
01031,49948,AL,9,2012-06,False,2012-06,False,2012-06,False,2012-06,False,2012-06,False,2012-06,False
01033,54428,AL,9,2010-12,False,2010-12,False,2012-06,False,2012-06,False,2012-06,False,2012-06,False
01035,13228,AL,9,2012-12,False,2012-12,False,2013-06,False,2012-12,False,2012-12,False,2013-06,False
01037,11539,AL,9,2012-12,False,2013-06,False,2013-06,False,2012-12,False,2013-06,False,2013-06,False
01039,37765,AL,9,2012-06,False,2012-06,False,2012-06,False,2012-06,False,2012-06,False,2012-06,False
01041,13906,AL,9,2012-06,False,2012-06,False,2012-06,False,2012-06,False,2012-06,False,2012-06,False
01043,80406,AL,9,2011-12,False,2011-12,False,2011-12,False,2011-12,False,2011-12,False,2011-12,False
01045,50251,AL,9,2012-06,False,2012-06,False,2012-06,False,2012-06,False,2012-06,False,2012-06,False
01047,43820,AL,9,2012-12,False,2012-12,False,2012-12,False,2012-12,False,2012-12,False,2012-12,False
01049,71109,AL,9,2012-12,False,2012-12,False,2012-12,False,2012-12,False,2012-12,False,2012-12,False
01051,79303,AL,9,2011-06,False,2011-06,False,2011-06,False,2011-06,False,2011-06,False,2011-06,False
01053,38319,AL,9,2013-06,False,2013-06,False,2013-06,False,2013-06,False,2013-06,False,2013-06,False
01055,104430,AL,9,2011-12,False,2012-06,False,2012-06,False,2012-12,False,2012-12,False,2012-12,False
01057,17241,AL,9,2013-12,False,2014-06,False,2014-06,False,2013-12,False,2014-06,False,2014-06,False
01059,31704,AL,9,2012-06,False,2012-06,False,2013-06,False,2012-06,False,2012-06,False,2013-06,False
01061,26790,AL,9,2012-06,False,2012-06,False,2012-06,False,2012-06,False,2012-06,False,2012-06,False
01063,9045,AL,9,2013-06,False,2013-06,False,2013-06,False,2013-06,False,2013-06,False,2013-06,False
01065,15760,AL,9,2012-12,False,2013-06,False,2013-06,False,2012-12,False,2013-06,False,2013-06,False
01067,17302,AL,9,2012-06,False,2012-06,False,2013-06,False,2012-06,False,2012-06,False,2013-06,False
01069,101547,AL,9,2012-06,False,2012-06,False,2012-06,False,2012-06,False,2012-06,False,2012-06,False
01071,53227,AL,9,2012-12,False,2013-06,False,2013-12,False,2012-12,False,2013-06,False,2013-12,False
01073,658466,AL,9,2010-12,False,2010-12,False,2010-12,False,2011-12,False,2011-12,False,2011-12,False
01075,14564,AL,9,2013-12,False,2014-06,False,2014-06,False,2013-12,False,2014-06,False,2014-06,False
01077,92709,AL,9,2010-12,False,2011-12,False,2012-06,False,2012-06,False,2012-06,False,2012-06,False
01079,34339,AL,9,2011-06,False,2011-06,False,2012-06,False,2011-06,False,2011-06,False,2012-06,False
01081,140247,AL,9,2011-06,False,2011-06,False,2011-12,False,2011-06,False,2011-06,False,2011-12,False
01083,82782,AL,9,2011-06,False,2011-06,False,2011-06,False,2011-06,False,2011-06,False,2011-06,False
01085,11299,AL,9,2012-06,False,2012-06,False,2013-06,False,2012-06,False,2012-06,False,2013-06,False
01087,21452,AL,9,2011-06,False,2011-06,False,2011-06,False,2011-06,False,2011-06,False,2011-06,False
01089,334811,AL,9,2010-12,False,2010-12,False,2010-12,False,2011-06,False,2011-06,False,2011-06,False
01091,21027,AL,9,2013-06,False,2013-06,False,2013-06,False,2013-06,False,2013-06,False,2013-06,False
01093,30776,AL,9,2013-12,False,2013-12,False,2014-06,False,2013-12,False,2013-12,False,2014-06,False
01095,93019,AL,9,2012-06,False,2012-06,False,2012-06,False,2012-06,False,2012-06,False,2012-06,False
01097,412992,AL,9,2011-06,False,2011-06,False,2011-12,False,2011-12,False,2011-12,False,2011-12,False
01099,23068,AL,9,2013-06,False,2013-06,False,2013-06,False,2013-06,False,2013-06,False,2013-06,False
01101,229363,AL,9,2010-12,False,2010-12,False,2010-12,False,2011-06,False,2011-06,False,2011-06,False
01103,119490,AL,9,2010-12,False,2010-12,False,2011-12,False,2011-06,False,2011-06,False,2011-12,False
01105,10591,AL,9,2012-12,False,2012-12,False,2013-12,False,2012-12,False,2012-12,False,2013-12,False
01107,19746,AL,9,2013-12,False,2013-12,False,2013-12,False,2013-12,False,2013-12,False,2013-12,False
01109,32899,AL,9,2011-06,False,2011-06,False,2011-06,False,2011-06,False,2011-06,False,2011-06,False
01111,22913,AL,9,2013-06,False,2013-06,False,2013-06,False,2013-06,False,2013-06,False,2013-06,False
01113,52947,AL,9,2010-12,False,2010-12,False,2012-06,False,2011-06,False,2011-06,False,2012-06,False
01115,83593,AL,9,2011-12,False,2011-12,False,2011-12,False,2011-12,False,2011-12,False,2011-12,False
01117,195085,AL,9,2010-12,False,2010-12,False,2011-12,False,2011-12,False,2011-12,False,2011-12,False
01119,13763,AL,9,2013-06,False,2013-06,False,2013-06,False,2013-06,False,2013-06,False,2013-06,False
01121,82291,AL,9,2011-12,False,2012-06,False,2012-12,False,2011-12,False,2012-06,False,2012-12,False
01123,41616,AL,9,2013-06,False,2013-06,False,2013-06,False,2013-06,False,2013-06,False,2013-06,False
01125,194656,AL,9,2010-12,False,2010-12,False,2010-12,False,2012-06,False,2012-06,False,2012-12,False
01127,67023,AL,9,2011-12,False,2011-12,False,2011-12,False,2011-12,False,2011-12,False,2011-12,False
01129,17581,AL,9,2013-06,False,2013-06,False,2013-12,False,2013-06,False,2013-06,False,2013-12,False
01131,11670,AL,9,2012-12,False,2012-12,False,2013-12,False,2012-12,False,2012-12,False,2013-12,False
01133,24484,AL,9,2012-06,False,2014-06,False,2014-06,False,2012-06,False,2014-06,False,2014-06,False
02013,3141,AK,9,,True,,True,,True,,True,,True,,True
02016,5561,AK,9,,True,,True,,True,,True,,True,,True
02020,291826,AK,9,2012-12,False,2012-12,False,2012-12,False,2012-12,False,2012-12,False,2012-12,False
02050,17013,AK,9,,True,,True,,True,,True,,True,,True
02060,997,AK,9,,True,,True,,True,,True,,True,,True
02068,1826,AK,9,,True,,True,,True,,True,,True,,True
02070,4847,AK,9,,True,,True,,True,,True,,True,,True
02090,97581,AK,9,2013-06,False,2013-06,False,2013-06,False,2013-06,False,2013-06,False,2013-06,False
02100,2508,AK,9,,True,,True,,True,,True,,True,,True
02105,2150,AK,7,,True,,True,,True,,True,,True,,True
02110,31275,AK,9,2012-12,False,2012-12,False,2013-06,False,2012-12,False,2012-12,False,2013-06,False
02122,55400,AK,9,2013-12,False,2013-12,False,2014-06,False,2013-12,False,2013-12,False,2014-06,False
02130,13477,AK,9,2014-06,False,2014-06,False,2014-06,False,2014-06,False,2014-06,False,2014-06,False
02150,13592,AK,9,,True,,True,,True,,True,,True,,True
02164,1631,AK,9,,True,,True,,True,,True,,True,,True
02170,88995,AK,9,2012-12,False,2012-12,False,2012-12,False,2012-12,False,2012-12,False,2012-12,False
02180,9492,AK,9,,True,,True,,True,,True,,True,,True
02185,9430,AK,9,,True,,True,,True,,True,,True,,True
02188,7523,AK,9,,True,,True,,True,,True,,True,,True
02195,3815,AK,7,,True,,True,,True,,True,,True,,True
02198,5559,AK,7,2013-12,False,,True,,True,2013-12,False,,True,,True
02201,6146,AK,2,,True,,True,,True,,True,,True,,True
02220,8881,AK,9,,True,,True,,True,,True,,True,,True
02230,968,AK,7,,True,,True,,True,,True,,True,,True
02232,3436,AK,2,,True,,True,,True,,True,,True,,True
02240,7029,AK,9,,True,,True,,True,,True,,True,,True
02261,9636,AK,9,2013-12,False,2013-12,False,2014-06,False,2013-12,False,2013-12,False,2014-06,False
02270,7459,AK,9,,True,,True,,True,,True,,True,,True
02275,2369,AK,7,,True,,True,,True,,True,,True,,True
02280,6684,AK,2,,True,,True,,True,,True,,True,,True
02282,662,AK,9,,True,,True,,True,,True,,True,,True
02290,5588,AK,9,,True,,True,,True,,True,,True,,True
04001,71518,AZ,9,2014-06,False,,True,,True,2014-06,False,,True,,True
04003,131346,AZ,9,2011-06,False,2012-12,False,2012-12,False,2011-06,False,2012-12,False,2012-12,False
04005,134421,AZ,9,2010-12,False,2010-12,False,2013-06,False,2011-06,False,2011-06,False,2013-06,False
04007,53597,AZ,9,2012-12,False,2013-06,False,2013-06,False,2012-12,False,2013-06,False,2013-06,False
04009,37220,AZ,9,2013-06,False,2013-06,False,2013-06,False,2013-06,False,2013-06,False,2013-06,False
04011,8437,AZ,9,2013-12,False,2013-12,False,2013-12,False,2013-12,False,2013-12,False,2013-12,False
04012,20489,AZ,9,2013-06,False,2013-12,False,2013-12,False,2013-06,False,2013-12,False,2013-12,False
04013,3817117,AZ,9,2010-12,False,2010-12,False,2010-12,False,2010-12,False,2010-12,False,2010-12,False
04015,200186,AZ,9,2013-06,False,2013-12,False,2013-12,False,2013-06,False,2013-12,False,2013-12,False
04017,107449,AZ,9,2013-12,False,,True,,True,2013-12,False,,True,,True
04019,980263,AZ,9,2010-12,False,2010-12,False,2010-12,False,2011-06,False,2011-06,False,2011-06,False
04021,375770,AZ,9,2010-12,False,2012-06,False,2012-12,False,2010-12,False,2012-06,False,2012-12,False
04023,47420,AZ,9,2010-12,False,2011-06,False,2011-06,False,2011-06,False,2011-06,False,2011-06,False
04025,211033,AZ,9,2012-12,False,2012-12,False,2012-12,False,2012-12,False,2012-12,False,2012-12,False
04027,195751,AZ,9,2013-06,False,2013-06,False,2013-06,False,2013-06,False,2013-06,False,2013-06,False
05001,19019,AR,9,2012-12,False,2012-12,False,2012-12,False,2012-12,False,2012-12,False,2012-12,False
05003,21853,AR,9,2013-06,False,2013-06,False,2013-06,False,2013-06,False,2013-06,False,2013-06,False
05005,41513,AR,9,2012-12,False,2012-12,False,2012-12,False,2012-12,False,2012-12,False,2012-12,False
05007,221339,AR,9,2011-06,False,2011-06,False,2011-12,False,2011-06,False,2011-06,False,2012-06,False
05009,36903,AR,9,2012-06,False,2012-06,False,2012-06,False,2012-06,False,2012-06,False,2012-06,False
05011,11508,AR,9,2012-12,False,2012-12,False,2013-06,False,2012-12,False,2012-12,False,2013-06,False
05013,5368,AR,9,2012-12,False,2013-06,False,2013-06,False,2012-12,False,2013-06,False,2013-06,False
05015,27446,AR,9,2012-06,False,2012-06,False,2012-06,False,2012-06,False,2012-06,False,2012-06,False
05017,11800,AR,9,2012-12,False,2012-12,False,2012-12,False,2012-12,False,2012-12,False,2012-12,False
05019,22995,AR,9,2012-12,False,2012-12,False,2012-12,False,2012-12,False,2012-12,False,2012-12,False
05021,16083,AR,9,2013-06,False,2013-06,False,2013-06,False,2013-06,False,2013-06,False,2013-06,False
05023,25970,AR,9,2012-06,False,2012-06,False,2012-12,False,2012-06,False,2012-06,False,2012-12,False
05025,8689,AR,9,2012-12,False,2013-06,False,2013-06,False,2012-12,False,2013-06,False,2013-06,False
05027,24552,AR,9,2012-12,False,2012-12,False,2012-12,False,2012-12,False,2012-12,False,2012-12,False
05029,21273,AR,9,2011-12,False,2011-12,False,2011-12,False,2012-06,False,2012-06,False,2012-12,False
05031,96443,AR,9,2011-12,False,2011-12,False,2011-12,False,2012-06,False,2012-06,False,2012-06,False
05033,61948,AR,9,2011-12,False,2011-12,False,2011-12,False,2012-06,False,2012-06,False,2012-06,False
05035,50902,AR,9,2011-12,False,2011-12,False,2011-12,False,2012-06,False,2012-06,False,2012-06,False
05037,17870,AR,9,2012-12,False,2012-12,False,2012-12,False,2012-12,False,2012-12,False,2012-12,False
05039,8116,AR,9,2012-12,False,2012-12,False,2012-12,False,2012-12,False,2012-12,False,2012-12,False
05041,13008,AR,9,2012-12,False,2012-12,False,2012-12,False,2012-12,False,2012-12,False,2012-12,False
05043,18509,AR,9,2013-06,False,2013-06,False,2013-06,False,2013-06,False,2013-06,False,2013-06,False
05045,113237,AR,9,2011-12,False,2011-12,False,2011-12,False,2012-06,False,2012-06,False,2012-06,False
05047,18125,AR,9,2012-12,False,2012-12,False,2012-12,False,2012-12,False,2012-12,False,2012-12,False
05049,12245,AR,9,2013-06,False,2013-06,False,2013-06,False,2013-06,False,2013-06,False,2013-06,False
05051,96024,AR,9,2012-12,False,2012-12,False,2012-12,False,2012-12,False,2012-12,False,2012-12,False
05053,17853,AR,9,2012-12,False,2012-12,False,2013-06,False,2012-12,False,2012-12,False,2013-06,False
05055,42090,AR,9,2012-12,False,2012-12,False,2012-12,False,2012-12,False,2012-12,False,2012-12,False
05057,22609,AR,9,2012-12,False,2012-12,False,2012-12,False,2012-12,False,2012-12,False,2012-12,False
05059,32923,AR,9,2012-12,False,2012-12,False,2012-12,False,2012-12,False,2012-12,False,2012-12,False
05061,13789,AR,9,2012-12,False,2012-12,False,2013-06,False,2012-12,False,2012-12,False,2013-06,False
05063,36647,AR,9,2012-12,False,2012-12,False,2012-12,False,2012-12,False,2012-12,False,2012-12,False
05065,13696,AR,9,2013-06,False,2013-06,False,2013-06,False,2013-06,False,2013-06,False,2013-06,False
05067,17997,AR,9,2012-12,False,2012-12,False,2012-12,False,2012-12,False,2012-12,False,2012-12,False
05069,77435,AR,9,2012-06,False,2012-06,False,2012-06,False,2012-06,False,2012-06,False,2012-06,False
05071,25540,AR,9,2012-12,False,2012-12,False,2012-12,False,2012-12,False,2012-12,False,2012-12,False
05073,7645,AR,9,2013-06,False,2013-06,False,2013-06,False,2013-06,False,2013-06,False,2013-06,False
05075,17415,AR,9,2012-12,False,2012-12,False,2012-12,False,2012-12,False,2012-12,False,2012-12,False
05077,10424,AR,9,2012-12,False,2012-12,False,2012-12,False,2012-12,False,2012-12,False,2012-12,False
05079,14134,AR,9,2012-12,False,2012-12,False,2012-12,False,2012-12,False,2012-12,False,2012-12,False
05081,13171,AR,9,2012-12,False,2012-12,False,2012-12,False,2012-12,False,2012-12,False,2012-12,False
05083,22353,AR,9,2013-06,False,2013-06,False,2013-06,False,2013-06,False,2013-06,False,2013-06,False
05085,68356,AR,9,2012-06,False,2012-06,False,2012-12,False,2012-06,False,2012-06,False,2012-12,False
05087,15717,AR,9,2011-12,False,2013-06,False,2013-12,False,2012-12,False,2013-06,False,2013-12,False
05089,16653,AR,9,2013-06,False,2013-06,False,2013-06,False,2013-06,False,2013-06,False,2013-06,False
05091,43462,AR,9,2012-12,False,2012-12,False,2012-12,False,2012-12,False,2012-12,False,2012-12,False
05093,46480,AR,9,2012-12,False,2012-12,False,2012-12,False,2012-12,False,2012-12,False,2012-12,False
05095,8149,AR,9,2012-12,False,2012-12,False,2013-06,False,2012-12,False,2012-12,False,2013-06,False
05097,9487,AR,9,2013-06,False,2013-06,False,2013-06,False,2013-06,False,2013-06,False,2013-06,False
05099,8997,AR,9,2012-12,False,2012-12,False,2012-12,False,2012-12,False,2012-12,False,2012-12,False
05101,8330,AR,9,2012-12,False,2013-06,False,2014-06,False,2012-12,False,2013-06,False,2014-06,False
05103,26120,AR,9,2012-12,False,2012-12,False,2012-12,False,2012-12,False,2012-12,False,2012-12,False
05105,10445,AR,9,2011-12,False,2013-06,False,2013-06,False,2012-12,False,2013-06,False,2013-06,False
05107,21757,AR,9,2013-06,False,2013-06,False,2013-06,False,2013-06,False,2013-06,False,2013-06,False
05109,11291,AR,9,2013-06,False,2013-06,False,2013-06,False,2013-06,False,2013-06,False,2013-06,False
05111,24583,AR,9,2011-12,False,2012-12,False,2012-12,False,2012-12,False,2012-12,False,2012-12,False
05113,20662,AR,9,2012-12,False,2012-12,False,2013-06,False,2012-12,False,2012-12,False,2013-06,False
05115,61754,AR,9,2012-12,False,2012-12,False,2012-12,False,2012-12,False,2012-12,False,2012-12,False
05117,8715,AR,9,2012-12,False,2012-12,False,2013-06,False,2012-12,False,2012-12,False,2013-06,False
05119,382748,AR,9,2011-12,False,2011-12,False,2011-12,False,2011-12,False,2011-12,False,2012-06,False
05121,17969,AR,9,2012-12,False,2013-06,False,2013-06,False,2012-12,False,2013-06,False,2013-06,False
05123,28258,AR,9,2012-12,False,2012-12,False,2012-12,False,2012-12,False,2012-12,False,2012-12,False
05125,107118,AR,9,2012-06,False,2012-06,False,2012-12,False,2012-06,False,2012-06,False,2012-12,False
05127,11233,AR,9,2013-06,False,2013-06,False,2013-06,False,2013-06,False,2013-06,False,2013-06,False
05129,8195,AR,9,2012-12,False,2012-12,False,2013-12,False,2012-12,False,2012-12,False,2013-12,False
05131,125744,AR,9,2011-12,False,2011-12,False,2011-12,False,2012-06,False,2012-06,False,2012-06,False
05133,17058,AR,9,2012-12,False,2012-12,False,2012-12,False,2012-12,False,2012-12,False,2012-12,False
05135,17264,AR,9,2013-06,False,2013-06,False,2013-06,False,2013-06,False,2013-06,False,2013-06,False
05137,12394,AR,9,2013-06,False,2013-06,False,2013-12,False,2013-06,False,2013-06,False,2013-12,False
05139,41639,AR,9,2012-12,False,2012-12,False,2012-12,False,2012-12,False,2012-12,False,2012-12,False
05141,17295,AR,9,2012-12,False,2012-12,False,2012-12,False,2012-12,False,2012-12,False,2012-12,False
05143,203065,AR,9,2011-06,False,2011-12,False,2011-12,False,2011-06,False,2011-12,False,2011-12,False
05145,77076,AR,9,2011-12,False,2011-12,False,2011-12,False,2012-06,False,2012-06,False,2012-06,False
05147,7260,AR,9,2012-12,False,2012-12,False,2013-06,False,2012-12,False,2012-12,False,2013-06,False
05149,22185,AR,9,2012-12,False,2013-06,False,2013-06,False,2012-12,False,2013-06,False,2013-06,False
06001,1510271,CA,9,2010-12,False,2010-12,False,2010-12,False,2011-06,False,2011-06,False,2011-06,False
06003,1175,CA,9,2012-06,False,2013-12,False,,True,2012-06,False,2013-12,False,,True
06005,38091,CA,9,2013-12,False,,True,,True,2013-12,False,,True,,True
06007,220000,CA,9,2011-06,False,2011-06,False,2012-12,False,2011-12,False,2011-12,False,2012-12,False
06009,45578,CA,9,2014-06,False,2014-06,False,,True,2014-06,False,2014-06,False,,True
06011,21419,CA,9,2013-06,False,2013-12,False,2013-12,False,2013-06,False,2013-12,False,2013-12,False
06013,1049025,CA,9,2010-12,False,2010-12,False,2010-12,False,2011-06,False,2011-06,False,2011-06,False
06015,28610,CA,9,2013-12,False,2013-12,False,2013-12,False,2013-12,False,2013-12,False,2013-12,False
06017,181058,CA,9,2010-12,False,2011-06,False,2011-12,False,2011-06,False,2011-06,False,2011-12,False
06019,930450,CA,9,2010-12,False,2010-12,False,2011-06,False,2011-06,False,2011-06,False,2011-06,False
06021,28122,CA,9,2011-12,False,2012-12,False,2012-12,False,2011-12,False,2012-12,False,2012-12,False
06023,134623,CA,9,2012-12,False,2012-12,False,2012-12,False,2012-12,False,2012-12,False,2012-12,False
06025,174528,CA,9,2011-12,False,2013-06,False,2013-06,False,2013-06,False,2013-06,False,2013-06,False
06027,18546,CA,9,2013-06,False,2013-06,False,2013-06,False,2013-06,False,2013-06,False,2013-06,False
06029,839631,CA,9,2011-12,False,2011-12,False,2011-12,False,2011-12,False,2011-12,False,2011-12,False
06031,152982,CA,9,2011-12,False,2012-06,False,2012-06,False,2011-12,False,2012-06,False,2012-06,False
06033,64665,CA,9,2012-12,False,2012-12,False,2013-06,False,2012-12,False,2012-12,False,2013-06,False
06035,34895,CA,9,2014-06,False,2014-06,False,2014-06,False,2014-06,False,2014-06,False,2014-06,False
06037,9818605,CA,9,2010-06,False,2010-06,False,2010-06,False,2011-06,False,2011-06,False,2011-06,False
06039,150865,CA,9,2010-12,False,2010-12,False,2011-12,False,2011-06,False,2011-06,False,2011-12,False
06041,252409,CA,9,2010-12,False,2010-12,False,2011-06,False,2011-06,False,2011-06,False,2011-06,False
06043,18251,CA,9,2013-12,False,,True,,True,2013-12,False,,True,,True
06045,87841,CA,9,2012-12,False,2012-12,False,2013-06,False,2012-12,False,2012-12,False,2013-06,False
06047,255793,CA,9,2010-12,False,2011-06,False,2011-12,False,2011-06,False,2011-06,False,2011-12,False
06049,9686,CA,9,2014-06,False,2014-06,False,2014-06,False,2014-06,False,2014-06,False,2014-06,False
06051,14202,CA,9,2013-06,False,2013-06,False,2013-12,False,2013-06,False,2013-06,False,2013-12,False
06053,415057,CA,9,2010-12,False,2010-12,False,2011-06,False,2011-06,False,2011-06,False,2011-06,False
06055,136484,CA,9,2010-12,False,2010-12,False,2011-06,False,2011-06,False,2011-06,False,2011-06,False
06057,98764,CA,9,2012-06,False,2012-06,False,2013-12,False,2012-06,False,2012-06,False,2013-12,False
06059,3010232,CA,9,2010-06,False,2010-06,False,2010-06,False,2011-06,False,2011-06,False,2011-06,False
06061,348432,CA,9,2010-12,False,2010-12,False,2010-12,False,2011-06,False,2011-06,False,2011-06,False
06063,20007,CA,9,2013-12,False,,True,,True,2013-12,False,,True,,True
06065,2189641,CA,9,2010-06,False,2010-06,False,2010-06,False,2011-06,False,2011-06,False,2011-06,False
06067,1418788,CA,9,2010-12,False,2010-12,False,2010-12,False,2011-06,False,2011-06,False,2011-06,False
06069,55269,CA,9,2011-06,False,2011-06,False,2011-06,False,2011-06,False,2011-06,False,2011-06,False
06071,2035210,CA,9,2010-06,False,2010-06,False,2011-12,False,2011-06,False,2011-06,False,2012-06,False
06073,3095313,CA,9,2010-12,False,2010-12,False,2010-12,False,2011-06,False,2011-06,False,2011-06,False
06075,805235,CA,9,2010-12,False,2010-12,False,2010-12,False,2011-06,False,2011-06,False,2011-06,False
06077,685306,CA,9,2010-12,False,2010-12,False,2011-12,False,2011-06,False,2011-12,False,2011-12,False
06079,269637,CA,9,2011-12,False,2011-12,False,2011-12,False,2011-12,False,2011-12,False,2011-12,False
06081,718451,CA,9,2010-12,False,2010-12,False,2010-12,False,2011-06,False,2011-06,False,2011-06,False
06083,423895,CA,9,2011-12,False,2011-12,False,2011-12,False,2011-12,False,2011-12,False,2011-12,False
06085,1781642,CA,9,2010-12,False,2010-12,False,2010-12,False,2011-06,False,2011-06,False,2011-06,False
06087,262382,CA,9,2011-06,False,2011-06,False,2011-06,False,2011-06,False,2011-06,False,2011-06,False
06089,177223,CA,9,2011-06,False,2011-06,False,2011-06,False,2011-12,False,2011-12,False,2011-12,False
06091,3240,CA,9,2013-12,False,2013-12,False,,True,2013-12,False,2013-12,False,,True
06093,44900,CA,9,2013-06,False,2013-12,False,2013-12,False,2013-06,False,2013-12,False,2013-12,False
06095,413344,CA,9,2010-12,False,2010-12,False,2010-12,False,2011-06,False,2011-06,False,2011-06,False
06097,483878,CA,9,2010-12,False,2010-12,False,2010-12,False,2011-06,False,2011-06,False,2011-06,False
06099,514453,CA,9,2011-12,False,2011-12,False,2011-12,False,2011-12,False,2011-12,False,2011-12,False
06101,94737,CA,9,2010-12,False,2010-12,False,2010-12,False,2011-06,False,2011-06,False,2011-06,False
06103,63463,CA,9,2012-12,False,2012-12,False,2012-12,False,2012-12,False,2012-12,False,2012-12,False
06105,13786,CA,9,2013-12,False,2013-12,False,,True,2013-12,False,2013-12,False,,True
06107,442179,CA,9,2010-12,False,2011-06,False,2012-06,False,2011-06,False,2011-06,False,2012-06,False
06109,55365,CA,9,2014-06,False,2014-06,False,2014-06,False,2014-06,False,2014-06,False,2014-06,False
06111,823318,CA,9,2010-06,False,2010-06,False,2010-06,False,2011-06,False,2011-06,False,2011-06,False
06113,200849,CA,9,2010-12,False,2010-12,False,2010-12,False,2011-06,False,2011-06,False,2011-06,False
06115,72155,CA,9,2010-12,False,2010-12,False,2011-06,False,2011-06,False,2011-06,False,2011-06,False
08001,441603,CO,9,2010-12,False,2010-12,False,2010-12,False,2011-12,False,2011-12,False,2011-12,False
08003,15445,CO,9,2012-06,False,2012-06,False,2012-12,False,2012-06,False,2012-06,False,2012-12,False
08005,572003,CO,9,2010-12,False,2010-12,False,2010-12,False,2011-12,False,2011-12,False,2011-12,False
08007,12084,CO,9,2013-12,False,2013-12,False,2013-12,False,2013-12,False,2013-12,False,2013-12,False
08009,3788,CO,9,2012-06,False,2012-06,False,2012-12,False,2012-06,False,2012-06,False,2012-12,False
08011,6499,CO,9,2012-06,False,2012-06,False,2012-06,False,2012-06,False,2012-06,False,2012-06,False
08013,294567,CO,9,2010-12,False,2010-12,False,2010-12,False,2011-12,False,2011-12,False,2012-06,False
08014,55889,CO,7,2011-06,False,2011-06,False,2011-06,False,2011-12,False,2011-12,False,2011-12,False
08015,17809,CO,9,2013-12,False,2013-12,False,2013-12,False,2013-12,False,2013-12,False,2013-12,False
08017,1836,CO,9,2013-06,False,2013-06,False,2013-06,False,2013-06,False,2013-06,False,2013-06,False
08019,9088,CO,9,2011-12,False,2013-12,False,2013-12,False,2012-06,False,2013-12,False,2013-12,False
08021,8256,CO,9,2012-06,False,2012-06,False,2012-12,False,2012-06,False,2012-06,False,2012-12,False
08023,3524,CO,9,2012-06,False,2012-12,False,2012-12,False,2012-06,False,2012-12,False,2012-12,False
08025,5823,CO,9,2012-06,False,2012-06,False,2012-06,False,2012-06,False,2012-06,False,2012-06,False
08027,4255,CO,9,2013-12,False,2013-12,False,,True,2013-12,False,2013-12,False,,True
08029,30952,CO,9,2013-06,False,2013-06,False,2013-12,False,2013-06,False,2013-06,False,2013-12,False
08031,600158,CO,9,2010-12,False,2010-12,False,2010-12,False,2011-12,False,2011-12,False,2011-12,False
08033,2064,CO,9,2012-12,False,2012-12,False,2012-12,False,2012-12,False,2012-12,False,2012-12,False
08035,285465,CO,9,2010-12,False,2010-12,False,2010-12,False,2011-12,False,2011-12,False,2011-12,False
08037,52197,CO,9,2012-12,False,2013-06,False,2013-12,False,2012-12,False,2013-06,False,2013-12,False
08039,23086,CO,9,2011-06,False,2013-06,False,2013-06,False,2013-06,False,2013-06,False,2013-06,False
08041,622263,CO,9,2010-12,False,2010-12,False,2010-12,False,2011-12,False,2011-12,False,2011-12,False
08043,46824,CO,9,2013-06,False,2013-12,False,2013-12,False,2013-12,False,2013-12,False,2013-12,False
08045,56389,CO,9,2012-12,False,2012-12,False,2013-12,False,2012-12,False,2012-12,False,2013-12,False
08047,5441,CO,9,2011-12,False,2013-12,False,2013-12,False,2012-12,False,2013-12,False,2013-12,False
08049,14843,CO,9,2013-12,False,2013-12,False,2013-12,False,2013-12,False,2013-12,False,2013-12,False
08051,15324,CO,9,2012-12,False,2012-12,False,2012-12,False,2012-12,False,2012-12,False,2012-12,False
08053,843,CO,9,2013-06,False,2013-06,False,,True,2013-06,False,2013-06,False,,True
08055,6711,CO,9,2012-06,False,2012-06,False,2012-12,False,2012-06,False,2012-06,False,2012-12,False
08057,1394,CO,9,2013-12,False,2013-12,False,2013-12,False,2013-12,False,2013-12,False,2013-12,False
08059,534543,CO,9,2010-12,False,2010-12,False,2010-12,False,2011-12,False,2011-12,False,2011-12,False
08061,1398,CO,9,2012-06,False,2012-06,False,2012-12,False,2012-06,False,2012-06,False,2012-12,False
08063,8270,CO,9,2013-06,False,2013-06,False,2013-06,False,2013-06,False,2013-06,False,2013-06,False
08065,7310,CO,9,2013-12,False,2013-12,False,2013-12,False,2013-12,False,2013-12,False,2013-12,False
08067,51334,CO,9,2013-06,False,2013-06,False,2013-06,False,2013-06,False,2013-06,False,2013-06,False
08069,299630,CO,9,2010-12,False,2010-12,False,2010-12,False,2011-12,False,2011-12,False,2011-12,False
08071,15507,CO,9,2013-12,False,2013-12,False,2013-12,False,2013-12,False,2013-12,False,2013-12,False
08073,5467,CO,9,2013-06,False,2013-06,False,2013-06,False,2013-06,False,2013-06,False,2013-06,False
08075,22709,CO,9,2010-12,False,2010-12,False,2010-12,False,2012-06,False,2012-06,False,2012-12,False
08077,146723,CO,9,2010-12,False,2010-12,False,2010-12,False,2012-06,False,2012-06,False,2012-06,False
08079,712,CO,9,2013-06,False,2013-06,False,2013-12,False,2013-06,False,2013-06,False,2013-12,False
08081,13795,CO,9,2013-12,False,2013-12,False,2013-12,False,2013-12,False,2013-12,False,2013-12,False
08083,25535,CO,9,2013-12,False,2013-12,False,2013-12,False,2013-12,False,2013-12,False,2013-12,False
08085,41276,CO,9,2012-12,False,2012-12,False,2012-12,False,2012-12,False,2012-12,False,2012-12,False
08087,28159,CO,9,2010-12,False,2010-12,False,2010-12,False,2012-06,False,2012-06,False,2012-06,False
08089,18831,CO,9,2012-06,False,2012-06,False,2012-06,False,2012-06,False,2012-06,False,2012-06,False
08091,4436,CO,9,2013-12,False,2013-12,False,2013-12,False,2013-12,False,2013-12,False,2013-12,False
08093,16206,CO,9,2012-12,False,2013-12,False,2013-12,False,2012-12,False,2013-12,False,2013-12,False
08095,4442,CO,9,2012-06,False,2012-06,False,2012-06,False,2012-06,False,2012-06,False,2012-06,False
08097,17148,CO,9,2011-12,False,2011-12,False,2013-06,False,2012-06,False,2012-06,False,2013-06,False
08099,12551,CO,9,2012-06,False,2012-06,False,2012-06,False,2012-06,False,2012-06,False,2012-06,False
08101,159063,CO,9,2010-12,False,2010-12,False,2010-12,False,2012-06,False,2012-06,False,2012-06,False
08103,6666,CO,9,2013-06,False,2013-12,False,2013-12,False,2013-06,False,2013-12,False,2013-12,False
08105,11982,CO,9,2012-06,False,2012-06,False,2012-06,False,2012-06,False,2012-06,False,2012-06,False
08107,23509,CO,9,2012-12,False,2012-12,False,2013-12,False,2012-12,False,2012-12,False,2013-12,False
08109,6108,CO,9,2012-06,False,2012-06,False,2012-12,False,2012-06,False,2012-06,False,2012-12,False
08111,699,CO,9,,True,,True,,True,,True,,True,,True
08113,7359,CO,9,2013-12,False,2013-12,False,2014-06,False,2013-12,False,2013-12,False,2014-06,False
08115,2379,CO,9,2012-06,False,2012-06,False,2012-06,False,2012-06,False,2012-06,False,2012-06,False
08117,27994,CO,9,2011-12,False,2011-12,False,2011-12,False,2012-06,False,2012-06,False,2012-12,False
08119,23350,CO,9,2012-06,False,2012-06,False,2013-06,False,2012-06,False,2012-06,False,2013-06,False
08121,4814,CO,9,2010-12,False,2010-12,False,2012-06,False,2012-06,False,2012-06,False,2012-06,False
08123,252825,CO,9,2010-12,False,2010-12,False,2010-12,False,2012-06,False,2012-06,False,2012-06,False
08125,10043,CO,9,2010-12,False,2010-12,False,2011-06,False,2012-06,False,2012-06,False,2012-12,False
09001,916829,CT,9,2010-12,False,2010-12,False,2010-12,False,2011-06,False,2011-06,False,2011-06,False
09003,894014,CT,9,2010-12,False,2010-12,False,2010-12,False,2011-06,False,2011-06,False,2011-06,False
09005,189927,CT,9,2011-06,False,2011-12,False,2011-12,False,2011-06,False,2011-12,False,2011-12,False
09007,165676,CT,9,2010-12,False,2011-06,False,2011-12,False,2011-06,False,2011-06,False,2011-12,False
09009,862477,CT,9,2010-12,False,2010-12,False,2010-12,False,2011-06,False,2011-06,False,2011-06,False
09011,274055,CT,9,2010-12,False,2011-06,False,2011-12,False,2011-12,False,2011-12,False,2011-12,False
09013,152691,CT,9,2010-12,False,2011-06,False,2011-12,False,2011-06,False,2011-12,False,2011-12,False
09015,118428,CT,9,2011-12,False,2011-12,False,2011-12,False,2011-12,False,2011-12,False,2011-12,False
10001,162310,DE,9,2011-12,False,2011-12,False,2011-12,False,2011-12,False,2011-12,False,2011-12,False
10003,538479,DE,9,2010-06,False,2010-06,False,2010-06,False,2010-12,False,2010-12,False,2011-12,False
10005,197145,DE,9,2012-06,False,2012-06,False,2012-06,False,2012-06,False,2012-06,False,2012-06,False
11001,601723,DC,9,2010-06,False,2010-06,False,2010-06,False,2010-12,False,2010-12,False,2010-12,False
12001,247336,FL,9,2010-12,False,2011-06,False,2011-06,False,2011-06,False,2011-06,False,2011-06,False
12003,27115,FL,9,2012-12,False,2013-06,False,2013-06,False,2013-06,False,2013-06,False,2013-06,False
12005,168852,FL,9,2011-06,False,2011-06,False,2011-12,False,2011-06,False,2011-06,False,2011-12,False
12007,28520,FL,9,2010-12,False,2010-12,False,2013-06,False,2011-06,False,2011-12,False,2013-06,False
12009,543376,FL,9,2010-12,False,2010-12,False,2011-06,False,2011-06,False,2011-06,False,2011-06,False
12011,1748066,FL,9,2010-12,False,2010-12,False,2010-12,False,2011-06,False,2011-06,False,2011-06,False
12013,14625,FL,9,2012-06,False,2012-06,False,2013-12,False,2012-06,False,2012-06,False,2013-12,False
12015,159978,FL,9,2011-06,False,2011-12,False,2011-12,False,2011-06,False,2011-12,False,2011-12,False
12017,141236,FL,9,2011-12,False,2012-12,False,2012-12,False,2012-06,False,2013-06,False,2013-06,False
12019,190865,FL,9,2010-12,False,2010-12,False,2010-12,False,2011-06,False,2011-06,False,2011-06,False
12021,321520,FL,9,2011-06,False,2011-12,False,2011-12,False,2011-06,False,2011-12,False,2011-12,False
12023,67531,FL,9,2012-06,False,2012-06,False,2012-06,False,2012-06,False,2012-06,False,2012-06,False
12027,34862,FL,9,2012-12,False,2012-12,False,2012-12,False,2013-06,False,2013-06,False,2013-06,False
12029,16422,FL,9,2012-06,False,2013-06,False,2013-06,False,2012-06,False,2013-06,False,2013-06,False
12031,864263,FL,9,2010-12,False,2010-12,False,2010-12,False,2011-06,False,2011-06,False,2011-06,False
12033,297619,FL,9,2011-06,False,2011-12,False,2011-12,False,2011-12,False,2011-12,False,2011-12,False
12035,95696,FL,9,2010-12,False,2010-12,False,2011-06,False,2011-06,False,2011-06,False,2011-06,False
12037,11549,FL,9,2012-12,False,2013-06,False,2013-06,False,2013-06,False,2013-06,False,2013-06,False
12039,46389,FL,9,2013-06,False,2013-06,False,2013-06,False,2013-06,False,2013-06,False,2013-06,False
12041,16939,FL,9,2012-06,False,2013-06,False,2013-06,False,2012-06,False,2013-06,False,2013-06,False
12043,12884,FL,9,2012-12,False,2013-06,False,2013-06,False,2013-06,False,2013-06,False,2013-06,False
12045,15863,FL,9,2012-06,False,2013-06,False,2013-12,False,2012-06,False,2013-06,False,2013-12,False
12047,14799,FL,9,2012-06,False,2012-06,False,2013-06,False,2012-06,False,2012-06,False,2013-06,False
12049,27731,FL,9,2012-06,False,2012-12,False,2012-12,False,2012-06,False,2013-06,False,2013-06,False
12051,39140,FL,9,2012-06,False,2012-12,False,2013-06,False,2013-06,False,2013-06,False,2013-06,False
12053,172778,FL,9,2010-06,False,2010-06,False,2011-06,False,2011-06,False,2011-06,False,2011-06,False
12055,98786,FL,9,2012-12,False,2013-06,False,2013-06,False,2013-06,False,2013-06,False,2013-06,False
12057,1229226,FL,9,2010-06,False,2010-06,False,2010-06,False,2011-06,False,2011-06,False,2011-06,False
12059,19927,FL,9,2012-06,False,2013-06,False,2013-06,False,2012-06,False,2013-06,False,2013-06,False
12061,138028,FL,9,2010-12,False,2010-12,False,2010-12,False,2011-06,False,2011-06,False,2011-06,False
12063,49746,FL,9,2012-06,False,2013-06,False,2013-12,False,2012-06,False,2013-06,False,2013-12,False
12065,14761,FL,9,2013-06,False,2013-06,False,2013-06,False,2013-06,False,2013-06,False,2013-06,False
12067,8870,FL,9,2013-06,False,2013-06,False,2013-06,False,2013-06,False,2013-06,False,2013-06,False
12069,297052,FL,9,2010-12,False,2010-12,False,2010-12,False,2011-06,False,2011-06,False,2011-06,False
12071,618754,FL,9,2010-12,False,2010-12,False,2011-06,False,2011-06,False,2011-06,False,2011-06,False
12073,275487,FL,9,2011-06,False,2011-06,False,2011-06,False,2011-06,False,2011-06,False,2011-06,False
12075,40801,FL,9,2012-06,False,2012-06,False,2012-06,False,2012-06,False,2012-06,False,2012-06,False
12077,8365,FL,9,2013-12,False,2013-12,False,2013-12,False,2013-12,False,2013-12,False,2013-12,False
12079,19224,FL,9,2012-06,False,2012-06,False,2013-06,False,2012-06,False,2012-06,False,2013-06,False
12081,322833,FL,9,2010-06,False,2010-06,False,2010-06,False,2011-06,False,2011-06,False,2011-06,False
12083,331298,FL,9,2010-12,False,2011-12,False,2012-06,False,2011-06,False,2011-12,False,2012-06,False
12085,146318,FL,9,2010-12,False,2010-12,False,2010-12,False,2011-06,False,2011-06,False,2011-06,False
12086,2496435,FL,9,2010-12,False,2010-12,False,2010-12,False,2011-06,False,2011-06,False,2011-06,False
12087,73090,FL,9,2010-12,False,2011-12,False,2012-06,False,2011-06,False,2011-12,False,2012-06,False
12089,73314,FL,9,2010-12,False,2010-12,False,2012-06,False,2011-06,False,2011-06,False,2012-06,False
12091,180822,FL,9,2011-12,False,2011-12,False,2011-12,False,2011-12,False,2011-12,False,2012-06,False
12093,39996,FL,9,2012-06,False,2012-06,False,2012-06,False,2012-06,False,2012-06,False,2012-06,False
12095,1145956,FL,9,2010-06,False,2010-06,False,2010-06,False,2011-06,False,2011-06,False,2011-06,False
12097,268685,FL,9,2010-06,False,2010-06,False,2010-06,False,2011-06,False,2011-06,False,2011-06,False
12099,1320134,FL,9,2010-12,False,2010-12,False,2010-12,False,2011-06,False,2011-06,False,2011-06,False
12101,464697,FL,9,2010-06,False,2010-06,False,2010-06,False,2011-06,False,2011-06,False,2011-06,False
12103,916542,FL,9,2010-06,False,2010-06,False,2010-06,False,2011-06,False,2011-06,False,2011-06,False
12105,602095,FL,9,2010-06,False,2010-12,False,2010-12,False,2011-06,False,2011-06,False,2011-06,False
12107,74364,FL,9,2010-12,False,2011-12,False,2013-06,False,2011-06,False,2013-06,False,2013-06,False
12109,190039,FL,9,2010-12,False,2010-12,False,2010-12,False,2011-06,False,2011-06,False,2011-06,False
12111,277789,FL,9,2010-12,False,2010-12,False,2010-12,False,2011-06,False,2011-06,False,2011-06,False
12113,151372,FL,9,2011-12,False,2011-12,False,2012-06,False,2011-12,False,2011-12,False,2012-06,False
12115,379448,FL,9,2010-12,False,2011-06,False,2011-12,False,2011-06,False,2011-06,False,2011-12,False
12117,422718,FL,9,2010-06,False,2010-06,False,2010-06,False,2011-06,False,2011-06,False,2011-06,False
12119,93420,FL,9,2010-12,False,2010-12,False,2011-06,False,2011-06,False,2011-06,False,2011-06,False
12121,41551,FL,9,2012-06,False,2012-06,False,2013-06,False,2012-06,False,2012-06,False,2013-06,False
12123,22570,FL,9,2013-12,False,2013-12,False,2013-12,False,2013-12,False,2013-12,False,2013-12,False
12125,15535,FL,9,2013-06,False,2013-06,False,2013-06,False,2013-06,False,2013-06,False,2013-06,False
12127,494593,FL,9,2010-12,False,2010-12,False,2010-12,False,2011-06,False,2011-06,False,2011-06,False
12129,30776,FL,9,2012-12,False,2013-06,False,2013-06,False,2012-12,False,2013-06,False,2013-06,False
12131,55043,FL,9,2011-12,False,2012-12,False,2012-12,False,2011-12,False,2013-06,False,2013-06,False
12133,24896,FL,9,2013-06,False,2013-06,False,2013-06,False,2013-06,False,2013-06,False,2013-06,False
13001,18236,GA,9,2013-06,False,2013-06,False,2013-12,False,2013-06,False,2013-06,False,2013-12,False
13003,8375,GA,9,2012-12,False,2012-12,False,2013-06,False,2012-12,False,2012-12,False,2013-06,False
13005,11096,GA,9,2013-06,False,2013-06,False,2013-06,False,2013-06,False,2013-06,False,2013-06,False
13007,3451,GA,9,2013-06,False,2013-06,False,2013-06,False,2013-06,False,2013-06,False,2013-06,False
13009,45720,GA,9,2010-12,False,2012-12,False,2012-12,False,2010-12,False,2012-12,False,2012-12,False
13011,18395,GA,9,2012-12,False,2012-12,False,2013-06,False,2012-12,False,2012-12,False,2013-06,False
13013,69367,GA,9,2010-12,False,2011-12,False,2011-12,False,2011-12,False,2012-06,False,2012-06,False
13015,100157,GA,9,2010-12,False,2010-12,False,2011-12,False,2011-12,False,2011-12,False,2012-06,False
13017,17634,GA,9,2013-06,False,2013-06,False,2013-06,False,2013-06,False,2013-06,False,2013-06,False
13019,19286,GA,9,2012-12,False,2012-12,False,2013-06,False,2012-12,False,2012-12,False,2013-06,False
13021,155547,GA,9,2010-12,False,2010-12,False,2011-12,False,2011-12,False,2011-12,False,2011-12,False
13023,13063,GA,9,2012-12,False,2012-12,False,2012-12,False,2012-12,False,2012-12,False,2012-12,False
13025,18411,GA,9,2012-12,False,2012-12,False,2012-12,False,2012-12,False,2012-12,False,2012-12,False
13027,16243,GA,9,2012-12,False,2012-12,False,2012-12,False,2012-12,False,2012-12,False,2012-12,False
13029,30233,GA,9,2011-12,False,2011-12,False,2011-12,False,2011-12,False,2011-12,False,2011-12,False
13031,70217,GA,9,2012-12,False,2012-12,False,2012-12,False,2012-12,False,2012-12,False,2012-12,False
13033,23316,GA,9,2011-12,False,2012-06,False,2013-06,False,2011-12,False,2012-06,False,2013-06,False
13035,23655,GA,9,2011-12,False,2012-06,False,2012-06,False,2012-06,False,2012-06,False,2012-06,False
13037,6694,GA,9,2013-06,False,2013-06,False,2013-06,False,2013-06,False,2013-06,False,2013-06,False
13039,50513,GA,9,2013-06,False,2013-06,False,2013-06,False,2013-06,False,2013-06,False,2013-06,False
13043,10998,GA,9,2012-12,False,2012-12,False,2012-12,False,2012-12,False,2012-12,False,2012-12,False
13045,110527,GA,9,2011-12,False,2012-06,False,2012-06,False,2012-06,False,2012-06,False,2012-06,False
13047,63942,GA,9,2011-12,False,2011-12,False,2011-12,False,2011-12,False,2011-12,False,2011-12,False
13049,12171,GA,9,2012-12,False,2013-06,False,2013-06,False,2012-12,False,2013-06,False,2013-06,False
13051,265128,GA,9,2010-12,False,2010-12,False,2011-12,False,2011-12,False,2011-12,False,2011-12,False
13053,11267,GA,9,2010-12,False,2011-12,False,2012-06,False,2011-12,False,2011-12,False,2012-06,False
13055,26015,GA,9,2013-06,False,2013-06,False,2013-06,False,2013-06,False,2013-06,False,2013-06,False
13057,214346,GA,9,2010-06,False,2010-06,False,2010-12,False,2010-12,False,2010-12,False,2011-12,False
13059,116714,GA,9,2010-12,False,2010-12,False,2010-12,False,2010-12,False,2010-12,False,2010-12,False
13061,3183,GA,9,2013-06,False,2013-06,False,2013-06,False,2013-06,False,2013-06,False,2013-06,False
13063,259424,GA,9,2010-06,False,2010-06,False,2010-06,False,2010-12,False,2010-12,False,2010-12,False
13065,6798,GA,9,2012-12,False,2012-12,False,2012-12,False,2012-12,False,2012-12,False,2012-12,False
13067,688078,GA,9,2010-06,False,2010-06,False,2010-06,False,2010-12,False,2010-12,False,2010-12,False
13069,42356,GA,9,2012-12,False,2012-12,False,2012-12,False,2012-12,False,2012-12,False,2012-12,False
13071,45498,GA,9,2012-12,False,2012-12,False,2012-12,False,2012-12,False,2012-12,False,2012-12,False
13073,124053,GA,9,2010-12,False,2010-12,False,2011-06,False,2011-06,False,2011-06,False,2011-06,False
13075,17212,GA,9,2012-12,False,2012-12,False,2012-12,False,2012-12,False,2012-12,False,2012-12,False
13077,127317,GA,9,2010-12,False,2010-12,False,2011-12,False,2011-12,False,2011-12,False,2012-06,False
13079,12630,GA,9,2012-06,False,2012-12,False,2012-12,False,2012-06,False,2012-12,False,2012-12,False
13081,23439,GA,9,2012-12,False,2012-12,False,2012-12,False,2012-12,False,2012-12,False,2012-12,False
13083,16633,GA,9,2011-12,False,2011-12,False,2011-12,False,2011-12,False,2011-12,False,2011-12,False
13085,22330,GA,9,2010-12,False,2011-12,False,2012-12,False,2011-12,False,2012-06,False,2012-12,False
13087,27842,GA,9,2012-12,False,2012-12,False,2012-12,False,2012-12,False,2012-12,False,2012-12,False
13089,691893,GA,9,2010-06,False,2010-06,False,2010-06,False,2010-12,False,2010-12,False,2010-12,False
13091,21796,GA,9,2012-12,False,2012-12,False,2012-12,False,2012-12,False,2012-12,False,2012-12,False
13093,14918,GA,9,2012-12,False,2012-12,False,2012-12,False,2012-12,False,2012-12,False,2012-12,False
13095,94565,GA,9,2010-12,False,2010-12,False,2010-12,False,2011-12,False,2011-12,False,2011-12,False
13097,132403,GA,9,2010-06,False,2010-06,False,2010-06,False,2010-12,False,2010-12,False,2010-12,False
13099,11008,GA,9,2013-06,False,2013-06,False,2013-06,False,2013-06,False,2013-06,False,2013-06,False
13101,4034,GA,9,2012-12,False,2012-12,False,2012-12,False,2012-12,False,2012-12,False,2012-12,False
13103,52250,GA,9,2011-12,False,2011-12,False,2011-12,False,2011-12,False,2011-12,False,2011-12,False
13105,20166,GA,9,2013-06,False,2013-06,False,2013-06,False,2013-06,False,2013-06,False,2013-06,False
13107,22598,GA,9,2012-12,False,2012-12,False,2012-12,False,2012-12,False,2012-12,False,2012-12,False
13109,11000,GA,9,2012-12,False,2012-12,False,2012-12,False,2012-12,False,2012-12,False,2012-12,False
13111,23682,GA,9,2012-12,False,2012-12,False,2012-12,False,2012-12,False,2012-12,False,2012-12,False
13113,106567,GA,9,2010-06,False,2010-12,False,2010-12,False,2010-12,False,2010-12,False,2010-12,False
13115,96317,GA,9,2012-06,False,2012-06,False,2012-06,False,2012-06,False,2012-06,False,2012-06,False
13117,175511,GA,9,2010-06,False,2010-06,False,2010-06,False,2010-12,False,2010-12,False,2011-12,False
13119,22084,GA,9,2013-06,False,2013-06,False,2013-06,False,2013-06,False,2013-06,False,2013-06,False
13121,920581,GA,9,2010-06,False,2010-06,False,2010-06,False,2010-12,False,2010-12,False,2010-12,False
13123,28292,GA,9,2012-12,False,2012-12,False,2012-12,False,2012-12,False,2012-12,False,2012-12,False
13125,3082,GA,9,2013-06,False,2013-06,False,2013-06,False,2013-06,False,2013-06,False,2013-06,False
13127,79626,GA,9,2011-12,False,2011-12,False,2011-12,False,2011-12,False,2011-12,False,2012-06,False
13129,55186,GA,9,2012-06,False,2012-06,False,2012-06,False,2012-06,False,2012-06,False,2012-06,False
13131,25011,GA,9,2012-12,False,2012-12,False,2012-12,False,2012-12,False,2012-12,False,2012-12,False
13133,15994,GA,9,2012-12,False,2013-06,False,2013-06,False,2013-06,False,2013-06,False,2013-06,False
13135,805321,GA,9,2010-06,False,2010-06,False,2010-06,False,2010-12,False,2010-12,False,2010-12,False
13137,43041,GA,9,2012-12,False,2013-06,False,2013-06,False,2012-12,False,2013-06,False,2013-06,False
13139,179684,GA,9,2010-12,False,2010-12,False,2011-12,False,2011-12,False,2011-12,False,2011-12,False
13141,9429,GA,9,2013-06,False,2013-06,False,2013-06,False,2013-06,False,2013-06,False,2013-06,False
13143,28780,GA,9,2012-06,False,2012-06,False,2012-12,False,2012-06,False,2012-06,False,2012-12,False
13145,32024,GA,9,2012-06,False,2012-06,False,2012-06,False,2012-06,False,2012-06,False,2012-06,False
13147,25213,GA,9,2012-06,False,2012-06,False,2012-06,False,2012-06,False,2012-06,False,2012-06,False
13149,11834,GA,9,2012-06,False,2012-12,False,2013-06,False,2012-06,False,2012-12,False,2013-06,False
13151,203922,GA,9,2010-06,False,2010-06,False,2010-12,False,2010-12,False,2010-12,False,2010-12,False
13153,139900,GA,9,2010-12,False,2010-12,False,2011-12,False,2011-12,False,2011-12,False,2012-06,False
13155,9538,GA,9,2013-06,False,2013-06,False,2013-06,False,2013-06,False,2013-06,False,2013-06,False
13157,60485,GA,9,2010-12,False,2011-12,False,2012-12,False,2010-12,False,2012-06,False,2012-12,False
13159,13900,GA,9,2012-06,False,2013-06,False,2013-06,False,2012-06,False,2013-06,False,2013-06,False
13161,15068,GA,9,2013-06,False,2013-06,False,2013-06,False,2013-06,False,2013-06,False,2013-06,False
13163,16930,GA,9,2013-06,False,2013-06,False,2013-06,False,2013-06,False,2013-06,False,2013-06,False
13165,8340,GA,9,2013-06,False,2013-06,False,2013-06,False,2013-06,False,2013-06,False,2013-06,False
13167,9980,GA,9,2013-06,False,2013-06,False,2013-06,False,2013-06,False,2013-06,False,2013-06,False
13169,28669,GA,9,2012-06,False,2012-06,False,2012-12,False,2012-06,False,2012-06,False,2012-12,False
13171,18317,GA,9,2012-06,False,2012-06,False,2012-06,False,2012-06,False,2012-06,False,2012-06,False
13173,10078,GA,9,2012-12,False,2012-12,False,2012-12,False,2012-12,False,2012-12,False,2012-12,False
13175,48434,GA,9,2012-12,False,2012-12,False,2012-12,False,2012-12,False,2012-12,False,2012-12,False
13177,28298,GA,9,2010-12,False,2011-12,False,2012-12,False,2012-12,False,2012-12,False,2012-12,False
13179,63453,GA,9,2011-12,False,2011-12,False,2011-12,False,2011-12,False,2011-12,False,2011-12,False
13181,7996,GA,9,2012-06,False,2013-06,False,2013-06,False,2012-06,False,2013-06,False,2013-06,False
13183,14464,GA,9,2011-12,False,2011-12,False,2012-12,False,2011-12,False,2011-12,False,2012-12,False
13185,109233,GA,9,2010-12,False,2010-12,False,2011-12,False,2011-12,False,2011-12,False,2012-12,False
13187,29966,GA,9,2012-12,False,2012-12,False,2012-12,False,2012-12,False,2012-12,False,2012-12,False
13189,21875,GA,9,2011-06,False,2012-06,False,2012-06,False,2011-06,False,2012-06,False,2012-06,False
13191,14333,GA,9,2012-12,False,2012-12,False,2012-12,False,2012-12,False,2012-12,False,2012-12,False
13193,14740,GA,9,2012-12,False,2012-12,False,2012-12,False,2012-12,False,2012-12,False,2012-12,False
13195,28120,GA,9,2010-12,False,2011-06,False,2013-06,False,2010-12,False,2011-06,False,2013-06,False
13197,8742,GA,9,2012-12,False,2012-12,False,2012-12,False,2012-12,False,2012-12,False,2012-12,False
13199,21992,GA,9,2012-12,False,2012-12,False,2013-06,False,2012-12,False,2012-12,False,2013-06,False
13201,6125,GA,9,2013-06,False,2013-06,False,2013-06,False,2013-06,False,2013-06,False,2013-06,False
13205,23498,GA,9,2012-12,False,2012-12,False,2012-12,False,2012-12,False,2012-12,False,2012-12,False
13207,26424,GA,9,2012-06,False,2012-12,False,2012-12,False,2012-06,False,2012-12,False,2012-12,False
13209,9123,GA,9,2012-12,False,2013-06,False,2013-06,False,2012-12,False,2013-06,False,2013-06,False
13211,17868,GA,9,2012-12,False,2012-12,False,2012-12,False,2012-12,False,2012-12,False,2013-06,False
13213,39628,GA,9,2012-12,False,2012-12,False,2013-06,False,2012-12,False,2012-12,False,2013-06,False
13215,189885,GA,9,2010-12,False,2011-12,False,2011-12,False,2011-12,False,2011-12,False,2011-12,False
13217,99958,GA,9,2010-12,False,2010-12,False,2011-12,False,2011-06,False,2011-06,False,2012-06,False
13219,32808,GA,9,2010-12,False,2010-12,False,2010-12,False,2010-12,False,2010-12,False,2010-12,False
13221,14899,GA,9,2010-12,False,2011-06,False,2013-06,False,2010-12,False,2011-06,False,2013-06,False
13223,142324,GA,9,2010-06,False,2010-12,False,2011-12,False,2010-12,False,2011-12,False,2011-12,False
13225,27695,GA,9,2012-06,False,2012-06,False,2012-06,False,2012-06,False,2012-06,False,2012-06,False
13227,29431,GA,9,2012-12,False,2012-12,False,2013-06,False,2012-12,False,2012-12,False,2013-06,False
13229,18758,GA,9,2012-12,False,2012-12,False,2012-12,False,2012-12,False,2012-12,False,2012-12,False
13231,17869,GA,9,2012-06,False,2012-12,False,2012-12,False,2012-06,False,2012-12,False,2012-12,False
13233,41475,GA,9,2012-06,False,2012-06,False,2012-06,False,2012-06,False,2012-06,False,2012-06,False
13235,12010,GA,9,2012-12,False,2012-12,False,2012-12,False,2012-12,False,2012-12,False,2012-12,False
13237,21218,GA,9,2012-12,False,2012-12,False,2012-12,False,2012-12,False,2012-12,False,2012-12,False
13239,2513,GA,9,2013-06,False,2013-06,False,2013-06,False,2013-06,False,2013-06,False,2013-06,False
13241,16276,GA,9,2013-06,False,2013-06,False,2013-12,False,2013-06,False,2013-06,False,2013-12,False
13243,7719,GA,9,2013-06,False,2013-06,False,2013-06,False,2013-06,False,2013-06,False,2013-06,False
13245,200549,GA,9,2010-12,False,2011-06,False,2011-06,False,2011-06,False,2011-06,False,2011-06,False
13247,85215,GA,9,2010-12,False,2010-12,False,2010-12,False,2010-12,False,2010-12,False,2010-12,False
13249,5010,GA,9,2012-12,False,2012-12,False,2012-12,False,2012-12,False,2012-12,False,2012-12,False
13251,14593,GA,9,2013-06,False,2013-06,False,2013-06,False,2013-06,False,2013-06,False,2013-06,False
13253,8729,GA,9,2013-06,False,2013-06,False,2013-06,False,2013-06,False,2013-06,False,2013-06,False
13255,64073,GA,9,2011-12,False,2011-12,False,2011-12,False,2011-12,False,2011-12,False,2012-06,False
13257,26175,GA,9,2013-06,False,2013-06,False,2013-06,False,2013-06,False,2013-06,False,2013-06,False
13259,6058,GA,9,2012-06,False,2013-06,False,2013-06,False,2012-06,False,2013-06,False,2013-06,False
13261,32819,GA,9,2012-12,False,2012-12,False,2012-12,False,2012-12,False,2012-12,False,2012-12,False
13263,6865,GA,9,2012-12,False,2012-12,False,2012-12,False,2012-12,False,2012-12,False,2012-12,False
13265,1717,GA,9,2013-06,False,2013-06,False,2013-06,False,2013-06,False,2013-06,False,2013-06,False
13267,25520,GA,9,2012-12,False,2012-12,False,2012-12,False,2012-12,False,2012-12,False,2012-12,False
13269,8906,GA,9,2012-12,False,2012-12,False,2012-12,False,2012-12,False,2012-12,False,2012-12,False
13271,16500,GA,9,2013-06,False,2013-06,False,2013-06,False,2013-06,False,2013-06,False,2013-06,False
13273,9315,GA,9,2012-12,False,2013-06,False,2013-06,False,2012-12,False,2013-06,False,2013-06,False
13275,44720,GA,9,2012-12,False,2012-12,False,2012-12,False,2012-12,False,2012-12,False,2012-12,False
13277,40118,GA,9,2012-12,False,2012-12,False,2012-12,False,2012-12,False,2012-12,False,2012-12,False
13279,27223,GA,9,2012-12,False,2012-12,False,2012-12,False,2012-12,False,2012-12,False,2012-12,False
13281,10471,GA,9,2013-06,False,2013-06,False,2013-06,False,2013-06,False,2013-06,False,2013-06,False
13283,6885,GA,9,2012-12,False,2012-12,False,2012-12,False,2012-12,False,2012-12,False,2012-12,False
13285,67044,GA,9,2010-12,False,2010-12,False,2012-06,False,2011-12,False,2011-12,False,2012-06,False
13287,8930,GA,9,2012-12,False,2012-12,False,2012-12,False,2012-12,False,2012-12,False,2012-12,False
13289,9023,GA,9,2012-12,False,2012-12,False,2013-06,False,2012-12,False,2012-12,False,2013-06,False
13291,21356,GA,9,2013-06,False,2013-06,False,2013-06,False,2013-06,False,2013-06,False,2013-06,False
13293,27153,GA,9,2012-12,False,2012-12,False,2012-12,False,2012-12,False,2012-12,False,2012-12,False
13295,68756,GA,9,2011-12,False,2011-12,False,2012-12,False,2011-12,False,2011-12,False,2012-12,False
13297,83768,GA,9,2010-12,False,2011-12,False,2011-12,False,2011-12,False,2011-12,False,2012-06,False
13299,36312,GA,9,2012-12,False,2012-12,False,2012-12,False,2012-12,False,2012-12,False,2012-12,False
13301,5834,GA,9,2012-06,False,2012-12,False,2012-12,False,2012-06,False,2012-12,False,2012-12,False
13303,21187,GA,9,2013-06,False,2013-06,False,2013-06,False,2013-06,False,2013-06,False,2013-06,False
13305,30099,GA,9,2013-06,False,2013-06,False,2013-06,False,2013-06,False,2013-06,False,2013-06,False
13307,2799,GA,9,2012-06,False,2012-12,False,2012-12,False,2012-06,False,2012-12,False,2012-12,False
13309,7421,GA,9,2013-06,False,2013-06,False,2013-06,False,2013-06,False,2013-06,False,2013-06,False
13311,27144,GA,9,2012-12,False,2012-12,False,2012-12,False,2012-12,False,2012-12,False,2012-12,False
13313,102599,GA,9,2012-12,False,2012-12,False,2012-12,False,2012-12,False,2012-12,False,2012-12,False
13315,9255,GA,9,2013-06,False,2013-06,False,2013-06,False,2013-06,False,2013-06,False,2013-06,False
13317,10593,GA,9,2013-06,False,2013-06,False,2013-12,False,2013-06,False,2013-06,False,2013-12,False
13319,9563,GA,9,2012-12,False,2012-12,False,2012-12,False,2012-12,False,2012-12,False,2012-12,False
13321,21679,GA,9,2012-12,False,2012-12,False,2012-12,False,2012-12,False,2012-12,False,2012-12,False
15001,185079,HI,9,2012-06,False,2012-06,False,2012-06,False,2012-06,False,2012-06,False,2012-06,False
15003,953207,HI,9,2010-12,False,2011-06,False,2011-06,False,2011-06,False,2011-06,False,2011-06,False
15005,90,HI,9,,True,,True,,True,,True,,True,,True
15007,67091,HI,9,2012-06,False,2012-06,False,2012-12,False,2012-06,False,2012-06,False,2012-12,False
15009,154834,HI,9,2011-06,False,2011-06,False,2011-06,False,2011-06,False,2011-06,False,2011-06,False
16001,392365,ID,9,2010-12,False,2010-12,False,2010-12,False,2011-06,False,2011-06,False,2011-06,False
16003,3976,ID,9,2012-12,False,2012-12,False,2013-12,False,2012-12,False,2012-12,False,2013-12,False
16005,82839,ID,9,2012-06,False,2012-12,False,2012-12,False,2012-12,False,2012-12,False,2012-12,False
16007,5986,ID,9,2013-06,False,2013-06,False,2013-06,False,2013-06,False,2013-06,False,2013-06,False
16009,9285,ID,9,2011-12,False,2011-12,False,,True,2011-12,False,2011-12,False,,True
16011,45607,ID,9,2012-06,False,2012-06,False,2012-06,False,2012-06,False,2012-06,False,2012-06,False
16013,21376,ID,9,2012-12,False,2012-12,False,2012-12,False,2012-12,False,2012-12,False,2012-12,False
16015,7028,ID,9,2013-06,False,,True,,True,2013-06,False,,True,,True
16017,40877,ID,9,2011-12,False,2011-12,False,2011-12,False,2011-12,False,2011-12,False,2011-12,False
16019,104234,ID,9,2012-06,False,2012-06,False,2012-06,False,2012-12,False,2012-12,False,2012-12,False
16021,10972,ID,9,2012-06,False,2012-06,False,2013-06,False,2012-06,False,2012-06,False,2013-06,False
16023,2891,ID,9,2013-06,False,2013-06,False,2013-12,False,2013-06,False,2013-06,False,2013-12,False
16025,1117,ID,9,2013-12,False,2013-12,False,2013-12,False,2013-12,False,2013-12,False,2013-12,False
16027,188923,ID,9,2010-12,False,2010-12,False,2010-12,False,2011-06,False,2011-06,False,2011-06,False
16029,6963,ID,9,2013-06,False,2013-06,False,2013-06,False,2013-06,False,2013-06,False,2013-06,False
16031,22952,ID,9,2012-12,False,2012-12,False,2013-06,False,2012-12,False,2012-12,False,2013-06,False
16033,982,ID,9,2013-06,False,2013-06,False,2013-12,False,2013-06,False,2013-06,False,2013-12,False
16035,8761,ID,9,,True,,True,,True,,True,,True,,True
16037,4368,ID,9,2014-06,False,,True,,True,2014-06,False,,True,,True
16039,27038,ID,9,2012-06,False,2012-06,False,2012-06,False,2012-06,False,2012-06,False,2012-06,False
16041,12786,ID,9,2013-06,False,2013-06,False,2013-06,False,2013-06,False,2013-06,False,2013-06,False
16043,13242,ID,9,2012-12,False,2012-12,False,2013-06,False,2012-12,False,2012-12,False,2013-06,False
16045,16719,ID,9,2012-06,False,2012-06,False,2012-06,False,2012-06,False,2012-06,False,2012-06,False
16047,15464,ID,9,2012-12,False,2013-06,False,2013-06,False,2012-12,False,2013-06,False,2013-06,False
16049,16267,ID,9,2013-06,False,2013-06,False,,True,2013-06,False,2013-06,False,,True
16051,26140,ID,9,2012-12,False,2012-12,False,2012-12,False,2012-12,False,2012-12,False,2012-12,False
16053,22374,ID,9,2012-12,False,2012-12,False,2012-12,False,2012-12,False,2012-12,False,2012-12,False
16055,138494,ID,9,2010-12,False,2010-12,False,2011-06,False,2011-06,False,2011-06,False,2011-06,False
16057,37244,ID,9,2012-12,False,2012-12,False,2013-12,False,2012-12,False,2012-12,False,2013-12,False
16059,7936,ID,9,2012-12,False,2012-12,False,2013-12,False,2012-12,False,2012-12,False,2013-12,False
16061,3821,ID,9,,True,,True,,True,,True,,True,,True
16063,5208,ID,9,2013-06,False,2013-06,False,2013-06,False,2013-06,False,2013-06,False,2013-06,False
16065,37536,ID,9,2012-12,False,2012-12,False,2012-12,False,2012-12,False,2012-12,False,2012-12,False
16067,20069,ID,9,2012-12,False,2012-12,False,2012-12,False,2012-12,False,2012-12,False,2012-12,False
16069,39265,ID,9,2012-12,False,2012-12,False,2012-12,False,2012-12,False,2012-12,False,2012-12,False
16071,4286,ID,9,2013-06,False,2013-06,False,2013-06,False,2013-06,False,2013-06,False,2013-06,False
16073,11526,ID,9,2011-06,False,2011-12,False,2013-12,False,2011-06,False,2011-12,False,2013-12,False
16075,22623,ID,9,2012-06,False,2012-06,False,2012-06,False,2012-06,False,2012-06,False,2012-06,False
16077,7817,ID,9,2012-12,False,2012-12,False,2012-12,False,2012-12,False,2012-12,False,2012-12,False
16079,12765,ID,9,2011-12,False,2011-12,False,2012-12,False,2011-12,False,2011-12,False,2012-12,False
16081,10170,ID,9,2013-06,False,2013-06,False,2013-06,False,2013-06,False,2013-06,False,2013-06,False
16083,77230,ID,9,2012-06,False,2012-06,False,2012-12,False,2012-12,False,2012-12,False,2012-12,False
16085,9862,ID,9,2013-06,False,2013-06,False,2013-06,False,2013-06,False,2013-06,False,2013-06,False
16087,10198,ID,9,2012-06,False,2012-06,False,2012-06,False,2012-06,False,2012-06,False,2012-06,False
17001,67103,IL,9,2012-12,False,2012-12,False,2012-12,False,2013-06,False,2013-12,False,2013-12,False
17003,8238,IL,9,2013-06,False,2013-12,False,2013-12,False,2013-06,False,2013-12,False,2013-12,False
17005,17768,IL,9,2012-12,False,2013-06,False,2013-06,False,2012-12,False,2013-06,False,2013-06,False
17007,54165,IL,9,2011-12,False,2011-12,False,2011-12,False,2011-12,False,2011-12,False,2011-12,False
17009,6937,IL,9,2012-12,False,2012-12,False,2013-12,False,2013-12,False,2013-12,False,2013-12,False
17011,34978,IL,9,2012-12,False,2012-12,False,2012-12,False,2012-12,False,2012-12,False,2012-12,False
17013,5089,IL,9,2012-12,False,2013-12,False,,True,2012-12,False,,True,,True
17015,15387,IL,9,2012-12,False,2012-12,False,2012-12,False,2012-12,False,2012-12,False,2013-06,False
17017,13642,IL,9,2012-12,False,2012-12,False,2013-12,False,2013-12,False,2013-12,False,2013-12,False
17019,201081,IL,9,2011-06,False,2011-06,False,2011-12,False,2011-06,False,2011-06,False,2011-12,False
17021,34800,IL,9,2012-12,False,2012-12,False,2012-12,False,2012-12,False,2012-12,False,2012-12,False
17023,16335,IL,9,2011-12,False,2013-06,False,2013-06,False,2011-12,False,2013-06,False,2013-06,False
17025,13815,IL,9,2014-06,False,2014-06,False,2014-06,False,2014-06,False,2014-06,False,2014-06,False
17027,37762,IL,9,2012-06,False,2012-06,False,2012-12,False,2012-06,False,2012-12,False,2012-12,False
17029,53873,IL,9,2012-12,False,2012-12,False,2012-12,False,2012-12,False,2012-12,False,2012-12,False
17031,5194675,IL,9,2011-06,False,2011-06,False,2011-06,False,2011-06,False,2011-06,False,2011-06,False
17033,19817,IL,9,2013-06,False,2013-06,False,2013-06,False,2013-06,False,2013-06,False,2013-06,False
17035,11048,IL,9,2012-12,False,2012-12,False,2013-06,False,2012-12,False,2012-12,False,2013-06,False
17037,105160,IL,9,2011-12,False,2011-12,False,2012-06,False,2011-12,False,2011-12,False,2012-06,False
17039,16561,IL,9,2011-12,False,2012-12,False,2013-06,False,2011-12,False,2012-12,False,2013-06,False
17041,19980,IL,9,2012-12,False,2012-12,False,2013-06,False,2012-12,False,2012-12,False,2013-06,False
17043,916924,IL,9,2011-06,False,2011-06,False,2011-06,False,2011-06,False,2011-06,False,2011-06,False
17045,18576,IL,9,2011-12,False,2012-06,False,2013-06,False,2011-12,False,2012-06,False,2013-06,False
17047,6721,IL,9,2012-12,False,2012-12,False,2013-06,False,2012-12,False,2012-12,False,2013-06,False
17049,34242,IL,9,2012-06,False,2012-06,False,2012-06,False,2012-06,False,2012-06,False,2012-06,False
17051,22140,IL,9,2012-12,False,2012-12,False,2012-12,False,2012-12,False,2012-12,False,2012-12,False
17053,14081,IL,9,2012-12,False,2013-06,False,2013-06,False,2012-12,False,2013-06,False,2013-06,False
17055,39561,IL,9,2011-12,False,2012-06,False,2012-06,False,2011-12,False,2012-06,False,2012-06,False
17057,37069,IL,9,2012-12,False,2012-12,False,2013-06,False,2012-12,False,2012-12,False,2013-06,False
17059,5589,IL,9,2013-06,False,2013-12,False,2013-12,False,2013-06,False,2013-12,False,2013-12,False
17061,13886,IL,9,2013-12,False,2013-12,False,2013-12,False,2013-12,False,,True,,True
17063,50063,IL,9,2011-06,False,2011-06,False,2011-12,False,2011-06,False,2011-06,False,2011-12,False
17065,8457,IL,9,2012-12,False,2012-12,False,2012-12,False,2012-12,False,2012-12,False,2012-12,False
17067,19104,IL,9,2012-12,False,2012-12,False,2012-12,False,2012-12,False,2012-12,False,2013-06,False
17069,4320,IL,9,2013-12,False,2013-12,False,,True,2013-12,False,2013-12,False,,True
17071,7331,IL,9,2012-12,False,2012-12,False,2012-12,False,2012-12,False,2013-12,False,2014-06,False
17073,50486,IL,9,2011-12,False,2013-06,False,2013-06,False,2011-12,False,2013-06,False,2013-06,False
17075,29718,IL,9,2012-12,False,2013-06,False,2013-06,False,2012-12,False,2013-06,False,2013-06,False
17077,60218,IL,9,2011-12,False,2011-12,False,2011-12,False,2011-12,False,2011-12,False,2011-12,False
17079,9698,IL,9,2013-06,False,2013-12,False,2013-12,False,2013-06,False,2013-12,False,2013-12,False
17081,38827,IL,9,2012-12,False,2012-12,False,2012-12,False,2012-12,False,2012-12,False,2012-12,False
17083,22985,IL,9,2011-12,False,2013-12,False,2013-12,False,2011-12,False,2013-12,False,2013-12,False
17085,22678,IL,9,2012-12,False,2013-06,False,2013-06,False,2013-06,False,2013-06,False,2013-06,False
17087,12582,IL,9,2012-12,False,2012-12,False,2012-12,False,2012-12,False,2012-12,False,2012-12,False
17089,515269,IL,9,2011-06,False,2011-06,False,2011-06,False,2011-06,False,2011-06,False,2011-06,False
17091,113449,IL,9,2011-06,False,2011-06,False,2011-12,False,2011-06,False,2011-06,False,2011-12,False
17093,114736,IL,9,2011-06,False,2011-06,False,2011-06,False,2011-06,False,2011-06,False,2011-06,False
17095,52919,IL,9,2012-12,False,2012-12,False,2012-12,False,2012-12,False,2012-12,False,2012-12,False
17097,703462,IL,9,2011-06,False,2011-06,False,2011-06,False,2011-06,False,2011-06,False,2011-06,False
17099,113924,IL,9,2012-06,False,2012-06,False,2012-12,False,2012-06,False,2012-06,False,2012-12,False
17101,16833,IL,9,2012-12,False,2012-12,False,2013-12,False,2012-12,False,2012-12,False,2013-12,False
17103,36031,IL,9,2012-06,False,2012-06,False,2012-06,False,2012-06,False,2012-06,False,2012-06,False
17105,38950,IL,9,2013-06,False,2013-06,False,2013-06,False,2013-06,False,2013-06,False,2013-06,False
17107,30305,IL,9,2012-12,False,2012-12,False,2012-12,False,2012-12,False,2012-12,False,2012-12,False
17109,32612,IL,9,2012-06,False,2012-06,False,2012-06,False,2012-06,False,2012-06,False,2012-06,False
17111,308760,IL,9,2011-06,False,2011-06,False,2011-06,False,2011-06,False,2011-06,False,2011-06,False
17113,169572,IL,9,2011-12,False,2011-12,False,2011-12,False,2011-12,False,2011-12,False,2011-12,False
17115,110768,IL,9,2011-12,False,2011-12,False,2012-06,False,2012-06,False,2012-06,False,2012-06,False
17117,47765,IL,9,2013-06,False,2013-06,False,2013-12,False,2013-06,False,2013-06,False,2013-12,False
17119,269282,IL,9,2011-06,False,2011-06,False,2011-06,False,2011-06,False,2011-06,False,2011-06,False
17121,39437,IL,9,2012-06,False,2012-12,False,2012-12,False,2012-12,False,2012-12,False,2013-06,False
17123,12640,IL,9,2013-06,False,2013-06,False,2013-06,False,2013-06,False,2013-06,False,2013-06,False
17125,14666,IL,9,2012-12,False,2013-06,False,2013-06,False,2012-12,False,2013-06,False,2013-06,False
17127,15429,IL,9,2012-06,False,2013-06,False,2013-06,False,2013-06,False,2013-06,False,2013-06,False
17129,12705,IL,9,2011-12,False,2012-12,False,2012-12,False,2011-12,False,2012-12,False,2012-12,False
17131,16434,IL,9,2012-12,False,2012-12,False,2012-12,False,2012-12,False,2013-06,False,2013-06,False
17133,32957,IL,9,2011-06,False,2011-06,False,2011-06,False,2011-06,False,2011-06,False,2011-06,False
17135,30104,IL,9,2013-06,False,2013-06,False,2013-06,False,2013-06,False,2013-06,False,2013-06,False
17137,35547,IL,9,2013-12,False,2013-12,False,2013-12,False,2013-12,False,2013-12,False,2013-12,False
17139,14846,IL,9,2012-12,False,2012-12,False,2012-12,False,2012-12,False,2012-12,False,2012-12,False
17141,53497,IL,9,2011-12,False,2012-06,False,2012-12,False,2011-12,False,2012-06,False,2013-06,False
17143,186494,IL,9,2011-12,False,2011-12,False,2012-06,False,2012-06,False,2012-06,False,2012-06,False
17145,22350,IL,9,2012-06,False,2012-06,False,2012-06,False,2012-06,False,2012-06,False,2012-06,False
17147,16729,IL,9,2011-12,False,2012-06,False,2013-06,False,2011-12,False,2012-06,False,2013-06,False
17149,16430,IL,9,2013-12,False,2013-12,False,2013-12,False,2013-12,False,2013-12,False,2013-12,False
17151,4470,IL,9,2013-12,False,2013-12,False,2013-12,False,2013-12,False,2013-12,False,2013-12,False
17153,6161,IL,9,2013-06,False,2013-06,False,2013-06,False,2013-06,False,2013-06,False,2013-06,False
17155,6006,IL,9,2012-12,False,2012-12,False,2012-12,False,2012-12,False,2012-12,False,2012-12,False
17157,33476,IL,9,2012-12,False,2013-06,False,2013-06,False,2012-12,False,2013-06,False,2013-06,False
17159,16233,IL,9,2013-12,False,2013-12,False,2013-12,False,2013-12,False,2013-12,False,2013-12,False
17161,147546,IL,9,2011-12,False,2011-12,False,2011-12,False,2011-12,False,2011-12,False,2011-12,False
17163,270056,IL,9,2011-06,False,2011-06,False,2011-06,False,2011-06,False,2011-06,False,2011-06,False
17165,24913,IL,9,2012-12,False,2012-12,False,2012-12,False,2012-12,False,2012-12,False,2012-12,False
17167,197465,IL,9,2011-06,False,2011-12,False,2011-12,False,2011-06,False,2011-12,False,2011-12,False
17169,7544,IL,9,2012-12,False,2012-12,False,2013-06,False,2013-06,False,2013-06,False,2013-06,False
17171,5355,IL,9,2013-12,False,2013-12,False,2013-12,False,2013-12,False,2013-12,False,2013-12,False
17173,22363,IL,9,2012-12,False,2012-12,False,2012-12,False,2012-12,False,2012-12,False,2012-12,False
17175,5994,IL,9,2013-06,False,2013-06,False,2013-06,False,2013-06,False,2013-06,False,2013-06,False
17177,47711,IL,9,2012-12,False,2012-12,False,2012-12,False,2013-06,False,2013-06,False,2013-06,False
17179,135394,IL,9,2012-06,False,2012-06,False,2012-06,False,2012-06,False,2012-06,False,2012-06,False
17181,17808,IL,9,2012-12,False,2013-06,False,2013-06,False,2012-12,False,2013-06,False,2013-06,False
17183,81625,IL,9,2011-12,False,2011-12,False,2011-12,False,2011-12,False,2011-12,False,2011-12,False
17185,11947,IL,9,2012-06,False,2012-06,False,2012-12,False,2012-06,False,2012-06,False,2012-12,False
17187,17707,IL,9,2012-12,False,2012-12,False,2012-12,False,2012-12,False,2012-12,False,2012-12,False
17189,14716,IL,9,2012-06,False,2012-12,False,2012-12,False,2012-06,False,2012-12,False,2012-12,False
17191,16760,IL,9,2012-12,False,2012-12,False,2013-12,False,2012-12,False,2012-12,False,2013-12,False
17193,14665,IL,9,2012-12,False,2013-06,False,2013-06,False,2012-12,False,2013-06,False,2013-06,False
17195,58498,IL,9,2012-12,False,2012-12,False,2012-12,False,2012-12,False,2012-12,False,2012-12,False
17197,677560,IL,9,2011-06,False,2011-06,False,2011-06,False,2011-06,False,2011-06,False,2011-06,False
17199,66357,IL,9,2011-12,False,2011-12,False,2011-12,False,2011-12,False,2011-12,False,2011-12,False
17201,295266,IL,9,2011-06,False,2011-06,False,2011-12,False,2011-06,False,2011-06,False,2011-12,False
17203,38664,IL,9,2012-06,False,2012-06,False,2012-12,False,2012-06,False,2012-06,False,2012-12,False
18001,34387,IN,9,2011-06,False,2011-12,False,2011-12,False,2011-06,False,2011-12,False,2011-12,False
18003,355329,IN,9,2010-12,False,2010-12,False,2010-12,False,2011-06,False,2011-06,False,2011-06,False
18005,76794,IN,9,2012-06,False,2012-06,False,2012-06,False,2012-06,False,2012-06,False,2012-06,False
18007,8854,IN,9,2012-06,False,2012-12,False,2013-12,False,2012-06,False,2012-12,False,2014-06,False
18009,12766,IN,9,2012-06,False,2012-06,False,2012-06,False,2012-06,False,2012-06,False,2012-06,False
18011,56640,IN,9,2010-12,False,2011-12,False,2012-06,False,2011-06,False,2011-12,False,2012-06,False
18013,15242,IN,9,2013-06,False,2013-06,False,2013-06,False,2013-06,False,2013-06,False,2013-06,False
18015,20155,IN,9,2011-12,False,2012-06,False,2012-06,False,2011-12,False,2012-06,False,2012-06,False
18017,38966,IN,9,2013-06,False,2013-12,False,2013-12,False,2013-06,False,,True,,True
18019,110232,IN,9,2011-06,False,2011-06,False,2011-12,False,2011-06,False,2011-06,False,2011-12,False
18021,26890,IN,9,2011-12,False,2011-12,False,2011-12,False,2011-12,False,2011-12,False,2011-12,False
18023,33224,IN,9,2012-06,False,2012-06,False,2012-06,False,2012-06,False,2012-06,False,2012-06,False
18025,10713,IN,9,2013-06,False,2013-06,False,2013-06,False,2013-06,False,2013-06,False,2013-06,False
18027,31648,IN,9,2012-12,False,2012-12,False,2012-12,False,2012-12,False,2012-12,False,2012-12,False
18029,50047,IN,9,2011-06,False,2012-12,False,2012-12,False,2011-06,False,2012-12,False,2012-12,False
18031,25740,IN,9,2012-12,False,2012-12,False,2013-06,False,2012-12,False,2012-12,False,2013-06,False
18033,42223,IN,9,2011-06,False,2011-12,False,2011-12,False,2011-06,False,2011-12,False,2011-12,False
18035,117671,IN,9,2010-12,False,2010-12,False,2010-12,False,2012-06,False,2012-06,False,2012-06,False
18037,41889,IN,9,2011-12,False,2011-12,False,2011-12,False,2011-12,False,2011-12,False,2011-12,False
18039,197559,IN,9,2010-12,False,2010-12,False,2011-12,False,2011-12,False,2011-12,False,2011-12,False
18041,24277,IN,9,2012-12,False,2012-12,False,2012-12,False,2012-12,False,2012-12,False,2012-12,False
18043,74578,IN,9,2011-06,False,2011-12,False,2011-12,False,2011-06,False,2011-12,False,2011-12,False
18045,17240,IN,9,2011-12,False,2012-12,False,2012-12,False,2011-12,False,2012-12,False,2012-12,False
18047,23087,IN,9,2012-12,False,2012-12,False,2012-12,False,2012-12,False,2012-12,False,2012-12,False
18049,20836,IN,9,2013-06,False,2013-12,False,2014-06,False,2013-06,False,,True,,True
18051,33503,IN,9,2011-12,False,2012-06,False,2012-06,False,2011-12,False,2012-06,False,2012-06,False
18053,70061,IN,9,2012-06,False,2012-06,False,2012-06,False,2012-06,False,2012-06,False,2012-06,False
18055,33165,IN,9,2012-06,False,2013-06,False,2013-06,False,2012-06,False,2013-06,False,2013-06,False
18057,274569,IN,9,2010-12,False,2010-12,False,2010-12,False,2011-06,False,2011-06,False,2011-06,False
18059,70002,IN,9,2011-06,False,2011-12,False,2012-12,False,2011-06,False,2011-12,False,2012-12,False
18061,39364,IN,9,2013-06,False,2013-06,False,2013-06,False,2013-06,False,2013-06,False,2013-06,False
18063,145448,IN,9,2010-12,False,2011-06,False,2011-12,False,2011-06,False,2011-06,False,2011-12,False
18065,49462,IN,9,2012-12,False,2012-12,False,2013-06,False,2012-12,False,2012-12,False,2013-06,False
18067,82752,IN,9,2010-12,False,2010-12,False,2010-12,False,2012-06,False,2012-06,False,2012-06,False
18069,37124,IN,9,2011-12,False,2011-12,False,2011-12,False,2011-12,False,2011-12,False,2011-12,False
18071,42376,IN,9,2012-06,False,2012-06,False,2012-12,False,2012-06,False,2012-06,False,2012-12,False
18073,33478,IN,9,2012-06,False,2012-12,False,2012-12,False,2012-06,False,2012-12,False,2012-12,False
18075,21253,IN,9,2012-06,False,2012-06,False,2012-06,False,2012-06,False,2012-06,False,2012-06,False
18077,32428,IN,9,2012-12,False,2012-12,False,2013-06,False,2012-12,False,2012-12,False,2013-06,False
18079,28525,IN,9,2012-12,False,2013-06,False,2013-06,False,2012-12,False,2013-06,False,2013-06,False
18081,139654,IN,9,2010-12,False,2010-12,False,2011-12,False,2011-06,False,2011-06,False,2011-12,False
18083,38440,IN,9,2012-12,False,2012-12,False,2012-12,False,2012-12,False,2012-12,False,2012-12,False
18085,77358,IN,9,2012-06,False,2012-06,False,2012-06,False,2012-06,False,2012-06,False,2012-06,False
18087,37128,IN,9,2012-06,False,2012-06,False,2012-06,False,2012-06,False,2012-06,False,2012-06,False
18089,496005,IN,9,2010-12,False,2010-12,False,2011-06,False,2011-06,False,2011-06,False,2011-06,False
18091,111467,IN,9,2011-06,False,2011-12,False,2011-12,False,2011-06,False,2011-12,False,2011-12,False
18093,46134,IN,9,2011-12,False,2011-12,False,2011-12,False,2011-12,False,2011-12,False,2011-12,False
18095,131636,IN,9,2010-12,False,2010-12,False,2012-06,False,2011-12,False,2011-12,False,2012-06,False
18097,903393,IN,9,2010-12,False,2010-12,False,2010-12,False,2011-06,False,2011-06,False,2011-06,False
18099,47051,IN,9,2012-12,False,2012-12,False,2012-12,False,2012-12,False,2012-12,False,2012-12,False
18101,10334,IN,9,2012-12,False,2012-12,False,2013-06,False,2012-12,False,2012-12,False,2013-06,False
18103,36903,IN,9,2012-06,False,2013-12,False,2014-06,False,2012-06,False,,True,,True
18105,137974,IN,9,2010-12,False,2010-12,False,2011-12,False,2011-06,False,2011-06,False,2011-12,False
18107,38124,IN,9,2012-06,False,2013-06,False,2013-06,False,2012-06,False,2013-06,False,2013-06,False
18109,68894,IN,9,2011-06,False,2012-06,False,2012-12,False,2011-06,False,2012-06,False,2012-12,False
18111,14244,IN,9,2012-06,False,2012-12,False,2012-12,False,2012-06,False,2012-12,False,2012-12,False
18113,47536,IN,9,2012-06,False,2012-06,False,2013-06,False,2012-06,False,2012-06,False,2013-06,False
18115,6128,IN,9,2012-12,False,2012-12,False,2012-12,False,2012-12,False,2012-12,False,2012-12,False
18117,19840,IN,9,2012-12,False,2012-12,False,2013-06,False,2012-12,False,2012-12,False,2013-06,False
18119,21575,IN,9,2011-12,False,2011-12,False,2011-12,False,2011-12,False,2011-12,False,2011-12,False
18121,17339,IN,9,2011-12,False,2011-12,False,2014-06,False,2011-12,False,2011-12,False,2014-06,False
18123,19338,IN,9,2012-12,False,2013-06,False,2013-12,False,2012-12,False,2013-06,False,2013-12,False
18125,12845,IN,9,2012-06,False,2012-06,False,2012-12,False,2012-06,False,2012-06,False,2012-12,False
18127,164343,IN,9,2011-06,False,2011-06,False,2011-06,False,2011-06,False,2011-06,False,2011-06,False
18129,25910,IN,9,2011-12,False,2012-06,False,2012-06,False,2011-12,False,2012-06,False,2012-06,False
18131,13402,IN,9,2012-06,False,2013-06,False,2013-06,False,2012-06,False,2013-06,False,2013-06,False
18133,37963,IN,9,2012-06,False,2012-06,False,2012-12,False,2012-06,False,2012-06,False,2012-12,False
18135,26171,IN,9,2012-12,False,2012-12,False,2013-06,False,2012-12,False,2012-12,False,2013-06,False
18137,28818,IN,9,2012-12,False,2012-12,False,2012-12,False,2012-12,False,2012-12,False,2012-12,False
18139,17392,IN,9,2012-12,False,2012-12,False,2013-06,False,2012-12,False,2012-12,False,2013-06,False
18141,266931,IN,9,2010-12,False,2010-12,False,2010-12,False,2011-12,False,2011-12,False,2011-12,False
18143,24181,IN,9,2012-06,False,2012-06,False,2013-06,False,2012-06,False,2012-06,False,2013-06,False
18145,44436,IN,9,2011-12,False,2012-12,False,2012-12,False,2011-12,False,2012-12,False,2012-12,False
18147,20952,IN,9,2011-12,False,2011-12,False,2013-06,False,2011-12,False,2011-12,False,2013-06,False
18149,23363,IN,9,2013-06,False,2013-06,False,2013-12,False,2013-06,False,2013-06,False,2013-12,False
18151,34185,IN,9,2013-06,False,2013-06,False,2013-06,False,2013-06,False,2013-06,False,2013-06,False
18153,21475,IN,9,2011-12,False,2011-12,False,2011-12,False,2011-12,False,2011-12,False,2011-12,False
18155,10613,IN,9,2011-12,False,2012-12,False,2012-12,False,2011-12,False,2012-12,False,2012-12,False
18157,172780,IN,9,2010-12,False,2010-12,False,2010-12,False,2011-06,False,2011-06,False,2011-06,False
18159,15936,IN,9,2011-12,False,2012-06,False,2012-06,False,2011-12,False,2012-06,False,2012-06,False
18161,7516,IN,9,2012-12,False,2012-12,False,2012-12,False,2012-12,False,2012-12,False,2012-12,False
18163,179703,IN,9,2011-12,False,2011-12,False,2011-12,False,2011-12,False,2011-12,False,2011-12,False
18165,16212,IN,9,2011-12,False,2011-12,False,2011-12,False,2011-12,False,2011-12,False,2011-12,False
18167,107848,IN,9,2010-12,False,2010-12,False,2011-12,False,2011-06,False,2011-06,False,2011-12,False
18169,32888,IN,9,2012-06,False,2013-06,False,2013-06,False,2012-06,False,2014-06,False,,True
18171,8508,IN,9,2011-12,False,2011-12,False,2012-12,False,2011-12,False,2011-12,False,2012-12,False
18173,59689,IN,9,2011-12,False,2011-12,False,2011-12,False,2011-12,False,2011-12,False,2011-12,False
18175,28262,IN,9,2013-06,False,2013-06,False,2013-06,False,2013-06,False,2013-06,False,2013-06,False
18177,68917,IN,9,2012-12,False,2012-12,False,2012-12,False,2012-12,False,2012-12,False,2012-12,False
18179,27636,IN,9,2011-06,False,2011-12,False,2011-12,False,2011-06,False,2011-12,False,2011-12,False
18181,24643,IN,9,2012-06,False,2012-06,False,2012-06,False,2012-06,False,2012-06,False,2012-06,False
18183,33292,IN,9,2011-06,False,2011-06,False,2012-06,False,2011-06,False,2011-06,False,2012-06,False
19001,7682,IA,9,2013-06,False,2013-06,False,2013-06,False,2013-06,False,2013-06,False,2013-06,False
19003,4029,IA,9,2013-06,False,2013-12,False,2013-12,False,2013-06,False,2013-12,False,2013-12,False
19005,14330,IA,9,2013-12,False,2013-12,False,2013-12,False,2013-12,False,2013-12,False,2013-12,False
19007,12887,IA,9,2012-12,False,2012-12,False,2012-12,False,2012-12,False,2012-12,False,2012-12,False
19009,6119,IA,9,2013-06,False,2013-06,False,2013-06,False,2013-06,False,2013-06,False,2013-06,False
19011,26076,IA,9,2012-06,False,2012-06,False,2012-06,False,2012-12,False,2013-06,False,2013-06,False
19013,131090,IA,9,2012-06,False,2012-06,False,2012-06,False,2012-12,False,2012-12,False,2012-12,False
19015,26306,IA,9,2012-06,False,2012-12,False,2012-12,False,2012-12,False,2013-06,False,2013-12,False
19017,24276,IA,9,2012-06,False,2012-06,False,2012-06,False,2012-12,False,2012-12,False,2012-12,False
19019,20958,IA,9,2012-12,False,2012-12,False,2012-12,False,2012-12,False,2012-12,False,2012-12,False
19021,20260,IA,9,2013-06,False,2013-12,False,2013-12,False,2013-06,False,2013-12,False,2013-12,False
19023,14867,IA,9,2012-12,False,2012-12,False,2013-06,False,2012-12,False,2013-06,False,2013-06,False
19025,9670,IA,9,2013-06,False,2013-12,False,2013-12,False,2013-06,False,2013-12,False,2013-12,False
19027,20816,IA,9,2013-06,False,2013-12,False,2013-12,False,2013-06,False,2013-12,False,2013-12,False
19029,13956,IA,9,2013-06,False,2013-06,False,2013-06,False,2013-06,False,2013-06,False,2013-06,False
19031,18499,IA,9,2011-12,False,2012-06,False,2012-06,False,2011-12,False,2013-06,False,2013-06,False
19033,44151,IA,9,2012-12,False,2012-12,False,2012-12,False,2012-12,False,2012-12,False,2012-12,False
19035,12072,IA,9,2012-12,False,2012-12,False,2012-12,False,2012-12,False,2012-12,False,2012-12,False
19037,12439,IA,9,2012-12,False,2012-12,False,2012-12,False,2012-12,False,2012-12,False,2012-12,False
19039,9286,IA,9,2012-06,False,2012-06,False,2012-12,False,2012-12,False,2012-12,False,2013-06,False
19041,16667,IA,9,2013-06,False,2013-06,False,2013-06,False,2013-06,False,2013-06,False,2013-06,False
19043,18129,IA,9,2013-06,False,2013-06,False,2013-06,False,2013-06,False,2013-06,False,2013-06,False
19045,49116,IA,9,2012-12,False,2012-12,False,2012-12,False,2012-12,False,2012-12,False,2013-06,False
19047,17096,IA,9,2013-06,False,2013-06,False,2013-06,False,2013-06,False,2013-06,False,2013-06,False
19049,66135,IA,9,2011-06,False,2011-06,False,2011-12,False,2011-12,False,2011-12,False,2011-12,False
19051,8753,IA,9,2012-12,False,2013-06,False,2013-06,False,2013-06,False,2013-06,False,2013-06,False
19053,8457,IA,9,2012-12,False,2013-12,False,2013-12,False,2012-12,False,2013-12,False,2013-12,False
19055,17764,IA,9,2012-12,False,2012-12,False,2012-12,False,2013-12,False,2013-12,False,2013-12,False
19057,40325,IA,9,2012-12,False,2012-12,False,2012-12,False,2012-12,False,2012-12,False,2012-12,False
19059,16667,IA,9,2012-12,False,2012-12,False,2012-12,False,2012-12,False,2012-12,False,2012-12,False
19061,93653,IA,9,2012-06,False,2012-06,False,2012-06,False,2012-12,False,2012-12,False,2012-12,False
19063,10302,IA,9,2013-12,False,2013-12,False,2013-12,False,2013-12,False,2013-12,False,2013-12,False
19065,20880,IA,9,2012-12,False,2013-06,False,2013-06,False,2012-12,False,2013-06,False,2013-06,False
19067,16303,IA,9,2012-12,False,2012-12,False,2012-12,False,2012-12,False,2012-12,False,2012-12,False
19069,10680,IA,9,2012-12,False,2012-12,False,2012-12,False,2013-06,False,2013-06,False,2013-06,False
19071,7441,IA,9,2013-06,False,2013-06,False,2013-12,False,2013-06,False,2013-06,False,2013-12,False
19073,9336,IA,9,2013-06,False,2013-12,False,2013-12,False,2013-06,False,2013-12,False,2013-12,False
19075,12453,IA,9,2012-12,False,2012-12,False,2012-12,False,2012-12,False,2012-12,False,2012-12,False
19077,10954,IA,9,2012-12,False,2013-06,False,2013-06,False,2012-12,False,2013-06,False,2013-06,False
19079,15673,IA,9,2012-12,False,2012-12,False,2012-12,False,2013-06,False,2013-06,False,2013-06,False
19081,11341,IA,9,2012-12,False,2012-12,False,2013-06,False,2012-12,False,2012-12,False,2013-06,False
19083,17534,IA,9,2012-12,False,2012-12,False,2012-12,False,2013-06,False,2013-06,False,2013-06,False
19085,14928,IA,9,2012-12,False,2013-06,False,2013-06,False,2012-12,False,2013-06,False,2013-06,False
19087,20145,IA,9,2012-12,False,2012-12,False,2012-12,False,2012-12,False,2012-12,False,2012-12,False
19089,9566,IA,9,2013-06,False,2013-12,False,2013-12,False,2013-06,False,2013-12,False,2013-12,False
19091,9815,IA,9,2013-06,False,2013-06,False,2013-06,False,2013-06,False,2013-06,False,2013-06,False
19093,7089,IA,9,2012-12,False,2012-12,False,2012-12,False,2012-12,False,2012-12,False,2012-12,False
19095,16355,IA,9,2012-06,False,2012-06,False,2012-06,False,2012-12,False,2012-12,False,2012-12,False
19097,19848,IA,9,2012-12,False,2012-12,False,2013-06,False,2013-06,False,2013-06,False,2013-06,False
19099,36842,IA,9,2012-06,False,2012-06,False,2012-06,False,2012-06,False,2012-06,False,2012-06,False
19101,16843,IA,9,2012-12,False,2012-12,False,2012-12,False,2012-12,False,2012-12,False,2012-12,False
19103,130882,IA,9,2011-12,False,2011-12,False,2011-12,False,2011-12,False,2011-12,False,2011-12,False
19105,20638,IA,9,2012-06,False,2012-06,False,2012-06,False,2012-12,False,2012-12,False,2012-12,False
19107,10511,IA,9,2012-12,False,2012-12,False,2012-12,False,2012-12,False,2012-12,False,2012-12,False
19109,15543,IA,9,2012-12,False,2012-12,False,2013-06,False,2012-12,False,2012-12,False,2013-06,False
19111,35862,IA,9,2012-12,False,2012-12,False,2012-12,False,2012-12,False,2012-12,False,2012-12,False
19113,211226,IA,9,2011-12,False,2011-12,False,2011-12,False,2011-12,False,2011-12,False,2011-12,False
19115,11387,IA,9,2012-06,False,2012-12,False,2012-12,False,2013-06,False,2013-06,False,2013-06,False
19117,8898,IA,9,2013-06,False,2013-06,False,2013-06,False,2013-06,False,2013-06,False,2013-06,False
19119,11581,IA,9,2012-12,False,2013-06,False,2013-06,False,2012-12,False,2013-06,False,2013-06,False
19121,15679,IA,9,2011-12,False,2012-12,False,2013-06,False,2011-12,False,2012-12,False,2013-06,False
19123,22381,IA,9,2012-06,False,2012-12,False,2012-12,False,2012-06,False,2012-12,False,2012-12,False
19125,33309,IA,9,2012-06,False,2012-06,False,2012-06,False,2012-06,False,2012-06,False,2012-06,False
19127,40648,IA,9,2012-06,False,2012-06,False,2012-06,False,2012-12,False,2012-12,False,2012-12,False
19129,15059,IA,9,2012-12,False,2013-06,False,2013-06,False,2012-12,False,2013-06,False,2013-06,False
19131,10776,IA,9,2012-12,False,2012-12,False,2012-12,False,2012-12,False,2012-12,False,2012-12,False
19133,9243,IA,9,2012-12,False,2013-06,False,2013-06,False,2012-12,False,2013-06,False,2013-06,False
19135,7970,IA,9,2012-12,False,2012-12,False,2012-12,False,2012-12,False,2012-12,False,2012-12,False
19137,10740,IA,9,2013-06,False,2013-06,False,2013-06,False,2013-06,False,2013-06,False,2013-06,False
19139,42745,IA,9,2012-06,False,2012-06,False,2012-06,False,2012-12,False,2012-12,False,2012-12,False
19141,14398,IA,9,2013-06,False,2013-06,False,2013-06,False,2013-06,False,2013-06,False,2013-06,False
19143,6462,IA,9,2013-06,False,2013-06,False,2013-06,False,2013-06,False,2013-06,False,2013-06,False
19145,15932,IA,9,2013-06,False,2013-06,False,2013-06,False,2013-06,False,2013-06,False,2013-06,False
19147,9421,IA,9,2012-12,False,2012-12,False,2012-12,False,2012-12,False,2012-12,False,2012-12,False
19149,24986,IA,9,2011-12,False,2012-12,False,2012-12,False,2011-12,False,2012-12,False,2012-12,False
19151,7310,IA,9,2013-06,False,2013-06,False,2013-06,False,2013-06,False,2013-06,False,2013-06,False
19153,430640,IA,9,2011-06,False,2011-06,False,2011-06,False,2011-12,False,2011-12,False,2011-12,False
19155,93158,IA,9,2010-12,False,2010-12,False,2011-12,False,2011-06,False,2011-06,False,2011-12,False
19157,18914,IA,9,2012-06,False,2012-06,False,2012-06,False,2012-06,False,2012-06,False,2012-06,False
19159,5131,IA,9,2013-12,False,2013-12,False,2013-12,False,2013-12,False,2013-12,False,2013-12,False
19161,10350,IA,9,2013-06,False,2013-12,False,2013-12,False,2013-06,False,2013-12,False,2013-12,False
19163,165224,IA,9,2011-12,False,2011-12,False,2011-12,False,2011-12,False,2011-12,False,2011-12,False
19165,12167,IA,9,2013-06,False,2013-06,False,2013-06,False,2013-06,False,2013-06,False,2013-06,False
19167,33704,IA,9,2013-06,False,2013-06,False,2013-06,False,2013-06,False,2013-06,False,2013-06,False
19169,89542,IA,9,2011-06,False,2011-06,False,2012-06,False,2012-12,False,2012-12,False,2012-12,False
19171,17767,IA,9,2012-12,False,2012-12,False,2012-12,False,2012-12,False,2012-12,False,2013-06,False
19173,6317,IA,9,2013-06,False,2013-12,False,2013-12,False,2013-06,False,2013-12,False,2013-12,False
19175,12534,IA,9,2013-06,False,2013-06,False,2013-06,False,2013-06,False,2013-06,False,2013-06,False
19177,7570,IA,9,2012-12,False,2012-12,False,2012-12,False,2012-12,False,2012-12,False,2012-12,False
19179,35625,IA,9,2012-12,False,2012-12,False,2012-12,False,2012-12,False,2013-06,False,2013-06,False
19181,46225,IA,9,2011-12,False,2011-12,False,2011-12,False,2011-12,False,2011-12,False,2011-12,False
19183,21704,IA,9,2012-06,False,2012-12,False,2012-12,False,2013-06,False,2013-06,False,2013-06,False
19185,6403,IA,9,2013-06,False,2013-12,False,2013-12,False,2013-06,False,2013-12,False,2013-12,False
19187,38013,IA,9,2012-12,False,2012-12,False,2012-12,False,2013-06,False,2013-06,False,2013-06,False
19189,10866,IA,9,2012-12,False,2012-12,False,2012-12,False,2012-12,False,2012-12,False,2012-12,False
19191,21056,IA,9,2013-12,False,2013-12,False,2013-12,False,2013-12,False,2013-12,False,2013-12,False
19193,102172,IA,9,2011-12,False,2011-12,False,2011-12,False,2011-12,False,2011-12,False,2011-12,False
19195,7598,IA,9,2012-12,False,2012-12,False,2012-12,False,2012-12,False,2012-12,False,2012-12,False
19197,13229,IA,9,2013-06,False,2013-06,False,2013-06,False,2013-06,False,2013-06,False,2013-06,False
20001,13371,KS,9,2013-06,False,2013-06,False,2013-06,False,2013-06,False,2013-06,False,2013-06,False
20003,8102,KS,9,2013-06,False,2013-06,False,2013-06,False,2013-06,False,2013-06,False,2013-06,False
20005,16924,KS,9,2012-12,False,2012-12,False,2012-12,False,2012-12,False,2012-12,False,2012-12,False
20007,4861,KS,9,2013-06,False,2013-12,False,2013-12,False,2013-06,False,2013-12,False,2013-12,False
20009,27674,KS,9,2012-06,False,2012-06,False,2012-06,False,2012-06,False,2012-06,False,2012-06,False
20011,15173,KS,9,2013-06,False,2013-06,False,2013-06,False,2013-06,False,2013-06,False,2013-06,False
20013,9984,KS,9,2013-06,False,2013-06,False,2013-06,False,2013-06,False,2013-06,False,2013-06,False
20015,65880,KS,9,2011-12,False,2011-12,False,2012-12,False,2011-12,False,2011-12,False,2013-06,False
20017,2790,KS,9,2012-12,False,2012-12,False,2013-12,False,2012-12,False,2012-12,False,2013-12,False
20019,3669,KS,9,2013-12,False,2013-12,False,2013-12,False,2013-12,False,,True,,True
20021,21603,KS,9,2012-12,False,2012-12,False,2012-12,False,2012-12,False,2012-12,False,2012-12,False
20023,2726,KS,9,2013-12,False,2013-12,False,2013-12,False,2013-12,False,2013-12,False,2013-12,False
20025,2215,KS,9,2013-06,False,2013-06,False,2013-12,False,2013-06,False,2013-06,False,2013-12,False
20027,8535,KS,9,2012-12,False,2012-12,False,2013-06,False,2012-12,False,2012-12,False,2013-06,False
20029,9533,KS,9,2012-12,False,2012-12,False,2012-12,False,2012-12,False,2012-12,False,2012-12,False
20031,8601,KS,9,2012-12,False,2012-12,False,2012-12,False,2012-12,False,2012-12,False,2012-12,False
20033,1891,KS,9,2013-06,False,2013-12,False,2013-12,False,2013-06,False,2013-12,False,2013-12,False
20035,36311,KS,9,2012-12,False,2012-12,False,2012-12,False,2012-12,False,2012-12,False,2013-06,False
20037,39134,KS,9,2012-12,False,2012-12,False,2012-12,False,2012-12,False,2012-12,False,2012-12,False
20039,2961,KS,9,2013-06,False,2013-06,False,2013-06,False,2013-06,False,2013-06,False,2013-06,False
20041,19754,KS,9,2012-12,False,2012-12,False,2012-12,False,2012-12,False,2012-12,False,2012-12,False
20043,7945,KS,9,2012-12,False,2012-12,False,2013-06,False,2012-12,False,2012-12,False,2013-06,False
20045,110826,KS,9,2010-12,False,2010-12,False,2010-12,False,2011-12,False,2012-12,False,2012-12,False
20047,3037,KS,9,2012-12,False,2012-12,False,2013-06,False,2012-12,False,2012-12,False,2013-06,False
20049,2882,KS,9,2013-06,False,2013-06,False,2013-12,False,2013-06,False,2013-06,False,2013-12,False
20051,28452,KS,9,2012-06,False,2012-06,False,2012-06,False,2012-06,False,2012-06,False,2012-06,False
20053,6497,KS,9,2012-12,False,2012-12,False,2012-12,False,2012-12,False,2012-12,False,2012-12,False
20055,36776,KS,9,2012-06,False,2012-06,False,2012-06,False,2012-06,False,2012-06,False,2012-06,False
20057,33848,KS,9,2012-06,False,2012-06,False,2012-06,False,2012-06,False,2012-06,False,2012-06,False
20059,25992,KS,9,2012-06,False,2012-06,False,2012-12,False,2012-12,False,2013-06,False,2013-12,False
20061,34362,KS,9,2012-12,False,2012-12,False,2012-12,False,2012-12,False,2012-12,False,2012-12,False
20063,2695,KS,9,2012-06,False,2012-06,False,2012-06,False,2012-06,False,2012-06,False,2012-06,False
20065,2597,KS,9,2013-12,False,,True,,True,2013-12,False,,True,,True
20067,7829,KS,9,2010-12,False,2010-12,False,2010-12,False,2010-12,False,2010-12,False,2010-12,False
20069,6006,KS,9,2012-06,False,2012-06,False,2012-12,False,2012-06,False,2012-06,False,2012-12,False
20071,1247,KS,9,2013-12,False,2013-12,False,2013-12,False,2013-12,False,2013-12,False,2013-12,False
20073,6689,KS,9,2013-06,False,2013-12,False,2013-12,False,2013-06,False,2013-12,False,2013-12,False
20075,2690,KS,9,2012-12,False,2012-12,False,2012-12,False,2012-12,False,2012-12,False,2012-12,False
20077,6034,KS,9,2013-12,False,2014-06,False,2014-06,False,2013-12,False,2014-06,False,2014-06,False
20079,34684,KS,9,2011-12,False,2011-12,False,2011-12,False,2011-12,False,2011-12,False,2011-12,False
20081,4256,KS,9,2012-12,False,2012-12,False,2012-12,False,2012-12,False,2012-12,False,2012-12,False
20083,1916,KS,9,2012-12,False,2013-06,False,2013-06,False,2012-12,False,2013-06,False,2013-06,False
20085,13462,KS,9,2012-12,False,2013-06,False,2013-06,False,2012-12,False,2013-06,False,2013-06,False
20087,19126,KS,9,2012-12,False,2012-12,False,2012-12,False,2012-12,False,2012-12,False,2012-12,False
20089,3077,KS,9,2013-06,False,2013-06,False,2013-12,False,2013-06,False,2013-06,False,2013-12,False
20091,544179,KS,9,2010-12,False,2010-12,False,2010-12,False,2011-06,False,2011-12,False,2011-12,False
20093,3977,KS,9,2012-06,False,2012-06,False,2012-12,False,2012-06,False,2012-06,False,2012-12,False
20095,7858,KS,9,2012-12,False,2012-12,False,2012-12,False,2012-12,False,2013-06,False,2013-06,False
20097,2553,KS,9,2012-12,False,2012-12,False,2012-12,False,2012-12,False,2012-12,False,2012-12,False
20099,21607,KS,9,2012-12,False,2012-12,False,2012-12,False,2012-12,False,2012-12,False,2012-12,False
20101,1750,KS,9,2013-12,False,2013-12,False,2013-12,False,2013-12,False,2013-12,False,2013-12,False
20103,76227,KS,9,2011-12,False,2011-12,False,2011-12,False,2011-12,False,2011-12,False,2011-12,False
20105,3241,KS,9,2012-12,False,2012-12,False,2012-12,False,2012-12,False,2012-12,False,2012-12,False
20107,9656,KS,9,2012-12,False,2013-06,False,2013-06,False,2012-12,False,2013-06,False,2013-06,False
20109,2756,KS,9,2012-12,False,2012-12,False,2012-12,False,2012-12,False,2012-12,False,2012-12,False
20111,33690,KS,9,2012-06,False,2012-06,False,2012-06,False,2012-12,False,2012-12,False,2012-12,False
20113,29180,KS,9,2012-12,False,2012-12,False,2012-12,False,2012-12,False,2012-12,False,2012-12,False
20115,12660,KS,9,2012-12,False,2013-06,False,2013-12,False,2012-12,False,2013-06,False,2013-12,False
20117,10117,KS,9,2013-06,False,2013-06,False,2013-12,False,2013-06,False,2013-06,False,2013-12,False
20119,4575,KS,9,2013-12,False,2013-12,False,2013-12,False,2013-12,False,2013-12,False,2013-12,False
20121,32787,KS,9,2011-12,False,2012-12,False,2012-12,False,2011-12,False,2012-12,False,2012-12,False
20123,6373,KS,9,2013-06,False,2013-06,False,2013-06,False,2013-06,False,2013-06,False,2013-06,False
20125,35471,KS,9,2012-12,False,2012-12,False,2012-12,False,2012-12,False,2012-12,False,2012-12,False
20127,5923,KS,9,2012-12,False,2013-06,False,2013-06,False,2012-12,False,2013-06,False,2013-06,False
20129,3233,KS,9,2013-12,False,2013-12,False,2013-12,False,2013-12,False,2013-12,False,2013-12,False
20131,10178,KS,9,2013-06,False,2013-06,False,2013-06,False,2013-06,False,2013-06,False,2013-06,False
20133,16512,KS,9,2012-12,False,2012-12,False,2012-12,False,2012-12,False,2012-12,False,2012-12,False
20135,3107,KS,9,2013-06,False,2013-06,False,2013-06,False,2013-06,False,2013-06,False,2013-06,False
20137,5671,KS,9,2013-06,False,2013-06,False,2013-06,False,2013-06,False,2013-06,False,2013-06,False
20139,16295,KS,9,2012-12,False,2013-06,False,2013-06,False,2012-12,False,2013-06,False,2013-06,False
20141,3858,KS,9,2013-06,False,2013-06,False,2013-06,False,2013-06,False,2013-06,False,2013-06,False
20143,6091,KS,9,2012-12,False,2012-12,False,2012-12,False,2012-12,False,2012-12,False,2012-12,False
20145,6973,KS,9,2012-12,False,2013-06,False,2013-06,False,2012-12,False,2013-06,False,2013-06,False
20147,5642,KS,9,2013-06,False,2013-06,False,2013-06,False,2013-06,False,2013-06,False,2013-06,False
20149,21604,KS,9,2012-12,False,2012-12,False,2012-12,False,2012-12,False,2012-12,False,2012-12,False
20151,9656,KS,9,2012-12,False,2012-12,False,2012-12,False,2012-12,False,2012-12,False,2012-12,False
20153,2519,KS,9,2013-06,False,2013-12,False,2013-12,False,2013-06,False,2013-12,False,2013-12,False
20155,64511,KS,9,2012-12,False,2012-12,False,2012-12,False,2012-12,False,2012-12,False,2012-12,False
20157,4980,KS,9,2012-12,False,2013-12,False,2013-12,False,2012-12,False,2013-12,False,2013-12,False
20159,10083,KS,9,2012-12,False,2013-06,False,2013-06,False,2012-12,False,2013-06,False,2013-06,False
20161,71115,KS,9,2010-12,False,2010-12,False,2010-12,False,2012-12,False,2012-12,False,2012-12,False
20163,5181,KS,9,2013-06,False,2013-06,False,2013-06,False,2013-06,False,2013-06,False,2013-06,False
20165,3307,KS,9,2012-06,False,2012-12,False,2012-12,False,2012-06,False,2012-12,False,2012-12,False
20167,6970,KS,9,2012-06,False,2012-12,False,2012-12,False,2012-06,False,2012-12,False,2012-12,False
20169,55606,KS,9,2012-12,False,2012-12,False,2012-12,False,2012-12,False,2012-12,False,2012-12,False
20171,4936,KS,9,2013-12,False,2013-12,False,2013-12,False,2013-12,False,2013-12,False,2013-12,False
20173,498365,KS,9,2010-12,False,2010-12,False,2010-12,False,2011-06,False,2011-06,False,2011-06,False
20175,22952,KS,9,2010-12,False,2010-12,False,2010-12,False,2010-12,False,2010-12,False,2010-12,False
20177,177934,KS,9,2010-12,False,2010-12,False,2010-12,False,2012-12,False,2012-12,False,2012-12,False
20179,2556,KS,9,2012-06,False,2012-12,False,2012-12,False,2012-06,False,2012-12,False,2012-12,False
20181,6010,KS,9,2012-12,False,2013-12,False,2013-12,False,2012-12,False,2013-12,False,2013-12,False
20183,3853,KS,9,2013-06,False,2013-06,False,2013-06,False,2013-06,False,2013-06,False,2013-06,False
20185,4437,KS,9,2012-12,False,2013-06,False,2013-06,False,2012-12,False,2013-06,False,2013-06,False
20187,2235,KS,9,2013-06,False,2013-06,False,2013-06,False,2013-06,False,2013-06,False,2013-06,False
20189,5724,KS,9,2010-12,False,2010-12,False,2010-12,False,2010-12,False,2010-12,False,2010-12,False
20191,24132,KS,9,2011-12,False,2012-12,False,2012-12,False,2011-12,False,2013-06,False,2013-06,False
20193,7900,KS,9,2012-12,False,2012-12,False,2012-12,False,2012-12,False,2012-12,False,2012-12,False
20195,3001,KS,9,2012-06,False,2012-06,False,2012-06,False,2012-06,False,2012-06,False,2012-06,False
20197,7053,KS,9,2012-12,False,2012-12,False,2013-06,False,2012-12,False,2012-12,False,2013-12,False
20199,1485,KS,9,2013-12,False,2013-12,False,2013-12,False,2013-12,False,2013-12,False,2013-12,False
20201,5799,KS,9,2013-06,False,2013-06,False,2013-06,False,2013-06,False,2013-06,False,2013-06,False
20203,2234,KS,9,2013-06,False,2013-06,False,2013-06,False,2013-06,False,2013-06,False,2013-06,False
20205,9409,KS,9,2012-12,False,2013-06,False,2013-06,False,2012-12,False,2013-06,False,2013-06,False
20207,3309,KS,9,2013-06,False,2013-06,False,2014-06,False,2013-06,False,2013-06,False,2014-06,False
20209,157505,KS,9,2010-12,False,2010-12,False,2010-12,False,2011-12,False,2011-12,False,2011-12,False
21001,18656,KY,9,2013-06,False,2013-06,False,2013-06,False,2013-06,False,2013-06,False,2013-06,False
21003,19956,KY,9,2012-06,False,2012-12,False,2013-06,False,2012-06,False,2012-12,False,2013-06,False
21005,21421,KY,9,2011-12,False,2011-12,False,2011-12,False,2011-12,False,2011-12,False,2011-12,False
21007,8249,KY,9,2013-06,False,2013-06,False,2013-12,False,2013-06,False,2013-06,False,2013-12,False
21009,42173,KY,9,2012-12,False,2012-12,False,2012-12,False,2012-12,False,2012-12,False,2012-12,False
21011,11591,KY,9,2012-12,False,2012-12,False,2013-12,False,2012-12,False,2012-12,False,2013-12,False
21013,28691,KY,9,2013-06,False,2013-06,False,2013-06,False,2013-06,False,2013-06,False,2013-06,False
21015,118811,KY,9,2010-12,False,2010-12,False,2010-12,False,2010-12,False,2010-12,False,2010-12,False
21017,19985,KY,9,2012-06,False,2012-06,False,2012-06,False,2012-06,False,2012-06,False,2012-06,False
21019,49542,KY,9,2012-06,False,2012-06,False,2012-06,False,2012-06,False,2012-06,False,2012-06,False
21021,28432,KY,9,2012-12,False,2012-12,False,2012-12,False,2012-12,False,2012-12,False,2012-12,False
21023,8488,KY,9,2012-12,False,2013-06,False,2013-06,False,2012-12,False,2013-06,False,2013-06,False
21025,13878,KY,9,,True,,True,,True,,True,,True,,True
21027,20059,KY,9,2013-06,False,2013-06,False,2013-12,False,2013-06,False,2013-06,False,2013-12,False
21029,74319,KY,9,2010-12,False,2011-12,False,2011-12,False,2011-12,False,2011-12,False,2011-12,False
21031,12690,KY,9,2013-06,False,2013-06,False,2013-12,False,2013-06,False,2013-06,False,2013-12,False
21033,12984,KY,9,2013-12,False,2013-12,False,2013-12,False,2013-12,False,2013-12,False,2013-12,False
21035,37191,KY,9,2012-12,False,2013-12,False,2013-12,False,2012-12,False,2013-12,False,2013-12,False
21037,90336,KY,9,2010-12,False,2010-12,False,2010-12,False,2010-12,False,2010-12,False,2010-12,False
21039,5104,KY,9,2013-12,False,2013-12,False,2013-12,False,2013-12,False,2013-12,False,2013-12,False
21041,10811,KY,9,2011-12,False,2011-12,False,2011-12,False,2011-12,False,2011-12,False,2011-12,False
21043,27720,KY,9,2012-12,False,2012-12,False,2013-12,False,2012-12,False,2012-12,False,2013-12,False
21045,15955,KY,9,2013-06,False,2013-06,False,2013-12,False,2013-06,False,2013-06,False,2013-12,False
21047,73955,KY,9,2011-06,False,2011-06,False,2011-06,False,2011-06,False,2011-06,False,2011-06,False
21049,35613,KY,9,2011-12,False,2011-12,False,2011-12,False,2011-12,False,2011-12,False,2011-12,False
21051,21730,KY,9,2013-06,False,2013-06,False,,True,2013-06,False,2013-06,False,,True
21053,10272,KY,9,2013-06,False,2013-06,False,2013-06,False,2013-06,False,2013-06,False,2013-06,False
21055,9315,KY,9,2013-12,False,2013-12,False,2013-12,False,2013-12,False,2013-12,False,2013-12,False
21057,6856,KY,9,2013-12,False,2013-12,False,,True,2013-12,False,2013-12,False,,True
21059,96656,KY,9,2011-12,False,2011-12,False,2011-12,False,2011-12,False,2011-12,False,2011-12,False
21061,12161,KY,9,2012-12,False,2013-12,False,2014-06,False,2012-12,False,2013-12,False,2014-06,False
21063,7852,KY,9,2013-12,False,,True,,True,2013-12,False,,True,,True
21065,14672,KY,9,2014-06,False,,True,,True,2014-06,False,,True,,True
21067,295803,KY,9,2011-12,False,2011-12,False,2011-12,False,2011-12,False,2011-12,False,2011-12,False
21069,14348,KY,9,2013-06,False,2013-06,False,2013-06,False,2013-06,False,2013-06,False,2013-06,False
21071,39451,KY,9,2014-06,False,2014-06,False,,True,2014-06,False,2014-06,False,,True
21073,49285,KY,9,2011-12,False,2011-12,False,2011-12,False,2011-12,False,2011-12,False,2011-12,False
21075,6813,KY,9,2013-06,False,2013-12,False,2013-12,False,2013-06,False,2013-12,False,2013-12,False
21077,8589,KY,9,2011-12,False,2011-12,False,2011-12,False,2011-12,False,2011-12,False,2011-12,False
21079,16912,KY,9,2012-12,False,2013-12,False,2013-12,False,2012-12,False,2013-12,False,2013-12,False
21081,24662,KY,9,2012-12,False,2012-12,False,2012-12,False,2012-12,False,2012-12,False,2012-12,False
21083,37121,KY,9,2013-12,False,2013-12,False,2013-12,False,2013-12,False,2013-12,False,2013-12,False
21085,25746,KY,9,2013-06,False,2013-06,False,2013-12,False,2013-06,False,2013-06,False,2013-12,False
21087,11258,KY,9,2013-06,False,,True,,True,2013-06,False,,True,,True
21089,36910,KY,9,2012-06,False,2012-06,False,2012-12,False,2012-06,False,2012-06,False,2012-12,False
21091,8565,KY,9,2012-12,False,2012-12,False,2013-12,False,2012-12,False,2012-12,False,2013-12,False
21093,105543,KY,9,2012-06,False,2012-12,False,2012-12,False,2012-12,False,2012-12,False,2012-12,False
21095,29278,KY,9,2013-06,False,2014-06,False,,True,2013-06,False,2014-06,False,,True
21097,18846,KY,9,2012-06,False,2012-06,False,2012-12,False,2012-06,False,2012-06,False,2012-12,False
21099,18199,KY,9,2012-12,False,2012-12,False,2013-06,False,2012-12,False,2012-12,False,2013-06,False
21101,46250,KY,9,2011-12,False,2011-12,False,2012-06,False,2011-12,False,2011-12,False,2012-06,False
21103,15416,KY,9,2011-12,False,2011-12,False,2011-12,False,2011-12,False,2011-12,False,2011-12,False
21105,4902,KY,9,2013-12,False,2013-12,False,2013-12,False,2013-12,False,2013-12,False,2013-12,False
21107,46920,KY,9,2013-06,False,2013-06,False,2013-06,False,2013-06,False,2013-06,False,2013-06,False
21109,13494,KY,9,,True,,True,,True,,True,,True,,True
21111,741096,KY,9,2010-12,False,2010-12,False,2010-12,False,2011-06,False,2011-06,False,2011-12,False
21113,48586,KY,9,2011-12,False,2011-12,False,2011-12,False,2011-12,False,2011-12,False,2011-12,False
21115,23356,KY,9,2014-06,False,,True,,True,2014-06,False,,True,,True
21117,159720,KY,9,2010-12,False,2010-12,False,2010-12,False,2010-12,False,2010-12,False,2010-12,False
21119,16346,KY,9,2014-06,False,,True,,True,2014-06,False,,True,,True
21121,31883,KY,9,2013-06,False,2013-06,False,2013-12,False,2013-06,False,2013-06,False,2013-12,False
21123,14193,KY,9,2012-12,False,2012-12,False,2013-06,False,2012-12,False,2012-12,False,2013-06,False
21125,58849,KY,9,2013-06,False,2013-06,False,2013-06,False,2013-06,False,2013-06,False,2013-06,False
21127,15860,KY,9,2012-12,False,2014-06,False,,True,2012-12,False,2014-06,False,,True
21129,7887,KY,9,,True,,True,,True,,True,,True,,True
21131,11310,KY,9,2013-12,False,,True,,True,2013-12,False,,True,,True
21133,24519,KY,9,2014-06,False,2014-06,False,,True,2014-06,False,2014-06,False,,True
21135,13870,KY,9,2013-12,False,2013-12,False,2014-06,False,2013-12,False,2013-12,False,2014-06,False
21137,24742,KY,9,2013-12,False,2013-12,False,2013-12,False,2013-12,False,2013-12,False,2013-12,False
21139,9519,KY,9,2013-06,False,2013-12,False,2013-12,False,2013-06,False,2013-12,False,2013-12,False
21141,26835,KY,9,2012-12,False,2012-12,False,2013-06,False,2012-12,False,2012-12,False,2013-06,False
21143,8314,KY,9,2013-12,False,2013-12,False,2013-12,False,2013-12,False,2013-12,False,2013-12,False
21145,65565,KY,9,2012-06,False,2012-06,False,2012-06,False,2013-06,False,2013-06,False,2013-06,False
21147,18306,KY,9,2013-06,False,2013-06,False,2014-06,False,2013-06,False,2013-06,False,2014-06,False
21149,9531,KY,9,2012-12,False,2013-06,False,2013-12,False,2012-12,False,2013-06,False,2013-12,False
21151,82916,KY,9,2011-12,False,2012-06,False,2013-12,False,2012-06,False,2012-12,False,2013-12,False
21153,13333,KY,9,,True,,True,,True,,True,,True,,True
21155,19820,KY,9,2014-06,False,2014-06,False,2014-06,False,2014-06,False,2014-06,False,2014-06,False
21157,31448,KY,9,2013-12,False,2013-12,False,2013-12,False,2013-12,False,2013-12,False,2013-12,False
21159,12929,KY,9,2014-06,False,2014-06,False,,True,2014-06,False,2014-06,False,,True
21161,17490,KY,9,2012-12,False,2013-06,False,2013-06,False,2012-12,False,2013-06,False,2013-06,False
21163,28602,KY,9,2012-12,False,2013-06,False,2013-06,False,2012-12,False,2013-06,False,2013-06,False
21165,6306,KY,9,2013-12,False,2013-12,False,,True,2013-12,False,2013-12,False,,True
21167,21331,KY,9,2012-12,False,2012-12,False,2012-12,False,2012-12,False,2012-12,False,2012-12,False
21169,10099,KY,9,2014-06,False,2014-06,False,,True,2014-06,False,2014-06,False,,True
21171,10963,KY,9,2013-06,False,2013-06,False,,True,2013-06,False,2013-06,False,,True
21173,26499,KY,9,2013-12,False,2013-12,False,2013-12,False,2013-12,False,2013-12,False,2013-12,False
21175,13923,KY,9,2014-06,False,,True,,True,2014-06,False,,True,,True
21177,31499,KY,9,2013-06,False,2013-06,False,2013-06,False,2013-06,False,2013-06,False,2013-06,False
21179,43437,KY,9,2011-12,False,2012-06,False,2012-12,False,2011-12,False,2012-12,False,2012-12,False
21181,7135,KY,9,2012-12,False,2013-06,False,2013-06,False,2012-12,False,2013-06,False,2013-06,False
21183,23842,KY,9,2013-06,False,2013-06,False,2013-06,False,2013-06,False,2013-06,False,2013-06,False
21185,60316,KY,9,2011-06,False,2011-12,False,2011-12,False,2011-12,False,2011-12,False,2011-12,False
21187,10841,KY,9,2011-12,False,2013-12,False,2013-12,False,2011-12,False,2013-12,False,2013-12,False
21189,4755,KY,9,2014-06,False,2014-06,False,,True,2014-06,False,2014-06,False,,True
21191,14877,KY,9,2012-12,False,2012-12,False,2013-12,False,2012-12,False,2012-12,False,2013-12,False
21193,28712,KY,9,2014-06,False,2014-06,False,,True,2014-06,False,2014-06,False,,True
21195,65024,KY,9,2014-06,False,,True,,True,2014-06,False,,True,,True
21197,12613,KY,9,2014-06,False,2014-06,False,,True,2014-06,False,2014-06,False,,True
21199,63063,KY,9,2013-06,False,2013-06,False,2013-06,False,2013-06,False,2013-06,False,2013-06,False
21201,2282,KY,9,2012-12,False,2013-06,False,2013-12,False,2012-12,False,2013-06,False,2013-12,False
21203,17056,KY,9,2013-12,False,2013-12,False,2013-12,False,2013-12,False,2013-12,False,2013-12,False
21205,23333,KY,9,2013-06,False,2013-06,False,2013-06,False,2013-06,False,2013-06,False,2013-06,False
21207,17565,KY,9,2013-06,False,2013-06,False,2013-06,False,2013-06,False,2013-06,False,2013-06,False
21209,47173,KY,9,2011-12,False,2011-12,False,2011-12,False,2011-12,False,2011-12,False,2011-12,False
21211,42074,KY,9,2011-12,False,2011-12,False,2011-12,False,2011-12,False,2011-12,False,2011-12,False
21213,17327,KY,9,2012-06,False,2012-06,False,2012-06,False,2012-06,False,2012-06,False,2012-06,False
21215,17061,KY,9,2011-12,False,2011-12,False,2011-12,False,2011-12,False,2011-12,False,2011-12,False
21217,24512,KY,9,2013-06,False,2013-06,False,2013-06,False,2013-06,False,2013-06,False,2013-06,False
21219,12460,KY,9,2011-06,False,2013-12,False,2013-12,False,2011-06,False,2013-12,False,2013-12,False
21221,14339,KY,9,2011-06,False,2013-12,False,2013-12,False,2011-06,False,2013-12,False,2013-12,False
21223,8809,KY,9,2011-12,False,2011-12,False,2012-12,False,2011-12,False,2011-12,False,2012-12,False
21225,15007,KY,9,2012-06,False,2013-06,False,2013-12,False,2012-06,False,2013-06,False,2013-12,False
21227,113792,KY,9,2011-12,False,2011-12,False,2011-12,False,2012-12,False,2012-12,False,2012-12,False
21229,11717,KY,9,2013-12,False,2013-12,False,2013-12,False,2013-12,False,2013-12,False,2014-06,False
21231,20813,KY,9,2013-06,False,2013-06,False,2013-06,False,2013-06,False,2013-06,False,2013-06,False
21233,13621,KY,9,2013-06,False,2013-06,False,2013-06,False,2013-06,False,2013-06,False,2013-06,False
21235,35637,KY,9,2013-06,False,2013-06,False,2013-06,False,2013-06,False,2013-06,False,2013-06,False
21237,7355,KY,9,,True,,True,,True,,True,,True,,True
21239,24939,KY,9,2011-12,False,2011-12,False,2011-12,False,2011-12,False,2011-12,False,2011-12,False
22001,61773,LA,9,2011-12,False,2011-12,False,2012-12,False,2011-12,False,2011-12,False,2013-06,False
22003,25764,LA,9,2013-06,False,2013-06,False,2013-06,False,2013-06,False,2013-06,False,2013-06,False
22005,107215,LA,9,2011-06,False,2011-06,False,2011-12,False,2011-12,False,2011-12,False,2011-12,False
22007,23421,LA,9,2012-06,False,2012-06,False,2012-06,False,2012-06,False,2012-12,False,2013-06,False
22009,42073,LA,9,2012-12,False,2012-12,False,2013-06,False,2012-12,False,2012-12,False,2013-06,False
22011,35654,LA,9,2012-12,False,2013-06,False,2013-06,False,2012-12,False,2013-06,False,2013-06,False
22013,14353,LA,9,2012-06,False,2013-06,False,2013-06,False,2012-06,False,2013-06,False,2013-06,False
22015,116979,LA,9,2011-06,False,2011-12,False,2011-12,False,2011-06,False,2011-12,False,2011-12,False
22017,254969,LA,9,2011-06,False,2011-06,False,2011-12,False,2011-06,False,2011-06,False,2011-12,False
22019,192768,LA,9,2012-06,False,2012-06,False,2012-06,False,2012-06,False,2012-06,False,2012-06,False
22021,10132,LA,9,2013-06,False,2013-06,False,2013-12,False,2013-06,False,2013-06,False,2013-12,False
22023,6839,LA,9,2012-06,False,2012-06,False,2012-12,False,2012-06,False,2012-06,False,2012-12,False
22025,10407,LA,9,2013-06,False,2013-06,False,2013-06,False,2013-06,False,2013-06,False,2013-06,False
22027,17195,LA,9,2012-06,False,2013-06,False,2013-06,False,2012-06,False,2013-06,False,2013-06,False
22029,20822,LA,9,2012-12,False,2012-12,False,2013-06,False,2012-12,False,2012-12,False,2013-06,False
22031,26656,LA,9,2011-12,False,2012-12,False,2012-12,False,2011-12,False,2012-12,False,2012-12,False
22033,440171,LA,9,2010-06,False,2010-12,False,2010-12,False,2011-12,False,2011-12,False,2011-12,False
22035,7759,LA,9,2013-06,False,2013-06,False,2013-06,False,2013-06,False,2013-06,False,2013-06,False
22037,20267,LA,9,2013-06,False,2013-06,False,2013-06,False,2013-06,False,2013-06,False,2013-06,False
22039,33984,LA,9,2013-06,False,2013-06,False,2013-06,False,2013-06,False,2013-06,False,2013-06,False
22041,20767,LA,9,2013-06,False,2013-06,False,2013-06,False,2013-06,False,2013-06,False,2013-06,False
22043,22309,LA,9,2012-12,False,2012-12,False,2013-06,False,2012-12,False,2012-12,False,2013-06,False
22045,73240,LA,9,2011-12,False,2012-06,False,2012-06,False,2011-12,False,2012-12,False,2013-06,False
22047,33387,LA,9,2011-06,False,2012-12,False,2013-06,False,2011-12,False,2012-12,False,2013-06,False
22049,16274,LA,9,2012-12,False,2012-12,False,2013-06,False,2012-12,False,2012-12,False,2013-06,False
22051,432552,LA,9,2010-06,False,2010-06,False,2010-06,False,2010-12,False,2010-12,False,2010-12,False
22053,31594,LA,9,2012-12,False,2012-12,False,2012-12,False,2013-06,False,2013-06,False,2013-06,False
22055,221578,LA,9,2010-12,False,2010-12,False,2010-12,False,2011-06,False,2011-06,False,2011-06,False
22057,96318,LA,9,2012-06,False,2012-06,False,2012-06,False,2012-06,False,2012-06,False,2012-06,False
22059,14890,LA,9,2013-12,False,2013-12,False,2013-12,False,2013-12,False,2013-12,False,2013-12,False
22061,46735,LA,9,2012-12,False,2012-12,False,2012-12,False,2012-12,False,2012-12,False,2012-12,False
22063,128026,LA,9,2010-12,False,2011-06,False,2011-12,False,2011-12,False,2011-12,False,2011-12,False
22065,12093,LA,9,2012-12,False,2012-12,False,2012-12,False,2012-12,False,2012-12,False,2012-12,False
22067,27979,LA,9,2013-06,False,2013-06,False,2013-06,False,2013-06,False,2013-06,False,2013-06,False
22069,39566,LA,9,2012-12,False,2012-12,False,2013-06,False,2012-12,False,2012-12,False,2013-06,False
22071,343829,LA,9,2010-06,False,2010-06,False,2010-06,False,2010-12,False,2010-12,False,2010-12,False
22073,153720,LA,9,2012-06,False,2012-06,False,2012-06,False,2012-06,False,2012-06,False,2012-06,False
22075,23042,LA,9,2010-06,False,2011-06,False,2011-12,False,2010-12,False,2011-06,False,2011-12,False
22077,22802,LA,9,2013-06,False,2013-06,False,2013-06,False,2013-06,False,2013-06,False,2013-06,False
22079,131613,LA,9,2012-12,False,2012-12,False,2012-12,False,2012-12,False,2012-12,False,2012-12,False
22081,9091,LA,9,2012-12,False,2012-12,False,2013-06,False,2012-12,False,2012-12,False,2013-06,False
22083,20725,LA,9,2012-12,False,2012-12,False,2013-06,False,2012-12,False,2012-12,False,2013-06,False
22085,24233,LA,9,2013-06,False,2013-06,False,2013-12,False,2013-06,False,2013-06,False,2013-12,False
22087,35897,LA,9,2010-06,False,2010-12,False,2010-12,False,2010-12,False,2010-12,False,2010-12,False
22089,52780,LA,9,2010-12,False,2010-12,False,2010-12,False,2010-12,False,2010-12,False,2010-12,False
22091,11203,LA,9,2012-06,False,2013-06,False,2013-06,False,2012-06,False,2013-06,False,2013-06,False
22093,22102,LA,9,2012-06,False,2012-06,False,2012-06,False,2012-06,False,2012-06,False,2012-06,False
22095,45924,LA,9,2011-12,False,2012-06,False,2012-06,False,2011-12,False,2012-06,False,2012-06,False
22097,83384,LA,9,2011-12,False,2012-12,False,2012-12,False,2011-12,False,2012-12,False,2012-12,False
22099,52160,LA,9,2011-06,False,2011-12,False,2011-12,False,2011-06,False,2011-12,False,2011-12,False
22101,54650,LA,9,2012-06,False,2012-06,False,2012-06,False,2013-06,False,2013-06,False,2013-06,False
22103,233740,LA,9,2010-12,False,2010-12,False,2011-06,False,2010-12,False,2010-12,False,2011-06,False
22105,121097,LA,9,2011-12,False,2011-12,False,2011-12,False,2011-12,False,2011-12,False,2011-12,False
22107,5252,LA,9,2013-06,False,2013-12,False,2013-12,False,2013-06,False,2013-12,False,2013-12,False
22109,111860,LA,9,2012-06,False,2012-06,False,2012-06,False,2012-06,False,2012-06,False,2012-06,False
22111,22721,LA,9,2012-12,False,2012-12,False,2013-06,False,2012-12,False,2012-12,False,2013-06,False
22113,57999,LA,9,2011-06,False,2011-12,False,2012-12,False,2011-06,False,2011-12,False,2012-12,False
22115,52334,LA,9,2013-12,False,2013-12,False,2013-12,False,2013-12,False,2013-12,False,2014-06,False
22117,47168,LA,9,2013-06,False,2013-06,False,2013-06,False,2013-06,False,2013-06,False,2013-06,False
22119,41207,LA,9,2012-06,False,2012-06,False,2013-06,False,2012-06,False,2012-06,False,2013-06,False
22121,23788,LA,9,2010-06,False,2011-06,False,2011-06,False,2011-12,False,2011-12,False,2011-12,False
22123,11604,LA,9,2013-06,False,2013-06,False,2013-06,False,2013-06,False,2013-06,False,2013-06,False
22125,15625,LA,9,2013-06,False,2013-06,False,2014-06,False,2013-06,False,2013-06,False,2014-06,False
22127,15313,LA,9,2013-06,False,2013-06,False,2013-12,False,2013-06,False,2013-06,False,2013-12,False
23001,107702,ME,9,2012-12,False,2012-12,False,2012-12,False,2012-12,False,2012-12,False,2012-12,False
23003,71870,ME,9,2012-12,False,2013-06,False,2013-06,False,2012-12,False,2013-06,False,2013-06,False
23005,281674,ME,9,2012-06,False,2012-06,False,2012-06,False,2012-06,False,2012-06,False,2012-06,False
23007,30768,ME,9,2013-06,False,2013-06,False,2013-12,False,2013-06,False,2013-06,False,2013-12,False
23009,54418,ME,9,2012-12,False,2013-06,False,2013-12,False,2012-12,False,2013-06,False,2013-12,False
23011,122151,ME,9,2012-12,False,2012-12,False,2012-12,False,2012-12,False,2012-12,False,2012-12,False
23013,39736,ME,9,2012-12,False,2012-12,False,2012-12,False,2012-12,False,2012-12,False,2012-12,False
23015,34457,ME,9,2013-06,False,2013-12,False,2013-12,False,2013-06,False,2013-12,False,2013-12,False
23017,57833,ME,9,2012-12,False,2012-12,False,2013-06,False,2012-12,False,2012-12,False,2013-06,False
23019,153923,ME,9,2012-12,False,2012-12,False,2012-12,False,2012-12,False,2012-12,False,2012-12,False
23021,17535,ME,9,2013-06,False,2013-06,False,2013-06,False,2013-06,False,2013-06,False,2013-06,False
23023,35293,ME,9,2013-06,False,2013-06,False,2013-12,False,2013-06,False,2013-06,False,2013-12,False
23025,52228,ME,9,2012-12,False,2013-06,False,2013-06,False,2012-12,False,2013-06,False,2013-06,False
23027,38786,ME,9,2012-12,False,2012-12,False,2012-12,False,2012-12,False,2012-12,False,2012-12,False
23029,32856,ME,9,2013-12,False,2013-12,False,2013-12,False,2013-12,False,2013-12,False,2013-12,False
23031,197131,ME,9,2012-06,False,2012-06,False,2013-06,False,2012-06,False,2012-06,False,2013-06,False
24001,75087,MD,9,2012-12,False,2012-12,False,2012-12,False,2013-12,False,2013-12,False,2013-12,False
24003,537656,MD,9,2010-06,False,2010-06,False,2010-06,False,2010-06,False,2011-06,False,2011-06,False
24005,805029,MD,9,2010-06,False,2010-06,False,2010-06,False,2010-06,False,2010-06,False,2011-06,False
24009,88737,MD,9,2012-06,False,2012-06,False,2012-06,False,2012-06,False,2012-06,False,2012-06,False
24011,33066,MD,9,2012-06,False,2012-12,False,2012-12,False,2012-06,False,2012-12,False,2012-12,False
24013,167134,MD,9,2011-12,False,2011-12,False,2012-06,False,2011-12,False,2011-12,False,2012-06,False
24015,101108,MD,9,2010-06,False,2011-12,False,2012-06,False,2011-12,False,2012-06,False,2012-06,False
24017,146551,MD,9,2010-12,False,2010-12,False,2012-06,False,2011-06,False,2011-06,False,2012-06,False
24019,32618,MD,9,2012-06,False,2012-06,False,2012-06,False,2012-06,False,2012-06,False,2012-06,False
24021,233385,MD,9,2010-12,False,2011-12,False,2011-12,False,2011-06,False,2011-12,False,2011-12,False
24023,30097,MD,9,2012-12,False,2012-12,False,2012-12,False,2013-12,False,2013-12,False,2013-12,False
24025,244826,MD,9,2010-06,False,2010-06,False,2011-06,False,2011-06,False,2011-06,False,2011-06,False
24027,287085,MD,9,2010-06,False,2010-06,False,2010-06,False,2010-06,False,2010-06,False,2011-06,False
24029,20197,MD,9,2011-12,False,2012-06,False,2012-06,False,2011-12,False,2012-06,False,2012-06,False
24031,971777,MD,9,2010-06,False,2010-06,False,2010-06,False,2010-06,False,2011-06,False,2011-06,False
24033,863420,MD,9,2010-06,False,2010-06,False,2010-06,False,2010-06,False,2010-06,False,2011-06,False
24035,47798,MD,9,2011-06,False,2011-12,False,2012-06,False,2011-06,False,2011-12,False,2012-06,False
24037,105151,MD,9,2012-06,False,2012-06,False,2012-06,False,2012-06,False,2012-06,False,2012-06,False
24039,26470,MD,9,2012-12,False,2012-12,False,2012-12,False,2012-12,False,2012-12,False,2012-12,False
24041,37782,MD,9,2012-06,False,2012-06,False,2012-06,False,2012-06,False,2012-06,False,2012-06,False
24043,147430,MD,9,2010-12,False,2011-12,False,2011-12,False,2011-12,False,2011-12,False,2011-12,False
24045,98733,MD,9,2012-06,False,2012-06,False,2012-06,False,2012-06,False,2012-06,False,2012-06,False
24047,51454,MD,9,2012-06,False,2012-06,False,2012-12,False,2012-06,False,2012-06,False,2012-12,False
24510,620961,MD,9,2010-06,False,2010-06,False,2010-06,False,2010-06,False,2010-06,False,2010-06,False
25001,215888,MA,9,2011-06,False,2011-06,False,2011-06,False,2011-06,False,2011-06,False,2011-06,False
25003,131219,MA,9,2012-12,False,2012-12,False,2012-12,False,2012-12,False,2012-12,False,2012-12,False
25005,548285,MA,9,2010-06,False,2010-12,False,2010-12,False,2011-06,False,2011-06,False,2011-06,False
25007,16535,MA,9,2011-06,False,2011-06,False,2011-06,False,2011-06,False,2011-06,False,2011-06,False
25009,743159,MA,9,2010-12,False,2010-12,False,2010-12,False,2010-12,False,2010-12,False,2011-06,False
25011,71372,MA,9,2012-12,False,2012-12,False,2013-12,False,2012-12,False,2012-12,False,2013-12,False
25013,463490,MA,9,2010-12,False,2011-06,False,2011-06,False,2011-12,False,2011-12,False,2011-12,False
25015,158080,MA,9,2010-12,False,2011-12,False,2011-12,False,2011-12,False,2011-12,False,2011-12,False
25017,1503085,MA,9,2010-06,False,2010-12,False,2010-12,False,2010-12,False,2010-12,False,2010-12,False
25019,10172,MA,9,2012-12,False,2012-12,False,2012-12,False,2012-12,False,2012-12,False,2012-12,False
25021,670850,MA,9,2010-12,False,2010-12,False,2010-12,False,2010-12,False,2010-12,False,2011-06,False
25023,494919,MA,9,2010-12,False,2010-12,False,2010-12,False,2010-12,False,2011-06,False,2011-06,False
25025,722023,MA,9,2010-12,False,2010-12,False,2010-12,False,2010-12,False,2010-12,False,2010-12,False
25027,798552,MA,9,2010-12,False,2011-06,False,2011-12,False,2011-06,False,2011-06,False,2011-12,False
26001,10942,MI,9,2013-12,False,2013-12,False,2013-12,False,2013-12,False,2013-12,False,2013-12,False
26003,9601,MI,9,2013-06,False,2013-12,False,2013-12,False,2013-06,False,2013-12,False,2013-12,False
26005,111408,MI,9,2011-12,False,2011-12,False,2012-12,False,2011-12,False,2011-12,False,2012-12,False
26007,29598,MI,9,2013-06,False,2013-06,False,2013-06,False,2013-06,False,2013-06,False,2013-06,False
26009,23580,MI,9,2012-12,False,2012-12,False,2012-12,False,2012-12,False,2012-12,False,2012-12,False
26011,15899,MI,9,2013-06,False,2013-06,False,2013-12,False,2013-06,False,2013-06,False,2013-12,False
26013,8860,MI,9,2013-12,False,2013-12,False,2013-12,False,2013-12,False,2013-12,False,2013-12,False
26015,59173,MI,9,2012-12,False,2013-06,False,2013-06,False,2012-12,False,2013-06,False,2013-06,False
26017,107771,MI,9,2011-12,False,2011-12,False,2011-12,False,2011-12,False,2011-12,False,2011-12,False
26019,17525,MI,9,2012-06,False,2013-06,False,2013-06,False,2012-06,False,2013-06,False,2013-06,False
26021,156813,MI,9,2011-06,False,2011-12,False,2012-12,False,2011-12,False,2011-12,False,2012-12,False
26023,45248,MI,9,2013-12,False,2013-12,False,2013-12,False,2013-12,False,2013-12,False,2013-12,False
26025,136146,MI,9,2010-12,False,2011-06,False,2012-12,False,2012-12,False,2012-12,False,2012-12,False
26027,52293,MI,9,2011-12,False,2013-06,False,2013-12,False,2011-12,False,2013-06,False,2013-12,False
26029,25949,MI,9,2012-12,False,2012-12,False,2012-12,False,2012-12,False,2012-12,False,2012-12,False
26031,26152,MI,9,2013-06,False,2013-06,False,2013-12,False,2013-06,False,2013-06,False,2013-12,False
26033,38520,MI,9,2013-12,False,2013-12,False,2014-06,False,2013-12,False,2013-12,False,2014-06,False
26035,30926,MI,9,2013-06,False,2013-06,False,2013-06,False,2013-06,False,2013-06,False,2013-06,False
26037,75382,MI,9,2011-06,False,2011-06,False,2011-12,False,2011-06,False,2011-06,False,2011-12,False
26039,14074,MI,9,2013-06,False,2013-06,False,2013-06,False,2013-06,False,2013-06,False,2013-06,False
26041,37069,MI,9,2012-12,False,2012-12,False,2013-12,False,2012-12,False,2012-12,False,2013-12,False
26043,26168,MI,9,2013-06,False,2013-06,False,2013-06,False,2013-06,False,2013-06,False,2013-06,False
26045,107759,MI,9,2011-06,False,2011-12,False,2011-12,False,2011-06,False,2011-12,False,2011-12,False
26047,32694,MI,9,2012-12,False,2012-12,False,2012-12,False,2012-12,False,2012-12,False,2012-12,False
26049,425790,MI,9,2010-12,False,2011-06,False,2011-06,False,2011-06,False,2011-06,False,2011-06,False
26051,25692,MI,9,2013-06,False,2013-06,False,2013-12,False,2013-06,False,2013-06,False,2013-12,False
26053,16427,MI,9,2012-12,False,2012-12,False,2012-12,False,2012-12,False,2012-12,False,2012-12,False
26055,86986,MI,9,2012-06,False,2012-06,False,2012-06,False,2012-06,False,2012-06,False,2012-06,False
26057,42476,MI,9,2013-06,False,2013-06,False,2013-06,False,2013-06,False,2013-06,False,2013-06,False
26059,46688,MI,9,2013-06,False,2013-12,False,2013-12,False,2013-06,False,2013-12,False,2013-12,False
26061,36628,MI,9,2012-06,False,2012-06,False,2012-06,False,2012-06,False,2012-06,False,2012-06,False
26063,33118,MI,9,2013-06,False,2013-06,False,2013-06,False,2013-06,False,2013-06,False,2013-06,False
26065,280895,MI,9,2010-12,False,2010-12,False,2011-06,False,2011-06,False,2011-06,False,2011-06,False
26067,63905,MI,9,2012-12,False,2012-12,False,2013-06,False,2012-12,False,2012-12,False,2013-06,False
26069,25887,MI,9,2013-12,False,2013-12,False,2013-12,False,2013-12,False,2013-12,False,2013-12,False
26071,11817,MI,9,2013-06,False,2013-12,False,2013-12,False,2013-06,False,2013-12,False,2013-12,False
26073,70311,MI,9,2011-12,False,2011-12,False,2011-12,False,2011-12,False,2011-12,False,2011-12,False
26075,160248,MI,9,2010-12,False,2011-06,False,2012-12,False,2012-12,False,2012-12,False,2012-12,False
26077,250331,MI,9,2010-12,False,2011-06,False,2011-12,False,2011-12,False,2011-12,False,2011-12,False
26079,17153,MI,9,2012-12,False,2013-06,False,2013-06,False,2012-12,False,2013-06,False,2013-06,False
26081,602622,MI,9,2010-12,False,2010-12,False,2011-06,False,2011-06,False,2011-06,False,2011-12,False
26083,2156,MI,9,2012-12,False,2012-12,False,,True,2012-12,False,2012-12,False,,True
26085,11539,MI,9,2013-06,False,2013-06,False,2013-12,False,2013-06,False,2013-06,False,2014-06,False
26087,88319,MI,9,2012-12,False,2012-12,False,2012-12,False,2012-12,False,2012-12,False,2012-12,False
26089,21708,MI,9,2012-06,False,2013-06,False,2013-06,False,2012-06,False,2013-06,False,2013-06,False
26091,99892,MI,9,2012-12,False,2013-06,False,2013-06,False,2012-12,False,2013-06,False,2013-06,False
26093,180967,MI,9,2011-06,False,2011-06,False,2011-12,False,2011-06,False,2011-06,False,2012-06,False
26095,6631,MI,9,2013-12,False,2013-12,False,2013-12,False,2013-12,False,2013-12,False,2013-12,False
26097,11113,MI,9,2013-12,False,2013-12,False,2014-06,False,2013-12,False,2013-12,False,2014-06,False
26099,840978,MI,9,2010-12,False,2010-12,False,2010-12,False,2011-06,False,2011-06,False,2011-06,False
26101,24733,MI,9,2013-06,False,2013-06,False,2013-06,False,2013-06,False,2013-06,False,2013-06,False
26103,67077,MI,9,2012-12,False,2012-12,False,2012-12,False,2012-12,False,2012-12,False,2012-12,False
26105,28705,MI,9,2013-06,False,2013-06,False,2013-06,False,2013-06,False,2013-06,False,2013-06,False
26107,42798,MI,9,2011-12,False,2013-06,False,2013-06,False,2011-12,False,2013-06,False,2013-06,False
26109,24029,MI,9,2012-12,False,2012-12,False,2012-12,False,2012-12,False,2012-12,False,2012-12,False
26111,83629,MI,9,2011-12,False,2011-12,False,2011-12,False,2011-12,False,2011-12,False,2011-12,False
26113,14849,MI,9,2013-06,False,2013-06,False,2013-06,False,2013-06,False,2013-06,False,2013-06,False
26115,152021,MI,9,2011-06,False,2012-12,False,2012-12,False,2011-12,False,2012-12,False,2012-12,False
26117,63342,MI,9,2013-06,False,2013-06,False,2013-06,False,2013-06,False,2013-06,False,2013-06,False
26119,9765,MI,9,2013-12,False,2013-12,False,2013-12,False,2013-12,False,2013-12,False,2013-12,False
26121,172188,MI,9,2011-12,False,2012-12,False,2012-12,False,2011-12,False,2012-12,False,2012-12,False
26123,48460,MI,9,2013-06,False,2013-06,False,2013-06,False,2013-06,False,2013-06,False,2013-06,False
26125,1202362,MI,9,2010-12,False,2010-12,False,2010-12,False,2011-06,False,2011-06,False,2011-06,False
26127,26570,MI,9,2013-06,False,2013-06,False,2013-12,False,2013-06,False,2013-06,False,2013-12,False
26129,21699,MI,9,2013-06,False,2013-06,False,2013-06,False,2013-06,False,2013-06,False,2013-06,False
26131,6780,MI,9,2012-12,False,2013-12,False,2013-12,False,2012-12,False,2013-12,False,2013-12,False
26133,23528,MI,9,2013-06,False,2013-06,False,2013-06,False,2013-06,False,2013-06,False,2013-06,False
26135,8640,MI,9,2013-06,False,2013-06,False,2013-12,False,2013-06,False,2013-06,False,2013-12,False
26137,24164,MI,9,2013-12,False,2013-12,False,2013-12,False,2013-12,False,2013-12,False,2013-12,False
26139,263801,MI,9,2011-06,False,2011-06,False,2011-12,False,2011-12,False,2011-12,False,2011-12,False
26141,13376,MI,9,2013-12,False,2013-12,False,2013-12,False,2013-12,False,2013-12,False,2013-12,False
26143,24449,MI,9,2013-06,False,2013-06,False,2013-06,False,2013-06,False,2013-06,False,2013-06,False
26145,200169,MI,9,2011-12,False,2011-12,False,2011-12,False,2011-12,False,2011-12,False,2011-12,False
26147,163040,MI,9,2011-06,False,2011-12,False,2012-06,False,2011-06,False,2011-12,False,2012-06,False
26149,61295,MI,9,2012-06,False,2013-06,False,2013-06,False,2012-06,False,2013-06,False,2013-06,False
26151,43114,MI,9,2012-12,False,2013-06,False,2013-06,False,2012-12,False,2013-06,False,2013-06,False
26153,8485,MI,9,2013-12,False,2013-12,False,2013-12,False,2013-12,False,2013-12,False,2013-12,False
26155,70648,MI,9,2011-12,False,2013-06,False,2013-06,False,2011-12,False,2013-06,False,2013-06,False
26157,55729,MI,9,2012-12,False,2013-06,False,2013-06,False,2012-12,False,2013-06,False,2013-06,False
26159,76258,MI,9,2011-12,False,2012-06,False,2012-12,False,2011-12,False,2012-06,False,2012-12,False
26161,344791,MI,9,2010-12,False,2010-12,False,2011-06,False,2011-06,False,2011-06,False,2011-06,False
26163,1820584,MI,9,2010-12,False,2010-12,False,2010-12,False,2011-06,False,2011-06,False,2011-06,False
26165,32735,MI,9,2013-06,False,2013-06,False,2013-06,False,2013-06,False,2013-06,False,2013-06,False
27001,16202,MN,9,2012-12,False,2012-12,False,2013-06,False,2012-12,False,2012-12,False,2013-06,False
27003,330844,MN,9,2010-12,False,2010-12,False,2010-12,False,2011-06,False,2011-06,False,2011-06,False
27005,32504,MN,9,2012-12,False,2012-12,False,2012-12,False,2012-12,False,2012-12,False,2012-12,False
27007,44442,MN,9,2012-12,False,2012-12,False,2013-06,False,2012-12,False,2012-12,False,2013-06,False
27009,38451,MN,9,2010-12,False,2011-12,False,2011-12,False,2011-12,False,2011-12,False,2011-12,False
27011,5269,MN,9,2012-12,False,2012-12,False,2012-12,False,2012-12,False,2012-12,False,2012-12,False
27013,64013,MN,9,2012-12,False,2012-12,False,2012-12,False,2012-12,False,2012-12,False,2012-12,False
27015,25893,MN,9,2012-12,False,2013-06,False,2013-06,False,2012-12,False,2013-06,False,2013-06,False
27017,35386,MN,9,2011-12,False,2011-12,False,2012-12,False,2011-12,False,2011-12,False,2012-12,False
27019,91042,MN,9,2010-12,False,2010-12,False,2010-12,False,2011-06,False,2011-06,False,2011-06,False
27021,28567,MN,9,2012-12,False,2012-12,False,2012-12,False,2012-12,False,2012-12,False,2012-12,False
27023,12441,MN,9,2012-12,False,2012-12,False,2012-12,False,2012-12,False,2012-12,False,2012-12,False
27025,53887,MN,9,2010-12,False,2011-12,False,2011-12,False,2011-06,False,2011-12,False,2011-12,False
27027,58999,MN,9,2011-12,False,2011-12,False,2011-12,False,2011-12,False,2011-12,False,2011-12,False
27029,8695,MN,9,2012-12,False,2012-12,False,2012-12,False,2012-12,False,2012-12,False,2012-12,False
27031,5176,MN,9,2014-06,False,2014-06,False,,True,2014-06,False,2014-06,False,,True
27033,11687,MN,9,2012-12,False,2012-12,False,2012-12,False,2012-12,False,2012-12,False,2012-12,False
27035,62500,MN,9,2012-12,False,2012-12,False,2012-12,False,2012-12,False,2012-12,False,2012-12,False
27037,398552,MN,9,2010-12,False,2010-12,False,2010-12,False,2011-06,False,2011-06,False,2011-06,False
27039,20087,MN,9,2011-12,False,2012-12,False,2012-12,False,2011-12,False,2012-12,False,2012-12,False
27041,36009,MN,9,2012-06,False,2012-06,False,2012-12,False,2012-06,False,2012-06,False,2012-12,False
27043,14553,MN,9,2012-12,False,2012-12,False,2012-12,False,2012-12,False,2012-12,False,2012-12,False
27045,20866,MN,9,2012-12,False,2013-06,False,2013-06,False,2012-12,False,2013-06,False,2013-06,False
27047,31255,MN,9,2011-12,False,2011-12,False,2011-12,False,2011-12,False,2011-12,False,2011-12,False
27049,46183,MN,9,2010-12,False,2013-06,False,2013-06,False,2011-12,False,2013-06,False,2013-06,False
27051,6018,MN,9,2012-12,False,2012-12,False,2012-12,False,2012-12,False,2012-12,False,2012-12,False
27053,1152425,MN,9,2010-12,False,2010-12,False,2010-12,False,2011-06,False,2011-06,False,2011-06,False
27055,19027,MN,9,2013-06,False,2013-06,False,2013-06,False,2013-06,False,2013-06,False,2013-06,False
27057,20428,MN,9,2012-12,False,2012-12,False,2012-12,False,2012-12,False,2012-12,False,2012-12,False
27059,37816,MN,9,2012-06,False,2012-06,False,2012-12,False,2012-12,False,2012-12,False,2012-12,False
27061,45058,MN,9,2012-12,False,2012-12,False,2012-12,False,2012-12,False,2012-12,False,2012-12,False
27063,10266,MN,9,2012-12,False,2012-12,False,2012-12,False,2012-12,False,2012-12,False,2012-12,False
27065,16239,MN,9,2012-12,False,2012-12,False,2012-12,False,2012-12,False,2012-12,False,2012-12,False
27067,42239,MN,9,2012-12,False,2012-12,False,2012-12,False,2012-12,False,2012-12,False,2012-12,False
27069,4552,MN,9,2013-06,False,2013-06,False,2013-06,False,2013-06,False,2013-06,False,2013-06,False
27071,13311,MN,9,2013-06,False,2013-06,False,2013-06,False,2013-06,False,2013-06,False,2013-06,False
27073,7259,MN,9,2012-12,False,2012-12,False,2012-12,False,2012-12,False,2012-12,False,2012-12,False
27075,10866,MN,9,2013-12,False,2013-12,False,2013-12,False,2013-12,False,2013-12,False,2013-12,False
27077,4045,MN,9,2013-06,False,2013-06,False,2013-06,False,2013-06,False,2013-06,False,2013-06,False
27079,27703,MN,9,2011-12,False,2012-12,False,2013-06,False,2011-12,False,2012-12,False,2013-06,False
27081,5896,MN,9,2012-12,False,2012-12,False,2012-12,False,2012-12,False,2012-12,False,2012-12,False
27083,25857,MN,9,2012-12,False,2012-12,False,2012-12,False,2012-12,False,2012-12,False,2012-12,False
27085,36651,MN,9,2012-12,False,2012-12,False,2012-12,False,2012-12,False,2012-12,False,2012-12,False
27087,5413,MN,9,2012-12,False,2012-12,False,2012-12,False,2012-12,False,2012-12,False,2012-12,False
27089,9439,MN,9,2012-12,False,2012-12,False,2013-06,False,2012-12,False,2012-12,False,2013-06,False
27091,20840,MN,9,2012-12,False,2012-12,False,2012-12,False,2012-12,False,2012-12,False,2012-12,False
27093,23300,MN,9,2012-12,False,2012-12,False,2012-12,False,2012-12,False,2012-12,False,2012-12,False
27095,26097,MN,9,2012-12,False,2012-12,False,2012-12,False,2012-12,False,2012-12,False,2012-12,False
27097,33198,MN,9,2012-12,False,2012-12,False,2012-12,False,2012-12,False,2012-12,False,2012-12,False
27099,39163,MN,9,2011-12,False,2011-12,False,2011-12,False,2011-12,False,2011-12,False,2011-12,False
27101,8725,MN,9,2013-06,False,2013-06,False,2013-06,False,2013-06,False,2013-06,False,2013-06,False
27103,32727,MN,9,2012-12,False,2012-12,False,2012-12,False,2012-12,False,2012-12,False,2012-12,False
27105,21378,MN,9,2012-12,False,2012-12,False,2012-12,False,2012-12,False,2012-12,False,2012-12,False
27107,6852,MN,9,2012-12,False,2012-12,False,2012-12,False,2012-12,False,2012-12,False,2012-12,False
27109,144248,MN,9,2010-12,False,2010-12,False,2011-06,False,2011-12,False,2011-12,False,2011-12,False
27111,57303,MN,9,2012-12,False,2012-12,False,2012-12,False,2012-12,False,2012-12,False,2012-12,False
27113,13930,MN,9,2012-12,False,2012-12,False,2012-12,False,2012-12,False,2012-12,False,2012-12,False
27115,29750,MN,9,2012-12,False,2012-12,False,2012-12,False,2012-12,False,2012-12,False,2012-12,False
27117,9596,MN,9,2012-12,False,2012-12,False,2012-12,False,2012-12,False,2012-12,False,2012-12,False
27119,31600,MN,9,2012-12,False,2012-12,False,2012-12,False,2012-12,False,2012-12,False,2012-12,False
27121,10995,MN,9,2012-12,False,2012-12,False,2012-12,False,2012-12,False,2012-12,False,2012-12,False
27123,508640,MN,9,2010-12,False,2010-12,False,2010-12,False,2011-06,False,2011-06,False,2011-06,False
27125,4089,MN,9,2012-12,False,2012-12,False,2012-12,False,2012-12,False,2012-12,False,2012-12,False
27127,16059,MN,9,2012-12,False,2013-06,False,2013-06,False,2012-12,False,2013-06,False,2013-06,False
27129,15730,MN,9,2012-12,False,2012-12,False,2012-12,False,2012-12,False,2012-12,False,2012-12,False
27131,64142,MN,9,2010-12,False,2010-12,False,2010-12,False,2011-12,False,2012-12,False,2012-12,False
27133,9687,MN,9,2012-12,False,2012-12,False,2012-12,False,2012-12,False,2012-12,False,2012-12,False
27135,15629,MN,9,2013-06,False,2013-06,False,2013-06,False,2013-06,False,2013-06,False,2013-06,False
27137,200226,MN,9,2011-12,False,2011-12,False,2012-12,False,2011-12,False,2011-12,False,2012-12,False
27139,129928,MN,9,2010-12,False,2010-12,False,2010-12,False,2011-06,False,2011-06,False,2011-06,False
27141,88499,MN,9,2010-12,False,2010-12,False,2011-12,False,2011-06,False,2011-12,False,2011-12,False
27143,15226,MN,9,2012-12,False,2012-12,False,2012-12,False,2012-12,False,2012-12,False,2012-12,False
27145,150642,MN,9,2010-12,False,2010-12,False,2011-12,False,2011-12,False,2011-12,False,2011-12,False
27147,36576,MN,9,2010-12,False,2010-12,False,2010-12,False,2012-12,False,2012-12,False,2012-12,False
27149,9726,MN,9,2012-12,False,2012-12,False,2012-12,False,2012-12,False,2012-12,False,2012-12,False
27151,9783,MN,9,2012-12,False,2012-12,False,2012-12,False,2012-12,False,2012-12,False,2012-12,False
27153,24895,MN,9,2012-12,False,2012-12,False,2012-12,False,2012-12,False,2012-12,False,2012-12,False
27155,3558,MN,9,2012-12,False,2012-12,False,2012-12,False,2012-12,False,2012-12,False,2012-12,False
27157,21676,MN,9,2012-12,False,2013-06,False,2013-12,False,2012-12,False,2013-06,False,2013-12,False
27159,13843,MN,9,2012-12,False,2012-12,False,2012-12,False,2012-12,False,2012-12,False,2012-12,False
27161,19136,MN,9,2012-12,False,2012-12,False,2012-12,False,2012-12,False,2012-12,False,2012-12,False
27163,238136,MN,9,2010-12,False,2010-12,False,2010-12,False,2011-06,False,2011-06,False,2011-06,False
27165,11211,MN,9,2012-12,False,2012-12,False,2012-12,False,2012-12,False,2012-12,False,2012-12,False
27167,6576,MN,9,2012-12,False,2012-12,False,2012-12,False,2012-12,False,2012-12,False,2012-12,False
27169,51461,MN,9,2012-12,False,2012-12,False,2012-12,False,2012-12,False,2012-12,False,2012-12,False
27171,124700,MN,9,2010-12,False,2010-12,False,2011-06,False,2011-06,False,2011-06,False,2011-06,False
27173,10438,MN,9,2012-12,False,2012-12,False,2013-06,False,2012-12,False,2012-12,False,2013-06,False
28001,32297,MS,9,2012-12,False,2012-12,False,2012-12,False,2012-12,False,2012-12,False,2012-12,False
28003,37057,MS,9,2012-12,False,2012-12,False,2012-12,False,2012-12,False,2012-12,False,2012-12,False
28005,13131,MS,9,2013-06,False,2013-06,False,2013-06,False,2013-06,False,2013-06,False,2013-06,False
28007,19564,MS,9,2013-06,False,2013-06,False,2013-06,False,2013-06,False,2013-06,False,2013-06,False
28009,8729,MS,9,2012-12,False,2013-06,False,2013-06,False,2012-12,False,2013-06,False,2013-06,False
28011,34145,MS,9,2012-12,False,2012-12,False,2012-12,False,2012-12,False,2012-12,False,2012-12,False
28013,14962,MS,9,2011-06,False,2013-06,False,2013-12,False,2013-06,False,2013-06,False,2013-12,False
28015,10597,MS,9,2012-12,False,2013-06,False,2013-06,False,2012-12,False,2013-06,False,2013-06,False
28017,17392,MS,9,2011-12,False,2012-12,False,2013-06,False,2012-12,False,2013-06,False,2013-12,False
28019,8547,MS,9,2012-12,False,2013-06,False,2013-06,False,2012-12,False,2013-06,False,2013-06,False
28021,9604,MS,9,2013-06,False,2013-06,False,2013-06,False,2013-06,False,2013-06,False,2013-06,False
28023,16732,MS,9,2012-12,False,2012-12,False,2013-06,False,2012-12,False,2012-12,False,2013-06,False
28025,20634,MS,9,2012-12,False,2012-12,False,2012-12,False,2012-12,False,2012-12,False,2012-12,False
28027,26151,MS,9,2012-12,False,2012-12,False,2012-12,False,2012-12,False,2012-12,False,2012-12,False
28029,29449,MS,9,2013-06,False,2013-06,False,2013-06,False,2013-06,False,2013-06,False,2013-06,False
28031,19568,MS,9,2012-12,False,2012-12,False,2012-12,False,2012-12,False,2012-12,False,2012-12,False
28033,161252,MS,9,2010-06,False,2011-06,False,2011-06,False,2011-12,False,2011-12,False,2012-06,False
28035,74934,MS,9,2011-06,False,2011-06,False,2011-06,False,2012-12,False,2012-12,False,2012-12,False
28037,8118,MS,9,2013-06,False,2013-06,False,2013-06,False,2013-06,False,2013-06,False,2013-06,False
28039,22578,MS,9,2013-06,False,2013-06,False,2013-12,False,2013-06,False,2013-06,False,2013-12,False
28041,14400,MS,9,2013-12,False,2013-12,False,2013-12,False,2013-12,False,2013-12,False,2013-12,False
28043,21906,MS,9,2011-12,False,2011-12,False,2012-12,False,2012-12,False,2012-12,False,2012-12,False
28045,43929,MS,9,2012-12,False,2012-12,False,2013-06,False,2012-12,False,2012-12,False,2013-06,False
28047,187105,MS,9,2010-12,False,2010-12,False,2010-12,False,2012-06,False,2012-06,False,2012-06,False
28049,245285,MS,9,2011-06,False,2011-06,False,2011-06,False,2012-06,False,2012-06,False,2012-06,False
28051,19198,MS,9,2013-06,False,2013-06,False,2013-06,False,2013-06,False,2013-06,False,2013-06,False
28053,9375,MS,9,2013-06,False,2013-12,False,2013-12,False,2013-06,False,2013-12,False,2013-12,False
28055,1406,MS,9,2012-06,False,2012-06,False,2012-06,False,2012-06,False,2012-06,False,2012-06,False
28057,23401,MS,9,2012-12,False,2013-06,False,2013-06,False,2012-12,False,2013-06,False,2013-06,False
28059,139668,MS,9,2011-06,False,2012-06,False,2012-06,False,2012-06,False,2012-06,False,2012-06,False
28061,17062,MS,9,2012-12,False,2012-12,False,2013-06,False,2012-12,False,2012-12,False,2013-06,False
28063,7726,MS,9,2013-06,False,2013-06,False,2013-06,False,2013-06,False,2013-06,False,2013-06,False
28065,12487,MS,9,2013-06,False,2013-06,False,2013-06,False,2013-06,False,2013-06,False,2013-06,False
28067,67761,MS,9,2012-12,False,2012-12,False,2012-12,False,2012-12,False,2012-12,False,2012-12,False
28069,10456,MS,9,2012-12,False,2012-12,False,2013-12,False,2012-12,False,2012-12,False,2013-12,False
28071,47351,MS,9,2012-06,False,2012-06,False,2012-06,False,2012-06,False,2012-06,False,2012-12,False
28073,55658,MS,9,2011-06,False,2012-12,False,2012-12,False,2012-12,False,2012-12,False,2012-12,False
28075,80261,MS,9,2011-06,False,2011-06,False,2012-12,False,2012-12,False,2012-12,False,2012-12,False
28077,12929,MS,9,2012-12,False,2013-06,False,2013-06,False,2012-12,False,2013-06,False,2013-06,False
28079,23805,MS,9,2012-12,False,2012-12,False,2012-12,False,2012-12,False,2012-12,False,2012-12,False
28081,82910,MS,9,2011-12,False,2011-12,False,2012-06,False,2011-12,False,2011-12,False,2012-06,False
28083,32317,MS,9,2012-12,False,2012-12,False,2012-12,False,2012-12,False,2012-12,False,2012-12,False
28085,34869,MS,9,2012-12,False,2012-12,False,2012-12,False,2012-12,False,2012-12,False,2012-12,False
28087,59779,MS,9,2012-06,False,2012-06,False,2012-06,False,2012-06,False,2012-06,False,2012-06,False
28089,95203,MS,9,2011-06,False,2011-06,False,2012-06,False,2012-06,False,2012-06,False,2012-06,False
28091,27088,MS,9,2013-06,False,2013-06,False,2013-06,False,2013-06,False,2013-06,False,2013-06,False
28093,37144,MS,9,2012-12,False,2012-12,False,2012-12,False,2012-12,False,2012-12,False,2012-12,False
28095,36989,MS,9,2012-12,False,2012-12,False,2012-12,False,2012-12,False,2012-12,False,2012-12,False
28097,10925,MS,9,2013-06,False,2013-06,False,2013-06,False,2013-06,False,2013-06,False,2013-06,False
28099,29676,MS,9,2012-12,False,2012-12,False,2012-12,False,2012-12,False,2012-12,False,2012-12,False
28101,21720,MS,9,2012-12,False,2012-12,False,2013-06,False,2012-12,False,2012-12,False,2013-06,False
28103,11545,MS,9,2012-12,False,2013-06,False,2013-06,False,2012-12,False,2013-06,False,2013-06,False
28105,47671,MS,9,2011-12,False,2011-12,False,2011-12,False,2011-12,False,2011-12,False,2011-12,False
28107,34707,MS,9,2012-12,False,2012-12,False,2012-12,False,2012-12,False,2012-12,False,2012-12,False
28109,55834,MS,9,2013-06,False,2013-06,False,2013-06,False,2013-06,False,2013-06,False,2013-06,False
28111,12250,MS,9,2012-12,False,2012-12,False,2013-12,False,2012-12,False,2012-12,False,2013-12,False
28113,40404,MS,9,2012-12,False,2012-12,False,2012-12,False,2012-12,False,2012-12,False,2012-12,False
28115,29957,MS,9,2012-12,False,2012-12,False,2013-06,False,2012-12,False,2013-06,False,2013-06,False
28117,25276,MS,9,2012-12,False,2012-12,False,2012-12,False,2012-12,False,2012-12,False,2012-12,False
28119,8223,MS,9,2011-12,False,2011-12,False,2013-06,False,2013-06,False,2013-06,False,2013-06,False
28121,141617,MS,9,2011-06,False,2011-06,False,2012-06,False,2012-06,False,2012-06,False,2012-06,False
28123,28264,MS,9,2013-06,False,2013-06,False,2013-06,False,2013-06,False,2013-06,False,2013-06,False
28125,4916,MS,9,2012-06,False,2012-06,False,2012-06,False,2012-06,False,2012-06,False,2012-06,False
28127,27503,MS,9,2012-12,False,2012-12,False,2013-06,False,2012-12,False,2012-12,False,2013-06,False
28129,16491,MS,9,2013-06,False,2013-06,False,2013-12,False,2013-06,False,2013-06,False,2013-12,False
28131,17786,MS,9,2013-06,False,2013-06,False,2013-06,False,2013-06,False,2013-06,False,2013-06,False
28133,29450,MS,9,2012-12,False,2012-12,False,2012-12,False,2012-12,False,2012-12,False,2012-12,False
28135,15378,MS,9,2011-06,False,2013-06,False,2013-06,False,2013-06,False,2013-06,False,2013-12,False
28137,28886,MS,9,2012-12,False,2012-12,False,2013-06,False,2012-12,False,2012-12,False,2013-06,False
28139,22232,MS,9,2013-06,False,2013-06,False,2013-06,False,2013-06,False,2013-06,False,2013-06,False
28141,19593,MS,9,2013-06,False,2013-06,False,2013-06,False,2013-06,False,2013-06,False,2013-06,False
28143,10778,MS,9,2012-06,False,2012-06,False,2012-06,False,2012-06,False,2012-06,False,2012-06,False
28145,27134,MS,9,2012-06,False,2012-12,False,2012-12,False,2012-12,False,2012-12,False,2012-12,False
28147,15443,MS,9,2012-12,False,2012-12,False,2013-06,False,2012-12,False,2012-12,False,2013-06,False
28149,48773,MS,9,2012-12,False,2012-12,False,2012-12,False,2012-12,False,2012-12,False,2012-12,False
28151,51137,MS,9,2011-12,False,2011-12,False,2012-06,False,2012-06,False,2012-06,False,2012-06,False
28153,20747,MS,9,2012-12,False,2012-12,False,2014-06,False,2012-12,False,2012-12,False,2014-06,False
28155,10253,MS,9,2013-06,False,2013-06,False,2013-06,False,2013-06,False,2013-06,False,2013-06,False
28157,9878,MS,9,2013-06,False,2013-12,False,2013-12,False,2013-06,False,2013-12,False,2013-12,False
28159,19198,MS,9,2012-12,False,2012-12,False,2012-12,False,2012-12,False,2012-12,False,2012-12,False
28161,12678,MS,9,2011-06,False,2012-06,False,2012-12,False,2012-12,False,2013-06,False,2013-06,False
28163,28065,MS,9,2012-12,False,2012-12,False,2012-12,False,2012-12,False,2012-12,False,2012-12,False
29001,25607,MO,9,2013-06,False,2013-06,False,2013-06,False,2013-12,False,2013-12,False,2013-12,False
29003,17291,MO,9,2012-06,False,2012-12,False,2012-12,False,2012-12,False,2012-12,False,2012-12,False
29005,5685,MO,9,2013-12,False,2013-12,False,2013-12,False,2013-12,False,2013-12,False,2013-12,False
29007,25529,MO,9,2013-12,False,2013-12,False,2013-12,False,2013-12,False,2013-12,False,2013-12,False
29009,35597,MO,9,2011-12,False,2012-12,False,2013-12,False,2011-12,False,2012-12,False,2013-12,False
29011,12402,MO,9,2013-06,False,2013-12,False,2013-12,False,2013-12,False,2013-12,False,2013-12,False
29013,17049,MO,9,2012-12,False,2013-06,False,2013-06,False,2012-12,False,2013-06,False,2013-06,False
29015,19056,MO,9,2013-12,False,2013-12,False,,True,2013-12,False,2013-12,False,,True
29017,12363,MO,9,2012-12,False,2012-12,False,2013-12,False,2012-12,False,2012-12,False,2013-12,False
29019,162642,MO,9,2012-12,False,2012-12,False,2012-12,False,2012-12,False,2012-12,False,2012-12,False
29021,89201,MO,9,2011-12,False,2011-12,False,2011-12,False,2012-12,False,2012-12,False,2012-12,False
29023,42794,MO,9,2013-06,False,2013-06,False,2013-12,False,2013-12,False,2013-12,False,2013-12,False
29025,9424,MO,9,2012-12,False,2012-12,False,2013-06,False,2012-12,False,2012-12,False,2013-06,False
29027,44332,MO,9,2012-12,False,2012-12,False,2012-12,False,2012-12,False,2012-12,False,2012-12,False
29029,44002,MO,9,2012-06,False,2012-06,False,2012-12,False,2012-06,False,2012-06,False,2012-12,False
29031,75674,MO,9,2010-12,False,2012-06,False,2012-12,False,2012-12,False,2012-12,False,2012-12,False
29033,9295,MO,9,2012-12,False,2012-12,False,2012-12,False,2012-12,False,2012-12,False,2012-12,False
29035,6265,MO,9,2014-06,False,2014-06,False,,True,2014-06,False,2014-06,False,,True
29037,99478,MO,9,2010-12,False,2010-12,False,2011-12,False,2011-12,False,2011-12,False,2011-12,False
29039,13982,MO,9,2013-12,False,2013-12,False,2013-12,False,2013-12,False,2013-12,False,2013-12,False
29041,7831,MO,9,2012-12,False,2013-12,False,,True,2012-12,False,2014-06,False,,True
29043,77422,MO,9,2011-12,False,2011-12,False,2011-12,False,2011-12,False,2011-12,False,2011-12,False
29045,7139,MO,9,2013-12,False,2013-12,False,2013-12,False,2013-12,False,2013-12,False,2013-12,False
29047,221939,MO,9,2010-12,False,2010-12,False,2010-12,False,2011-12,False,2011-12,False,2011-12,False
29049,20743,MO,9,2011-12,False,2012-12,False,2012-12,False,2011-12,False,2012-12,False,2012-12,False
29051,75990,MO,9,2012-06,False,2012-06,False,2012-06,False,2012-06,False,2012-06,False,2012-06,False
29053,17601,MO,9,2012-12,False,2012-12,False,2012-12,False,2012-12,False,2012-12,False,2012-12,False
29055,24696,MO,9,2013-12,False,2013-12,False,2013-12,False,2013-12,False,2013-12,False,2014-06,False
29057,7883,MO,9,2013-12,False,2013-12,False,2013-12,False,2013-12,False,2013-12,False,2013-12,False
29059,16777,MO,9,2012-06,False,2012-12,False,2013-12,False,2012-06,False,2012-12,False,2013-12,False
29061,8433,MO,9,2012-12,False,2012-12,False,2012-12,False,2012-12,False,2012-12,False,2012-12,False
29063,12892,MO,9,2012-12,False,2012-12,False,2012-12,False,2012-12,False,2012-12,False,2012-12,False
29065,15657,MO,9,2012-12,False,2012-12,False,2014-06,False,2012-12,False,2012-12,False,2014-06,False
29067,13684,MO,9,2012-06,False,2012-12,False,,True,2012-06,False,2012-12,False,,True
29069,31953,MO,9,2013-06,False,2013-06,False,2013-12,False,2013-12,False,2013-12,False,2013-12,False
29071,101492,MO,9,2012-06,False,2012-12,False,2012-12,False,2012-12,False,2012-12,False,2012-12,False
29073,15222,MO,9,2014-06,False,2014-06,False,,True,2014-06,False,2014-06,False,,True
29075,6738,MO,9,2013-06,False,2013-12,False,2013-12,False,2013-06,False,2014-06,False,2014-06,False
29077,275174,MO,9,2011-12,False,2011-12,False,2011-12,False,2011-12,False,2011-12,False,2011-12,False
29079,10261,MO,9,2013-12,False,2013-12,False,2013-12,False,2013-12,False,2013-12,False,2013-12,False
29081,8957,MO,9,2012-12,False,2012-12,False,2012-12,False,2012-12,False,2012-12,False,2012-12,False
29083,22272,MO,9,2013-12,False,2013-12,False,2013-12,False,2013-12,False,2013-12,False,2013-12,False
29085,9627,MO,9,2013-12,False,2013-12,False,,True,2013-12,False,2013-12,False,,True
29087,4912,MO,9,2013-12,False,2013-12,False,2013-12,False,2013-12,False,2013-12,False,2013-12,False
29089,10144,MO,9,2012-12,False,2012-12,False,2012-12,False,2012-12,False,2012-12,False,2012-12,False
29091,40400,MO,9,2012-06,False,2012-06,False,2012-06,False,2012-06,False,2012-06,False,2012-06,False
29093,10630,MO,9,2014-06,False,2014-06,False,,True,2014-06,False,2014-06,False,,True
29095,674158,MO,9,2010-12,False,2010-12,False,2010-12,False,2011-12,False,2011-12,False,2011-12,False
29097,117404,MO,9,2011-12,False,2012-06,False,2012-12,False,2012-12,False,2012-12,False,2012-12,False
29099,218733,MO,9,2010-12,False,2010-12,False,2012-06,False,2010-12,False,2012-06,False,2012-06,False
29101,52595,MO,9,2013-06,False,2013-06,False,2013-06,False,2013-06,False,2013-06,False,2013-06,False
29103,4131,MO,9,2013-12,False,2013-12,False,2013-12,False,2013-12,False,2013-12,False,2013-12,False
29105,35571,MO,9,2012-06,False,2012-06,False,2012-06,False,2012-06,False,2012-06,False,2012-06,False
29107,33381,MO,9,2011-12,False,2012-12,False,2013-12,False,2011-12,False,2012-12,False,2013-12,False
29109,38634,MO,9,2011-12,False,2011-12,False,2011-12,False,2011-12,False,2011-12,False,2011-12,False
29111,10211,MO,9,2013-12,False,2013-12,False,2013-12,False,2013-12,False,2013-12,False,2013-12,False
29113,52566,MO,9,2010-12,False,2012-12,False,2012-12,False,2010-12,False,2012-12,False,2012-12,False
29115,12761,MO,9,2013-12,False,2013-12,False,2013-12,False,2014-06,False,2014-06,False,,True
29117,15195,MO,9,2013-12,False,2013-12,False,2013-12,False,2013-12,False,2013-12,False,2013-12,False
29119,23083,MO,9,2012-12,False,2012-12,False,2013-12,False,2012-12,False,2012-12,False,2013-12,False
29121,15566,MO,9,2013-12,False,2013-12,False,2013-12,False,,True,,True,,True
29123,12226,MO,9,2013-12,False,2013-12,False,2013-12,False,2013-12,False,2013-12,False,2013-12,False
29125,9176,MO,9,2012-12,False,2014-06,False,2014-06,False,2012-12,False,2014-06,False,2014-06,False
29127,28781,MO,9,2013-12,False,2013-12,False,2013-12,False,2013-12,False,2013-12,False,2013-12,False
29129,3785,MO,9,2012-12,False,2012-12,False,2012-12,False,2012-12,False,2012-12,False,2012-12,False
29131,24748,MO,9,2012-12,False,2012-12,False,2014-06,False,2012-12,False,2012-12,False,2014-06,False
29133,14358,MO,9,2012-12,False,2012-12,False,2013-12,False,2012-12,False,2012-12,False,2013-12,False
29135,15607,MO,9,2012-12,False,2012-12,False,2012-12,False,2012-12,False,2012-12,False,2012-12,False
29137,8840,MO,9,2013-12,False,2014-06,False,,True,2013-12,False,,True,,True
29139,12236,MO,9,2012-12,False,2012-12,False,2013-12,False,2012-12,False,2012-12,False,2014-06,False
29141,20565,MO,9,2012-12,False,2012-12,False,2012-12,False,2012-12,False,2012-12,False,2012-12,False
29143,18956,MO,9,2012-12,False,2013-12,False,2013-12,False,2012-12,False,2013-12,False,2013-12,False
29145,58114,MO,9,2012-12,False,2012-12,False,2012-12,False,2012-12,False,2012-12,False,2012-12,False
29147,23370,MO,9,2013-06,False,2013-06,False,2013-06,False,2013-06,False,2013-06,False,2013-06,False
29149,10881,MO,9,2013-12,False,2014-06,False,,True,2013-12,False,2014-06,False,,True
29151,13878,MO,9,2013-12,False,2014-06,False,2014-06,False,2013-12,False,2014-06,False,,True
29153,9723,MO,9,2012-06,False,2013-12,False,2014-06,False,2012-06,False,2013-12,False,2014-06,False
29155,18296,MO,9,2013-12,False,2013-12,False,2013-12,False,2013-12,False,2013-12,False,2013-12,False
29157,18971,MO,9,2012-12,False,2012-12,False,2012-12,False,2012-12,False,2012-12,False,2012-12,False
29159,42201,MO,9,2012-12,False,2012-12,False,2012-12,False,2012-12,False,2012-12,False,2012-12,False
29161,45156,MO,9,2012-12,False,2012-12,False,2012-12,False,2012-12,False,2012-12,False,2012-12,False
29163,18516,MO,9,2013-12,False,2013-12,False,2014-06,False,2014-06,False,,True,,True
29165,89322,MO,9,2010-12,False,2010-12,False,2010-12,False,2011-12,False,2011-12,False,2011-12,False
29167,31137,MO,9,2012-06,False,2012-06,False,2012-06,False,2012-06,False,2012-06,False,2012-06,False
29169,52274,MO,9,2012-12,False,2012-12,False,2012-12,False,2012-12,False,2012-12,False,2012-12,False
29171,4979,MO,9,2013-12,False,2013-12,False,2013-12,False,2013-12,False,2013-12,False,2013-12,False
29173,10167,MO,9,2013-12,False,2013-12,False,2013-12,False,2013-12,False,2013-12,False,2013-12,False
29175,25414,MO,9,2013-12,False,2013-12,False,2013-12,False,,True,,True,,True
29177,23494,MO,9,2012-12,False,2013-06,False,2013-12,False,2012-12,False,2013-06,False,2013-12,False
29179,6696,MO,9,2014-06,False,,True,,True,2014-06,False,,True,,True
29181,14100,MO,9,2013-12,False,2013-12,False,2013-12,False,2013-12,False,2013-12,False,2013-12,False
29183,360485,MO,9,2010-12,False,2010-12,False,2010-12,False,2010-12,False,2010-12,False,2010-12,False
29185,9805,MO,9,2013-12,False,2013-12,False,2013-12,False,2013-12,False,2013-12,False,2013-12,False
29186,18145,MO,9,2013-12,False,2013-12,False,2013-12,False,2013-12,False,2013-12,False,2013-12,False
29187,65359,MO,9,2012-06,False,2012-06,False,2013-06,False,2013-06,False,2013-06,False,2013-06,False
29189,998954,MO,9,2010-12,False,2010-12,False,2010-12,False,2010-12,False,2010-12,False,2010-12,False
29195,23370,MO,9,2012-12,False,2012-12,False,2012-12,False,2012-12,False,2012-12,False,2012-12,False
29197,4431,MO,9,2013-12,False,2013-12,False,2013-12,False,2013-12,False,2013-12,False,2013-12,False
29199,4843,MO,9,2013-12,False,2013-12,False,2013-12,False,2013-12,False,2013-12,False,2013-12,False
29201,39191,MO,9,2012-06,False,2012-06,False,2012-12,False,2012-12,False,2012-12,False,2012-12,False
29203,8441,MO,9,2014-06,False,,True,,True,2014-06,False,,True,,True
29205,6373,MO,9,2013-12,False,2013-12,False,2013-12,False,,True,,True,,True
29207,29968,MO,9,2013-06,False,2013-12,False,2013-12,False,2013-12,False,2013-12,False,2013-12,False
29209,32202,MO,9,2011-12,False,2011-12,False,2011-12,False,2011-12,False,2011-12,False,2011-12,False
29211,6714,MO,9,2013-12,False,2013-12,False,2013-12,False,2013-12,False,2013-12,False,2013-12,False
29213,51675,MO,9,2011-12,False,2011-12,False,2011-12,False,2011-12,False,2011-12,False,2011-12,False
29215,26008,MO,9,2013-12,False,2013-12,False,2014-06,False,2013-12,False,2013-12,False,2014-06,False
29217,21159,MO,9,2013-06,False,2013-06,False,2013-06,False,2013-06,False,2013-06,False,2013-06,False
29219,32513,MO,9,2012-12,False,2012-12,False,2012-12,False,2012-12,False,2012-12,False,2012-12,False
29221,25195,MO,9,2013-06,False,2013-06,False,2013-12,False,2013-06,False,2013-06,False,2013-12,False
29223,13521,MO,9,2013-12,False,2014-06,False,,True,2013-12,False,2014-06,False,,True
29225,36202,MO,9,2011-12,False,2012-06,False,2012-12,False,2011-12,False,2012-06,False,2012-12,False
29227,2171,MO,9,2014-06,False,2014-06,False,2014-06,False,2014-06,False,2014-06,False,,True
29229,18815,MO,9,2013-12,False,2013-12,False,2014-06,False,2013-12,False,2013-12,False,2014-06,False
29510,319294,MO,9,2010-12,False,2010-12,False,2010-12,False,2010-12,False,2010-12,False,2010-12,False
30001,9246,MT,9,2013-12,False,2013-12,False,2013-12,False,2013-12,False,2013-12,False,2013-12,False
30003,12865,MT,9,2012-12,False,2013-06,False,,True,2012-12,False,2013-06,False,,True
30005,6491,MT,9,,True,,True,,True,,True,,True,,True
30007,5612,MT,9,2013-06,False,2013-06,False,2013-06,False,2013-06,False,2013-06,False,2013-06,False
30009,10078,MT,9,2012-12,False,2012-12,False,2012-12,False,2012-12,False,2012-12,False,2012-12,False
30011,1160,MT,9,2013-12,False,,True,,True,2013-12,False,,True,,True
30013,81327,MT,9,2013-06,False,2013-06,False,2013-06,False,2013-06,False,2013-06,False,2013-06,False
30015,5813,MT,9,2012-12,False,2013-12,False,,True,2012-12,False,2013-12,False,,True
30017,11699,MT,9,2012-12,False,2012-12,False,2012-12,False,2012-12,False,2012-12,False,2012-12,False
30019,1751,MT,9,,True,,True,,True,,True,,True,,True
30021,8966,MT,9,2012-12,False,2012-12,False,2012-12,False,2012-12,False,2012-12,False,2012-12,False
30023,9298,MT,9,2013-06,False,2013-06,False,2013-06,False,2013-06,False,2013-06,False,2013-06,False
30025,2890,MT,9,2013-12,False,2013-12,False,2013-12,False,2013-12,False,2013-12,False,2013-12,False
30027,11586,MT,9,2012-12,False,2012-12,False,2013-12,False,2012-12,False,2012-12,False,2013-12,False
30029,90928,MT,9,2012-12,False,2012-12,False,2012-12,False,2012-12,False,2012-12,False,2012-12,False
30031,89513,MT,9,2012-12,False,2012-12,False,2012-12,False,2012-12,False,2012-12,False,2012-12,False
30033,1206,MT,9,2013-06,False,2013-12,False,,True,2013-06,False,2013-12,False,,True
30035,13399,MT,9,2013-06,False,2013-12,False,,True,2013-06,False,2013-12,False,,True
30037,884,MT,9,2013-12,False,,True,,True,2013-12,False,,True,,True
30039,3079,MT,9,2013-06,False,2013-06,False,2013-12,False,2013-06,False,2013-06,False,2013-12,False
30041,16096,MT,9,2012-12,False,2012-12,False,2013-06,False,2012-12,False,2012-12,False,2013-06,False
30043,11406,MT,9,2012-12,False,2013-06,False,2013-12,False,2012-12,False,2013-06,False,2013-12,False
30045,2072,MT,9,2013-06,False,2013-12,False,,True,2013-06,False,2013-12,False,,True
30047,28746,MT,9,2012-12,False,2013-06,False,2013-06,False,2012-12,False,2013-06,False,2013-06,False
30049,63395,MT,9,2012-12,False,2012-12,False,2012-12,False,2012-12,False,2012-12,False,2012-12,False
30051,2339,MT,9,,True,,True,,True,,True,,True,,True
30053,19687,MT,9,2013-12,False,2013-12,False,,True,2013-12,False,2013-12,False,,True
30055,1734,MT,9,2013-12,False,2013-12,False,2013-12,False,2013-12,False,2013-12,False,2013-12,False
30057,7691,MT,9,2013-12,False,2014-06,False,,True,2013-12,False,2014-06,False,,True
30059,1891,MT,9,2013-06,False,2013-06,False,,True,2013-06,False,2013-06,False,,True
30061,4223,MT,9,2013-12,False,2013-12,False,2013-12,False,2013-12,False,2013-12,False,2013-12,False
30063,109299,MT,9,2012-12,False,2012-12,False,2012-12,False,2012-12,False,2012-12,False,2012-12,False
30065,4538,MT,9,2012-12,False,2012-12,False,2013-12,False,2012-12,False,2012-12,False,2013-12,False
30067,15636,MT,9,2012-12,False,2012-12,False,2013-12,False,2012-12,False,2012-12,False,2013-12,False
30069,494,MT,9,,True,,True,,True,,True,,True,,True
30071,4253,MT,9,2013-06,False,2013-06,False,2013-12,False,2013-06,False,2013-06,False,2013-12,False
30073,6153,MT,9,2013-06,False,2013-12,False,,True,2013-06,False,2013-12,False,,True
30075,1743,MT,9,2013-12,False,2013-12,False,2013-12,False,2013-12,False,2013-12,False,2013-12,False
30077,7027,MT,9,2013-12,False,2013-12,False,2013-12,False,2013-12,False,2013-12,False,2013-12,False
30079,1179,MT,9,2013-06,False,2013-06,False,2013-12,False,2013-06,False,2013-06,False,2013-12,False
30081,40212,MT,9,2012-12,False,2012-12,False,2012-12,False,2012-12,False,2012-12,False,2012-12,False
30083,9746,MT,9,2013-06,False,2013-06,False,2013-06,False,2013-06,False,2013-06,False,2013-06,False
30085,10425,MT,9,2013-12,False,,True,,True,2013-12,False,,True,,True
30087,9233,MT,9,2013-06,False,2013-06,False,,True,2013-06,False,2013-06,False,,True
30089,11413,MT,9,2013-12,False,2013-12,False,,True,2013-12,False,2013-12,False,,True
30091,3384,MT,9,,True,,True,,True,,True,,True,,True
30093,34200,MT,9,2012-12,False,2012-12,False,2012-12,False,2012-12,False,2012-12,False,2012-12,False
30095,9117,MT,9,2012-12,False,2012-12,False,2013-12,False,2012-12,False,2012-12,False,2013-12,False
30097,3651,MT,9,2013-06,False,2013-06,False,2013-06,False,2013-06,False,2013-06,False,2013-06,False
30099,6073,MT,9,2013-06,False,2013-06,False,2013-12,False,2013-06,False,2013-06,False,2013-12,False
30101,5324,MT,9,2012-12,False,2012-12,False,2012-12,False,2012-12,False,2012-12,False,2012-12,False
30103,718,MT,9,2013-12,False,2013-12,False,2013-12,False,2013-12,False,2013-12,False,2013-12,False
30105,7369,MT,9,2012-12,False,2012-12,False,2013-12,False,2012-12,False,2012-12,False,2013-12,False
30107,2168,MT,9,2013-06,False,2013-06,False,2013-12,False,2013-06,False,2013-06,False,2013-12,False
30109,1017,MT,9,2013-12,False,2014-06,False,,True,2013-12,False,2014-06,False,,True
30111,147972,MT,9,2012-12,False,2012-12,False,2012-12,False,2012-12,False,2012-12,False,2012-12,False
31001,31364,NE,9,2012-12,False,2012-12,False,2012-12,False,2012-12,False,2012-12,False,2012-12,False
31003,6685,NE,9,2012-12,False,2012-12,False,2013-06,False,2012-12,False,2012-12,False,2013-06,False
31005,460,NE,9,2013-06,False,2013-06,False,2013-06,False,2013-06,False,2013-06,False,2013-06,False
31007,690,NE,9,2013-06,False,2013-12,False,2013-12,False,2013-06,False,2013-12,False,2013-12,False
31009,478,NE,9,2013-12,False,2013-12,False,2013-12,False,2013-12,False,2013-12,False,2013-12,False
31011,5505,NE,9,2012-12,False,2012-12,False,2013-06,False,2012-12,False,2012-12,False,2013-06,False
31013,11308,NE,9,2013-06,False,2013-06,False,2013-06,False,2013-06,False,2013-06,False,2013-06,False
31015,2099,NE,9,2013-06,False,2013-06,False,2013-06,False,2013-06,False,2013-06,False,2013-06,False
31017,3145,NE,9,2013-06,False,2013-06,False,2013-06,False,2013-06,False,2013-06,False,2013-06,False
31019,46102,NE,9,2012-12,False,2012-12,False,2012-12,False,2012-12,False,2012-12,False,2012-12,False
31021,6858,NE,9,2013-06,False,2013-06,False,2013-06,False,2013-06,False,2013-06,False,2013-06,False
31023,8395,NE,9,2013-06,False,2013-06,False,2013-06,False,2013-06,False,2013-06,False,2013-06,False
31025,25241,NE,9,2011-12,False,2012-12,False,2013-06,False,2011-12,False,2012-12,False,2013-06,False
31027,8852,NE,9,2012-12,False,2012-12,False,2012-12,False,2012-12,False,2012-12,False,2012-12,False
31029,3966,NE,9,2012-12,False,2012-12,False,2012-12,False,2012-12,False,2012-12,False,2012-12,False
31031,5713,NE,9,2013-06,False,2013-06,False,2013-12,False,2013-06,False,2013-06,False,2013-12,False
31033,9998,NE,9,2013-06,False,2013-06,False,2013-06,False,2013-06,False,2013-06,False,2013-06,False
31035,6542,NE,9,2013-06,False,2013-06,False,2013-12,False,2013-06,False,2013-06,False,2013-12,False
31037,10515,NE,9,2013-06,False,2013-06,False,2013-06,False,2013-06,False,2013-06,False,2013-06,False
31039,9139,NE,9,2013-06,False,2013-06,False,2013-06,False,2013-06,False,2013-06,False,2013-06,False
31041,10939,NE,9,2013-06,False,2013-12,False,2013-12,False,2013-06,False,2013-12,False,2013-12,False
31043,21006,NE,9,2011-12,False,2011-12,False,2011-12,False,2011-12,False,2011-12,False,2011-12,False
31045,9182,NE,9,2013-06,False,2013-06,False,2013-06,False,2013-06,False,2013-06,False,2013-06,False
31047,24326,NE,9,2013-06,False,2013-06,False,2013-06,False,2013-06,False,2013-06,False,2013-06,False
31049,1941,NE,9,2013-06,False,2013-12,False,2013-12,False,2013-06,False,2013-12,False,2013-12,False
31051,6000,NE,9,2011-12,False,2013-06,False,2013-06,False,2011-12,False,2013-06,False,2013-06,False
31053,36691,NE,9,2011-12,False,2011-12,False,2011-12,False,2011-12,False,2011-12,False,2011-12,False
31055,517110,NE,9,2011-12,False,2011-12,False,2011-12,False,2011-12,False,2011-12,False,2011-12,False
31057,2008,NE,9,2012-12,False,2012-12,False,2013-06,False,2012-12,False,2012-12,False,2013-06,False
31059,5890,NE,9,2013-12,False,2013-12,False,2013-12,False,2013-12,False,2013-12,False,2013-12,False
31061,3225,NE,9,2013-06,False,2013-06,False,2013-06,False,2013-06,False,2013-06,False,2013-06,False
31063,2756,NE,9,2013-06,False,2013-06,False,2013-06,False,2013-06,False,2013-06,False,2013-06,False
31065,4959,NE,9,2012-12,False,2012-12,False,2012-12,False,2012-12,False,2012-12,False,2012-12,False
31067,22311,NE,9,2013-12,False,2013-12,False,2013-12,False,2013-12,False,2013-12,False,2013-12,False
31069,2057,NE,9,2013-12,False,2013-12,False,2013-12,False,2013-12,False,2013-12,False,2013-12,False
31071,2049,NE,9,2013-12,False,2013-12,False,2013-12,False,2013-12,False,2013-12,False,2013-12,False
31073,2044,NE,9,2013-06,False,2013-06,False,2013-06,False,2013-06,False,2013-06,False,2013-06,False
31075,614,NE,9,2013-12,False,2013-12,False,2013-12,False,2013-12,False,2013-12,False,2013-12,False
31077,2538,NE,9,2013-06,False,2013-06,False,2013-12,False,2013-06,False,2013-06,False,2013-12,False
31079,58607,NE,9,2012-12,False,2012-12,False,2012-12,False,2012-12,False,2012-12,False,2012-12,False
31081,9124,NE,9,2013-06,False,2013-06,False,2013-12,False,2013-06,False,2013-06,False,2013-12,False
31083,3423,NE,9,2012-12,False,2013-06,False,2013-06,False,2012-12,False,2013-06,False,2013-06,False
31085,967,NE,9,2013-06,False,2013-06,False,2013-06,False,2013-06,False,2013-06,False,2013-06,False
31087,2908,NE,9,2012-12,False,2012-12,False,2012-12,False,2012-12,False,2012-12,False,2012-12,False
31089,10435,NE,9,2013-06,False,2013-06,False,2013-06,False,2013-06,False,2013-06,False,2013-06,False
31091,736,NE,9,2013-12,False,2013-12,False,2013-12,False,2013-12,False,2013-12,False,2013-12,False
31093,6274,NE,9,2013-06,False,2013-06,False,2013-06,False,2013-06,False,2013-06,False,2013-06,False
31095,7547,NE,9,2013-12,False,2013-12,False,2013-12,False,2013-12,False,2013-12,False,2013-12,False
31097,5217,NE,9,2013-12,False,2013-12,False,2013-12,False,2013-12,False,2013-12,False,2013-12,False
31099,6489,NE,9,2012-12,False,2012-12,False,2012-12,False,2012-12,False,2012-12,False,2012-12,False
31101,8368,NE,9,2013-06,False,2013-06,False,2013-06,False,2013-06,False,2013-06,False,2013-06,False
31103,824,NE,9,2013-06,False,2013-06,False,2013-06,False,2013-06,False,2013-06,False,2013-06,False
31105,3821,NE,9,2013-06,False,2013-06,False,2013-06,False,2013-06,False,2013-06,False,2013-06,False
31107,8701,NE,9,2012-12,False,2012-12,False,2013-06,False,2012-12,False,2012-12,False,2013-06,False
31109,285407,NE,9,2011-12,False,2011-12,False,2011-12,False,2011-12,False,2011-12,False,2011-12,False
31111,36288,NE,9,2012-12,False,2012-12,False,2012-12,False,2012-12,False,2012-12,False,2012-12,False
31113,763,NE,9,2013-06,False,2013-06,False,2013-06,False,2013-06,False,2013-06,False,2013-06,False
31115,632,NE,9,2013-12,False,2013-12,False,2013-12,False,2013-12,False,2013-12,False,2013-12,False
31117,539,NE,9,2013-06,False,2013-06,False,2013-06,False,2013-06,False,2013-06,False,2013-06,False
31119,34876,NE,9,2012-12,False,2012-12,False,2012-12,False,2012-12,False,2012-12,False,2012-12,False
31121,7845,NE,9,2013-06,False,2013-06,False,2013-06,False,2013-06,False,2013-06,False,2013-06,False
31123,5042,NE,9,2013-06,False,2013-06,False,2013-06,False,2013-06,False,2013-06,False,2013-06,False
31125,3735,NE,9,2013-06,False,2013-06,False,2013-12,False,2013-06,False,2013-06,False,2013-12,False
31127,7248,NE,9,2013-06,False,2013-06,False,2013-06,False,2013-06,False,2013-06,False,2013-06,False
31129,4500,NE,9,2013-12,False,2013-12,False,2013-12,False,2013-12,False,2013-12,False,2013-12,False
31131,15740,NE,9,2013-12,False,2013-12,False,2013-12,False,2013-12,False,2013-12,False,2013-12,False
31133,2773,NE,9,2013-12,False,2013-12,False,2013-12,False,2013-12,False,2013-12,False,2013-12,False
31135,2970,NE,9,2013-06,False,2013-12,False,2013-12,False,2013-06,False,2013-12,False,2013-12,False
31137,9188,NE,9,2012-12,False,2012-12,False,2012-12,False,2012-12,False,2012-12,False,2012-12,False
31139,7266,NE,9,2012-12,False,2012-12,False,2012-12,False,2012-12,False,2012-12,False,2012-12,False
31141,32237,NE,9,2013-06,False,2013-06,False,2013-06,False,2013-06,False,2013-06,False,2013-06,False
31143,5406,NE,9,2013-06,False,2013-06,False,2013-06,False,2013-06,False,2013-06,False,2013-06,False
31145,11055,NE,9,2012-12,False,2012-12,False,2012-12,False,2012-12,False,2012-12,False,2012-12,False
31147,8363,NE,9,2013-06,False,2013-06,False,2013-12,False,2013-06,False,2013-06,False,2013-12,False
31149,1526,NE,9,2013-06,False,2013-06,False,2013-06,False,2013-06,False,2013-06,False,2013-06,False
31151,14200,NE,9,2013-12,False,2013-12,False,2013-12,False,2013-12,False,2013-12,False,2013-12,False
31153,158840,NE,9,2011-12,False,2011-12,False,2011-12,False,2011-12,False,2011-12,False,2011-12,False
31155,20780,NE,9,2011-12,False,2013-06,False,2013-06,False,2011-12,False,2013-06,False,2013-06,False
31157,36970,NE,9,2013-06,False,2013-06,False,2013-06,False,2013-06,False,2013-06,False,2013-06,False
31159,16750,NE,9,2013-06,False,2013-06,False,2013-06,False,2013-06,False,2013-06,False,2013-06,False
31161,5469,NE,9,2013-12,False,2013-12,False,2014-06,False,2013-12,False,2013-12,False,2014-06,False
31163,3152,NE,9,2012-12,False,2013-06,False,2013-06,False,2012-12,False,2013-06,False,2013-06,False
31165,1311,NE,9,2013-06,False,2013-06,False,2013-12,False,2013-06,False,2013-06,False,2013-12,False
31167,6129,NE,9,2012-12,False,2012-12,False,2013-06,False,2012-12,False,2012-12,False,2013-06,False
31169,5228,NE,9,2013-12,False,2013-12,False,2013-12,False,2013-12,False,2013-12,False,2013-12,False
31171,647,NE,9,2013-12,False,2014-06,False,2014-06,False,2013-12,False,2014-06,False,2014-06,False
31173,6940,NE,9,2013-06,False,2013-06,False,2013-12,False,2013-06,False,2013-06,False,2013-12,False
31175,4260,NE,9,2013-06,False,2013-06,False,2013-06,False,2013-06,False,2013-06,False,2013-06,False
31177,20234,NE,9,2012-12,False,2012-12,False,2012-12,False,2012-12,False,2012-12,False,2012-12,False
31179,9595,NE,9,2012-12,False,2012-12,False,2012-12,False,2012-12,False,2012-12,False,2012-12,False
31181,3812,NE,9,2013-06,False,2013-06,False,2013-12,False,2013-06,False,2013-06,False,2013-12,False
31183,818,NE,9,2013-06,False,2013-12,False,2013-12,False,2013-06,False,2013-12,False,2013-12,False
31185,13665,NE,9,2013-06,False,2013-12,False,2013-12,False,2013-06,False,2013-12,False,2013-12,False
32001,24877,NV,9,2011-12,False,2011-12,False,2011-12,False,2011-12,False,2011-12,False,2011-12,False
32003,1951269,NV,9,2010-12,False,2010-12,False,2010-12,False,2011-06,False,2011-06,False,2011-06,False
32005,46997,NV,9,2011-12,False,2011-12,False,2012-06,False,2011-12,False,2011-12,False,2012-06,False
32007,48818,NV,9,2013-06,False,2013-06,False,2013-06,False,2013-06,False,2013-06,False,2013-06,False
32009,783,NV,9,,True,,True,,True,,True,,True,,True
32011,1987,NV,9,2013-12,False,2013-12,False,2013-12,False,2013-12,False,2013-12,False,2013-12,False
32013,16528,NV,9,2012-06,False,2012-06,False,2012-06,False,2012-06,False,2012-06,False,2012-06,False
32015,5775,NV,9,2012-06,False,2013-06,False,2013-12,False,2012-06,False,2013-06,False,2013-12,False
32017,5345,NV,9,,True,,True,,True,,True,,True,,True
32019,51980,NV,9,2011-12,False,2011-12,False,2012-06,False,2011-12,False,2011-12,False,2012-06,False
32021,4772,NV,9,2012-12,False,2012-12,False,2013-12,False,2012-12,False,2012-12,False,2013-12,False
32023,43946,NV,9,2012-12,False,2012-12,False,2012-12,False,2012-12,False,2012-12,False,2012-12,False
32027,6753,NV,9,2012-12,False,2012-12,False,2012-12,False,2012-12,False,2012-12,False,2012-12,False
32029,4010,NV,9,2011-12,False,2011-12,False,2012-06,False,2011-12,False,2011-12,False,2012-06,False
32031,421407,NV,9,2010-12,False,2010-12,False,2010-12,False,2011-06,False,2011-06,False,2011-06,False
32033,10030,NV,9,2013-12,False,2013-12,False,2013-12,False,2013-12,False,2013-12,False,2013-12,False
32510,55274,NV,9,2010-12,False,2010-12,False,2010-12,False,2011-06,False,2011-06,False,2011-06,False
33001,60088,NH,9,2013-12,False,2013-12,False,2013-12,False,2013-12,False,2013-12,False,2013-12,False
33003,47818,NH,9,2013-12,False,2013-12,False,2013-12,False,2013-12,False,2013-12,False,2013-12,False
33005,77117,NH,9,2013-12,False,2013-12,False,2013-12,False,2013-12,False,2013-12,False,2013-12,False
33007,33055,NH,9,2013-12,False,2013-12,False,2013-12,False,2013-12,False,2013-12,False,2013-12,False
33009,89118,NH,9,2013-12,False,2013-12,False,2013-12,False,2013-12,False,2013-12,False,2013-12,False
33011,400721,NH,9,2011-06,False,2011-06,False,2011-12,False,2011-12,False,2011-12,False,2011-12,False
33013,146445,NH,9,2012-06,False,2012-06,False,2013-12,False,2012-06,False,2012-06,False,2013-12,False
33015,295223,NH,9,2011-06,False,2011-06,False,2013-06,False,2011-12,False,2011-12,False,2013-06,False
33017,123143,NH,9,2011-12,False,2013-06,False,2013-12,False,2013-12,False,2013-12,False,2013-12,False
33019,43742,NH,9,2013-12,False,2013-12,False,2013-12,False,2013-12,False,2013-12,False,2013-12,False
34001,274549,NJ,9,2011-06,False,2011-06,False,2012-06,False,2012-06,False,2012-06,False,2012-12,False
34003,905116,NJ,9,2010-06,False,2010-06,False,2010-06,False,2011-06,False,2011-06,False,2011-06,False
34005,448734,NJ,9,2010-06,False,2010-06,False,2010-12,False,2011-12,False,2011-12,False,2011-12,False
34007,513657,NJ,9,2010-06,False,2010-06,False,2010-06,False,2011-12,False,2011-12,False,2011-12,False
34009,97265,NJ,9,2012-06,False,2012-12,False,2012-12,False,2012-06,False,2012-12,False,2012-12,False
34011,156898,NJ,9,2011-06,False,2012-12,False,2013-06,False,2012-12,False,2012-12,False,2013-06,False
34013,783969,NJ,9,2010-06,False,2010-06,False,2010-06,False,2011-06,False,2011-06,False,2011-06,False
34015,288288,NJ,9,2010-06,False,2011-06,False,2011-06,False,2011-12,False,2011-12,False,2012-12,False
34017,634266,NJ,9,2010-06,False,2010-06,False,2010-06,False,2011-06,False,2011-06,False,2011-06,False
34019,128349,NJ,9,2011-06,False,2012-12,False,2012-12,False,2011-12,False,2012-12,False,2012-12,False
34021,366513,NJ,9,2010-06,False,2010-06,False,2010-06,False,2011-12,False,2011-12,False,2011-12,False
34023,809858,NJ,9,2010-06,False,2010-06,False,2010-06,False,2011-06,False,2011-06,False,2011-06,False
34025,630380,NJ,9,2010-06,False,2010-06,False,2010-06,False,2011-06,False,2011-06,False,2011-06,False
34027,492276,NJ,9,2010-06,False,2010-06,False,2010-12,False,2011-06,False,2011-06,False,2011-06,False
34029,576567,NJ,9,2010-06,False,2010-06,False,2011-06,False,2011-06,False,2012-06,False,2012-06,False
34031,501226,NJ,9,2010-06,False,2010-06,False,2010-06,False,2011-06,False,2011-06,False,2011-06,False
34033,66083,NJ,9,2010-06,False,2011-06,False,2012-12,False,2011-12,False,2012-12,False,2013-06,False
34035,323444,NJ,9,2010-06,False,2010-06,False,2010-12,False,2011-06,False,2011-06,False,2011-06,False
34037,149265,NJ,9,2011-12,False,2013-06,False,2013-06,False,2011-12,False,2013-06,False,2013-06,False
34039,536499,NJ,9,2010-06,False,2010-06,False,2010-06,False,2011-06,False,2011-06,False,2011-06,False
34041,108692,NJ,9,2011-06,False,2011-06,False,2012-12,False,2011-06,False,2011-06,False,2012-12,False
35001,662564,NM,9,2010-12,False,2010-12,False,2010-12,False,2011-06,False,2011-06,False,2011-06,False
35003,3725,NM,9,2014-06,False,,True,,True,2014-06,False,,True,,True
35005,65645,NM,9,2012-06,False,2012-06,False,2012-06,False,2013-12,False,2013-12,False,2013-12,False
35006,27213,NM,9,2012-12,False,2012-12,False,2013-06,False,2012-12,False,2012-12,False,2013-06,False
35007,13750,NM,9,2013-06,False,2013-06,False,2014-06,False,2013-06,False,2013-06,False,,True
35009,48376,NM,9,2012-12,False,2012-12,False,2012-12,False,2012-12,False,2012-12,False,2012-12,False
35011,2022,NM,9,2013-06,False,2013-12,False,2013-12,False,2013-06,False,2013-12,False,,True
35013,209233,NM,9,2010-12,False,2011-06,False,2011-06,False,2011-06,False,2011-06,False,2011-06,False
35015,53829,NM,9,2013-06,False,2013-06,False,2013-06,False,2013-06,False,2013-06,False,2013-06,False
35017,29514,NM,9,2012-12,False,2012-12,False,2012-12,False,2012-12,False,2012-12,False,2012-12,False
35019,4687,NM,9,2013-06,False,2013-06,False,2013-12,False,2013-06,False,2013-06,False,,True
35021,695,NM,9,2013-12,False,,True,,True,,True,,True,,True
35023,4894,NM,9,2012-12,False,2012-12,False,2013-06,False,2012-12,False,2012-12,False,2013-06,False
35025,64727,NM,9,2013-06,False,2013-06,False,2013-06,False,2013-06,False,2013-06,False,2013-06,False
35027,20497,NM,9,2012-12,False,2012-12,False,2013-06,False,2012-12,False,2012-12,False,2013-06,False
35028,17950,NM,9,2011-06,False,2011-06,False,2011-12,False,2011-06,False,2011-06,False,2011-12,False
35029,25095,NM,9,2012-12,False,2012-12,False,2012-12,False,2012-12,False,2012-12,False,2012-12,False
35031,71492,NM,9,2012-06,False,2012-12,False,2013-12,False,2012-06,False,2012-12,False,2013-12,False
35033,4881,NM,9,,True,,True,,True,,True,,True,,True
35035,63797,NM,9,2013-06,False,2013-06,False,2013-06,False,2013-06,False,2013-06,False,2013-06,False
35037,9041,NM,9,2013-06,False,2013-06,False,2013-06,False,2013-06,False,2013-06,False,2013-06,False
35039,40246,NM,9,2011-12,False,2012-12,False,2013-12,False,2012-06,False,2012-12,False,2013-12,False
35041,19846,NM,9,2012-12,False,2012-12,False,2012-12,False,2012-12,False,2012-12,False,2012-12,False
35043,131561,NM,9,2010-12,False,2011-06,False,2011-06,False,2011-06,False,2011-06,False,2011-06,False
35045,130044,NM,9,2012-12,False,2012-12,False,2012-12,False,2012-12,False,2012-12,False,2012-12,False
35047,29393,NM,9,2013-06,False,2013-06,False,2013-06,False,2013-06,False,2013-06,False,2013-06,False
35049,144170,NM,9,2010-12,False,2010-12,False,2010-12,False,2011-06,False,2011-06,False,2011-06,False
35051,11988,NM,9,2013-12,False,2013-12,False,2013-12,False,2013-12,False,2013-12,False,2013-12,False
35053,17866,NM,9,2013-06,False,2013-06,False,2013-06,False,2013-06,False,2013-06,False,2013-06,False
35055,32937,NM,9,2012-12,False,2012-12,False,,True,2012-12,False,2012-12,False,,True
35057,16383,NM,9,2012-06,False,2012-12,False,2013-12,False,2012-06,False,2012-12,False,2014-06,False
35059,4549,NM,9,2013-06,False,2013-06,False,2013-06,False,2013-06,False,2013-06,False,2013-06,False
35061,76569,NM,9,2011-06,False,2011-06,False,2011-06,False,2011-06,False,2011-06,False,2011-06,False
36001,304204,NY,9,2010-06,False,2010-06,False,2010-06,False,2011-12,False,2011-12,False,2011-12,False
36003,48946,NY,9,2012-06,False,2012-06,False,2012-12,False,2012-06,False,2012-06,False,2012-12,False
36005,1385108,NY,9,2010-06,False,2010-06,False,2010-06,False,2010-12,False,2010-12,False,2010-12,False
36007,200600,NY,9,2010-12,False,2011-06,False,2012-06,False,2012-06,False,2012-06,False,2012-06,False
36009,80317,NY,9,2012-06,False,2012-06,False,2012-06,False,2012-06,False,2012-06,False,2012-06,False
36011,80026,NY,9,2011-12,False,2011-12,False,2012-12,False,2011-12,False,2011-12,False,2012-12,False
36013,134905,NY,9,2012-12,False,2012-12,False,2012-12,False,2012-12,False,2012-12,False,2012-12,False
36015,88830,NY,9,2012-06,False,2012-06,False,2012-06,False,2012-06,False,2012-06,False,2012-06,False
36017,50477,NY,9,2013-06,False,2013-06,False,2013-12,False,2013-06,False,2013-06,False,2013-12,False
36019,82128,NY,9,2012-12,False,2013-12,False,2013-12,False,2012-12,False,2013-12,False,2013-12,False
36021,63096,NY,9,2011-12,False,2012-12,False,2013-12,False,2011-12,False,2012-12,False,2013-12,False
36023,49336,NY,9,2011-12,False,2011-12,False,2013-06,False,2011-12,False,2011-12,False,2013-06,False
36025,47980,NY,9,2013-06,False,2013-12,False,,True,2013-06,False,2013-12,False,,True
36027,297488,NY,9,2011-12,False,2011-12,False,2012-06,False,2011-12,False,2011-12,False,2012-06,False
36029,919040,NY,9,2010-06,False,2010-06,False,2010-06,False,2011-12,False,2011-12,False,2011-12,False
36031,39370,NY,9,2013-12,False,2013-12,False,2014-06,False,2013-12,False,2013-12,False,2014-06,False
36033,51599,NY,9,2013-12,False,2013-12,False,2013-12,False,2013-12,False,2013-12,False,2013-12,False
36035,55531,NY,9,2013-06,False,2013-06,False,2013-06,False,2013-06,False,2013-06,False,2013-06,False
36037,60079,NY,9,2011-12,False,2013-06,False,2013-06,False,2011-12,False,2013-06,False,2013-06,False
36039,49221,NY,9,2011-12,False,2012-12,False,2012-12,False,2011-12,False,2012-12,False,2012-12,False
36041,4836,NY,9,2014-06,False,2014-06,False,,True,2014-06,False,2014-06,False,,True
36043,64519,NY,9,2011-12,False,2011-12,False,2012-12,False,2011-12,False,2011-12,False,2012-12,False
36045,116229,NY,9,2013-06,False,2013-06,False,2013-06,False,2013-06,False,2013-06,False,2013-06,False
36047,2504700,NY,9,2010-06,False,2010-06,False,2010-06,False,2010-12,False,2010-12,False,2010-12,False
36049,27087,NY,9,2013-06,False,2013-12,False,2013-12,False,2013-06,False,2013-12,False,2013-12,False
36051,65393,NY,9,2010-12,False,2010-12,False,2012-06,False,2010-12,False,2010-12,False,2012-06,False
36053,73442,NY,9,2011-12,False,2011-12,False,2011-12,False,2011-12,False,2011-12,False,2011-12,False
36055,744344,NY,9,2010-06,False,2010-06,False,2010-06,False,2010-12,False,2010-12,False,2010-12,False
36057,50219,NY,9,2011-12,False,2011-12,False,2013-06,False,2011-12,False,2011-12,False,2013-06,False
36059,1339532,NY,9,2010-06,False,2010-06,False,2010-06,False,2010-12,False,2010-12,False,2010-12,False
36061,1585873,NY,9,2010-06,False,2010-06,False,2010-06,False,2010-12,False,2010-12,False,2010-12,False
36063,216469,NY,9,2010-06,False,2010-06,False,2012-12,False,2011-12,False,2012-06,False,2012-12,False
36065,234878,NY,9,2011-06,False,2011-12,False,2011-12,False,2011-12,False,2011-12,False,2011-12,False
36067,467026,NY,9,2010-06,False,2010-06,False,2010-06,False,2011-12,False,2011-12,False,2011-12,False
36069,107931,NY,9,2010-12,False,2010-12,False,2010-12,False,2010-12,False,2010-12,False,2010-12,False
36071,372813,NY,9,2011-12,False,2011-12,False,2011-12,False,2011-12,False,2011-12,False,2011-12,False
36073,42883,NY,9,2012-12,False,2013-06,False,2013-06,False,2012-12,False,2013-06,False,2013-06,False
36075,122109,NY,9,2011-12,False,2012-12,False,2013-06,False,2011-12,False,2012-12,False,2013-06,False
36077,62259,NY,9,2012-06,False,2012-12,False,2014-06,False,2012-06,False,2012-12,False,2014-06,False
36079,99710,NY,9,2010-12,False,2011-06,False,2011-12,False,2011-06,False,2011-12,False,2011-12,False
36081,2230722,NY,9,2010-06,False,2010-06,False,2010-06,False,2010-12,False,2010-12,False,2010-12,False
36083,159429,NY,9,2010-06,False,2011-12,False,2011-12,False,2011-12,False,2011-12,False,2011-12,False
36085,468730,NY,9,2010-06,False,2010-06,False,2010-06,False,2010-12,False,2010-12,False,2010-12,False
36087,311687,NY,9,2010-06,False,2010-06,False,2010-06,False,2011-06,False,2011-06,False,2011-06,False
36089,111944,NY,9,2013-06,False,2013-12,False,2013-12,False,2013-06,False,2013-12,False,2013-12,False
36091,219607,NY,9,2011-12,False,2011-12,False,2011-12,False,2011-12,False,2011-12,False,2011-12,False
36093,154727,NY,9,2010-06,False,2010-06,False,2010-06,False,2011-12,False,2011-12,False,2011-12,False
36095,32749,NY,9,2012-12,False,2012-12,False,2013-12,False,2012-12,False,2012-12,False,2013-12,False
36097,18343,NY,9,2011-12,False,2011-12,False,2013-06,False,2011-12,False,2011-12,False,2013-06,False
36099,35251,NY,9,2010-12,False,2010-12,False,2012-12,False,2010-12,False,2010-12,False,2012-12,False
36101,98990,NY,9,2011-12,False,2012-06,False,2013-06,False,2011-12,False,2012-06,False,2013-06,False
36103,1493350,NY,9,2010-06,False,2010-06,False,2010-12,False,2011-06,False,2011-06,False,2011-06,False
36105,77547,NY,9,2011-12,False,2012-06,False,2013-06,False,2011-12,False,2012-06,False,2013-06,False
36107,51125,NY,9,2012-06,False,2012-06,False,2013-06,False,2012-06,False,2012-06,False,2013-06,False
36109,101564,NY,9,2011-06,False,2011-12,False,2011-12,False,2011-12,False,2011-12,False,2011-12,False
36111,182493,NY,9,2011-12,False,2011-12,False,2012-12,False,2011-12,False,2011-12,False,2012-12,False
36113,65707,NY,9,2011-12,False,2011-12,False,2012-06,False,2011-12,False,2011-12,False,2012-06,False
36115,63216,NY,9,2011-12,False,2012-06,False,2013-06,False,2011-12,False,2012-06,False,2013-06,False
36117,93772,NY,9,2010-12,False,2011-12,False,2012-12,False,2010-12,False,2011-12,False,2012-12,False
36119,949113,NY,9,2010-06,False,2010-06,False,2010-12,False,2010-12,False,2010-12,False,2011-06,False
36121,42155,NY,9,2012-12,False,2012-12,False,2012-12,False,2012-12,False,2012-12,False,2012-12,False
36123,25348,NY,9,2012-06,False,2012-06,False,2012-12,False,2012-06,False,2012-06,False,2012-12,False
37001,151131,NC,9,2010-06,False,2010-06,False,2012-06,False,2012-06,False,2012-06,False,2012-06,False
37003,37198,NC,9,2011-12,False,2013-06,False,2013-06,False,2011-12,False,2013-06,False,2013-06,False
37005,11155,NC,9,,True,,True,,True,,True,,True,,True
37007,26948,NC,9,2013-06,False,2013-06,False,2013-06,False,2013-06,False,2013-06,False,2013-06,False
37009,27281,NC,9,,True,,True,,True,,True,,True,,True
37011,17797,NC,9,2013-06,False,2013-12,False,,True,2013-06,False,2013-12,False,,True
37013,47759,NC,9,2012-06,False,2012-06,False,2013-06,False,2012-06,False,2012-06,False,2013-06,False
37015,21282,NC,9,2013-06,False,2013-06,False,2013-06,False,2013-06,False,2013-06,False,2013-06,False
37017,35190,NC,9,2013-06,False,2013-06,False,2013-06,False,2013-06,False,2013-06,False,2013-06,False
37019,107431,NC,9,2011-06,False,2011-06,False,2011-06,False,2011-06,False,2011-06,False,2011-06,False
37021,238318,NC,9,2010-06,False,2010-06,False,2011-12,False,2011-06,False,2011-06,False,2011-12,False
37023,90912,NC,9,2011-12,False,2012-06,False,2012-06,False,2011-12,False,2012-06,False,2012-06,False
37025,178011,NC,9,2010-12,False,2010-12,False,2010-12,False,2011-06,False,2011-06,False,2011-06,False
37027,83029,NC,9,2010-06,False,2010-06,False,2011-12,False,2011-06,False,2011-06,False,2011-12,False
37029,9980,NC,9,2012-06,False,2012-06,False,2012-06,False,2012-06,False,2012-06,False,2012-06,False
37031,66469,NC,9,2013-06,False,2013-06,False,2013-06,False,2013-06,False,2013-06,False,2013-06,False
37033,23719,NC,9,2013-06,False,2013-06,False,2013-06,False,2013-06,False,2013-06,False,2013-06,False
37035,154358,NC,9,2010-06,False,2010-06,False,2011-06,False,2011-06,False,2011-06,False,2011-06,False
37037,63505,NC,9,2013-06,False,2013-06,False,2013-06,False,2013-06,False,2013-06,False,2013-06,False
37039,27444,NC,9,2012-06,False,2012-06,False,2013-06,False,2012-06,False,2012-06,False,2013-06,False
37041,14793,NC,9,2013-06,False,2013-06,False,2013-06,False,2013-06,False,2013-06,False,2013-06,False
37043,10587,NC,9,2013-06,False,2013-06,False,2013-12,False,2013-06,False,2013-06,False,2013-12,False
37045,98078,NC,9,2013-06,False,2013-06,False,2013-06,False,2013-06,False,2013-06,False,2013-06,False
37047,58098,NC,9,2012-06,False,2013-06,False,2013-06,False,2012-06,False,2013-06,False,2013-06,False
37049,103505,NC,9,2012-06,False,2012-06,False,2012-06,False,2012-06,False,2012-06,False,2012-06,False
37051,319431,NC,9,2010-06,False,2010-06,False,2010-06,False,2011-06,False,2011-06,False,2011-06,False
37053,23547,NC,9,2012-06,False,2012-06,False,2012-06,False,2012-06,False,2012-06,False,2012-06,False
37055,33920,NC,9,2012-06,False,2012-06,False,2012-06,False,2012-06,False,2012-06,False,2012-06,False
37057,162878,NC,9,2010-06,False,2011-12,False,2012-06,False,2011-06,False,2012-06,False,2012-06,False
37059,41240,NC,9,2012-06,False,2012-06,False,2012-06,False,2012-06,False,2012-06,False,2012-06,False
37061,58505,NC,9,2013-06,False,2013-06,False,2013-06,False,2013-06,False,2013-06,False,2013-06,False
37063,267587,NC,9,2010-06,False,2010-06,False,2010-06,False,2011-06,False,2011-06,False,2011-06,False
37065,56552,NC,9,2012-12,False,2013-06,False,2013-06,False,2013-06,False,2013-06,False,2013-06,False
37067,350670,NC,9,2010-06,False,2010-06,False,2010-06,False,2011-06,False,2011-06,False,2011-06,False
37069,60619,NC,9,2012-06,False,2013-06,False,2013-06,False,2012-06,False,2013-06,False,2013-06,False
37071,206086,NC,9,2010-06,False,2010-06,False,2010-06,False,2011-06,False,2011-06,False,2011-06,False
37073,12197,NC,9,2013-06,False,2013-06,False,2013-06,False,2013-06,False,2013-06,False,2013-06,False
37075,8861,NC,9,2012-06,False,2012-06,False,,True,2012-06,False,2012-06,False,,True
37077,59916,NC,9,2013-06,False,2013-06,False,2013-06,False,2013-06,False,2013-06,False,2013-06,False
37079,21362,NC,9,2012-06,False,2013-06,False,2013-06,False,2012-06,False,2013-06,False,2013-06,False
37081,488406,NC,9,2010-06,False,2010-06,False,2010-06,False,2011-06,False,2011-06,False,2011-06,False
37083,54691,NC,9,2013-06,False,2013-06,False,2013-06,False,2013-06,False,2013-06,False,2013-06,False
37085,114678,NC,9,2012-06,False,2013-06,False,2013-06,False,2012-06,False,2013-06,False,2013-06,False
37087,59036,NC,9,2012-06,False,2012-06,False,2012-06,False,2012-06,False,2012-06,False,2012-06,False
37089,106740,NC,9,2010-12,False,2011-06,False,2012-06,False,2011-06,False,2011-06,False,2012-06,False
37091,24669,NC,9,2013-06,False,2013-06,False,2013-06,False,2013-06,False,2013-06,False,2013-06,False
37093,46952,NC,9,2011-06,False,2011-06,False,2011-06,False,2011-06,False,2011-06,False,2011-06,False
37095,5810,NC,9,2013-06,False,2013-06,False,,True,2013-06,False,2013-06,False,,True
37097,159437,NC,9,2011-06,False,2012-06,False,2012-06,False,2011-06,False,2012-06,False,2012-06,False
37099,40271,NC,9,2012-06,False,2012-06,False,2012-06,False,2012-06,False,2012-06,False,2012-06,False
37101,168878,NC,9,2012-06,False,2012-06,False,2012-06,False,2012-06,False,2012-06,False,2012-06,False
37103,10153,NC,9,2013-06,False,2013-06,False,2013-06,False,2013-06,False,2013-06,False,2013-06,False
37105,57866,NC,9,2013-06,False,2013-06,False,2013-06,False,2013-06,False,2013-06,False,2013-06,False
37107,59495,NC,9,2013-06,False,2013-06,False,2013-06,False,2013-06,False,2013-06,False,2013-06,False
37109,78265,NC,9,2011-06,False,2011-06,False,2011-06,False,2011-06,False,2011-06,False,2011-06,False
37111,44996,NC,9,2013-06,False,2013-06,False,2013-06,False,2013-06,False,2013-06,False,2013-06,False
37113,33922,NC,9,2012-06,False,2012-06,False,2012-06,False,2012-06,False,2012-06,False,2012-06,False
37115,20764,NC,9,2012-06,False,2012-06,False,2013-12,False,2012-06,False,2012-06,False,2013-12,False
37117,24505,NC,9,2012-06,False,2012-06,False,2012-06,False,2012-06,False,2012-06,False,2012-06,False
37119,919628,NC,9,2010-06,False,2010-06,False,2010-06,False,2011-06,False,2011-06,False,2011-06,False
37121,15579,NC,9,2013-06,False,2013-06,False,2013-12,False,2013-06,False,2013-06,False,2013-12,False
37123,27798,NC,9,2013-06,False,2013-06,False,2013-12,False,2013-06,False,2013-06,False,2013-12,False
37125,88247,NC,9,2012-06,False,2012-06,False,2013-06,False,2012-06,False,2012-06,False,2013-06,False
37127,95840,NC,9,2012-06,False,2013-06,False,2013-06,False,2013-06,False,2013-06,False,2013-06,False
37129,202667,NC,9,2010-12,False,2010-12,False,2010-12,False,2011-06,False,2011-06,False,2011-06,False
37131,22099,NC,9,2013-06,False,2013-06,False,2013-06,False,2013-06,False,2013-06,False,2013-06,False
37133,177772,NC,9,2012-06,False,2012-06,False,2012-06,False,2012-06,False,2012-06,False,2012-06,False
37135,133801,NC,9,2010-06,False,2010-06,False,2012-06,False,2011-06,False,2011-06,False,2012-06,False
37137,13144,NC,9,2013-06,False,2013-06,False,2013-06,False,2013-06,False,2013-06,False,2013-06,False
37139,40661,NC,9,2012-06,False,2012-06,False,2012-06,False,2012-06,False,2012-06,False,2012-06,False
37141,52217,NC,9,2013-06,False,2013-06,False,2013-06,False,2013-06,False,2013-06,False,2013-06,False
37143,13453,NC,9,2012-06,False,2013-06,False,2013-06,False,2012-06,False,2013-06,False,2013-06,False
37145,39464,NC,9,2013-06,False,2013-06,False,2013-06,False,2013-06,False,2013-06,False,2013-06,False
37147,168148,NC,9,2012-06,False,2012-06,False,2012-06,False,2012-06,False,2012-06,False,2012-06,False
37149,20510,NC,9,2012-06,False,2013-06,False,2013-06,False,2012-06,False,2013-06,False,2013-06,False
37151,141752,NC,9,2010-06,False,2012-06,False,2012-06,False,2011-12,False,2012-06,False,2012-06,False
37153,46639,NC,9,2013-06,False,2013-06,False,2013-12,False,2013-06,False,2013-06,False,2013-12,False
37155,134168,NC,9,2011-06,False,2011-06,False,2011-06,False,2011-06,False,2011-06,False,2011-06,False
37157,93643,NC,9,2013-06,False,2013-06,False,2013-06,False,2013-06,False,2013-06,False,2013-06,False
37159,138428,NC,9,2010-12,False,2010-12,False,2011-12,False,2011-06,False,2011-06,False,2011-12,False
37161,67810,NC,9,2012-06,False,2013-06,False,2013-06,False,2013-06,False,2013-06,False,2013-06,False
37163,63431,NC,9,2013-06,False,2013-06,False,2013-06,False,2013-06,False,2013-06,False,2013-06,False
37165,36157,NC,9,2013-06,False,2013-06,False,2013-06,False,2013-06,False,2013-06,False,2013-06,False
37167,60585,NC,9,2013-06,False,2013-06,False,2013-06,False,2013-06,False,2013-06,False,2013-06,False
37169,47401,NC,9,2012-06,False,2012-12,False,2013-06,False,2012-06,False,2012-12,False,2013-06,False
37171,73673,NC,9,2012-06,False,2012-12,False,2013-12,False,2013-06,False,2014-06,False,,True
37173,13981,NC,9,2012-06,False,2012-06,False,2012-06,False,2012-06,False,2012-06,False,2012-06,False
37175,33090,NC,9,2012-06,False,2012-06,False,2012-06,False,2012-06,False,2012-06,False,2012-06,False
37177,4407,NC,9,2013-12,False,2013-12,False,2013-12,False,2013-12,False,2013-12,False,2013-12,False
37179,201292,NC,9,2010-06,False,2010-06,False,2011-06,False,2011-06,False,2011-06,False,2011-06,False
37181,45422,NC,9,2013-06,False,2013-06,False,2013-06,False,2013-06,False,2013-06,False,2013-06,False
37183,900993,NC,9,2010-06,False,2010-06,False,2010-06,False,2011-06,False,2011-06,False,2011-06,False
37185,20972,NC,9,2013-06,False,2013-06,False,2013-06,False,2013-06,False,2013-06,False,2013-06,False
37187,13228,NC,9,2012-06,False,2012-06,False,2013-06,False,2012-06,False,2012-06,False,2013-06,False
37189,51079,NC,9,2012-06,False,2013-06,False,2013-12,False,2012-06,False,2013-06,False,2013-12,False
37191,122623,NC,9,2013-06,False,2013-06,False,2013-06,False,2013-06,False,2013-06,False,2013-06,False
37193,69340,NC,9,,True,,True,,True,,True,,True,,True
37195,81234,NC,9,2013-06,False,2013-06,False,2013-06,False,2013-06,False,2013-06,False,2013-06,False
37197,38406,NC,9,2012-06,False,2012-06,False,2013-06,False,2013-06,False,2013-06,False,2013-06,False
37199,17818,NC,9,2013-06,False,2013-12,False,,True,2013-06,False,2013-12,False,,True
38001,2343,ND,9,2013-06,False,2013-06,False,2013-06,False,2013-06,False,2013-06,False,2013-06,False
38003,11066,ND,9,2012-12,False,2012-12,False,2012-12,False,2012-12,False,2012-12,False,2012-12,False
38005,6660,ND,9,2012-12,False,2012-12,False,2013-06,False,2012-12,False,2012-12,False,2013-06,False
38007,783,ND,9,2013-06,False,2013-06,False,2013-06,False,2013-06,False,2013-06,False,2013-06,False
38009,6429,ND,9,2013-06,False,2013-06,False,2013-06,False,2013-06,False,2013-06,False,2013-06,False
38011,3151,ND,9,2013-06,False,2013-06,False,2013-06,False,2013-06,False,2013-06,False,2013-06,False
38013,1968,ND,9,2013-06,False,2013-06,False,2013-06,False,2013-06,False,2013-06,False,2013-06,False
38015,81308,ND,9,2012-12,False,2012-12,False,2012-12,False,2012-12,False,2012-12,False,2012-12,False
38017,149778,ND,9,2011-12,False,2011-12,False,2011-12,False,2011-12,False,2011-12,False,2011-12,False
38019,3993,ND,9,2013-12,False,2013-12,False,2013-12,False,2013-12,False,2013-12,False,2013-12,False
38021,5289,ND,9,2013-06,False,2013-06,False,2013-06,False,2013-06,False,2013-06,False,2013-06,False
38023,2071,ND,9,2013-06,False,2013-06,False,2013-06,False,2013-06,False,2013-06,False,2013-06,False
38025,3536,ND,9,2013-06,False,2013-06,False,2013-06,False,2013-06,False,2013-06,False,2013-06,False
38027,2385,ND,9,2012-12,False,2013-06,False,2013-06,False,2012-12,False,2013-06,False,2013-06,False
38029,3550,ND,9,2013-06,False,2013-06,False,2013-12,False,2013-06,False,2013-06,False,2013-12,False
38031,3343,ND,9,2013-06,False,2013-06,False,2013-06,False,2013-06,False,2013-06,False,2013-06,False
38033,1680,ND,9,2013-06,False,2013-06,False,2013-06,False,2013-06,False,2013-06,False,2013-06,False
38035,66861,ND,9,2012-12,False,2012-12,False,2012-12,False,2012-12,False,2012-12,False,2012-12,False
38037,2394,ND,9,2013-06,False,2013-06,False,2013-06,False,2013-06,False,2013-06,False,2013-06,False
38039,2420,ND,9,2012-12,False,2012-12,False,2013-06,False,2012-12,False,2012-12,False,2013-06,False
38041,2477,ND,9,2013-06,False,2013-06,False,2013-12,False,2013-06,False,2013-06,False,2013-12,False
38043,2435,ND,9,2012-12,False,2012-12,False,2013-06,False,2012-12,False,2012-12,False,2013-06,False
38045,4139,ND,9,2013-06,False,2013-06,False,2013-06,False,2013-06,False,2013-06,False,2013-06,False
38047,1990,ND,9,2013-06,False,2013-06,False,2013-06,False,2013-06,False,2013-06,False,2013-06,False
38049,5395,ND,9,2012-12,False,2013-06,False,2013-06,False,2012-12,False,2013-06,False,2013-06,False
38051,2809,ND,9,2013-12,False,,True,,True,2013-12,False,,True,,True
38053,6360,ND,9,2012-06,False,2012-06,False,2012-12,False,2012-06,False,2012-06,False,2012-12,False
38055,8962,ND,9,2012-12,False,2013-06,False,2013-06,False,2012-12,False,2013-06,False,2013-06,False
38057,8424,ND,9,2013-06,False,2013-06,False,2013-06,False,2013-06,False,2013-06,False,2013-06,False
38059,27471,ND,9,2012-12,False,2012-12,False,2012-12,False,2012-12,False,2012-12,False,2012-12,False
38061,7673,ND,9,2012-12,False,2012-12,False,2012-12,False,2012-12,False,2012-12,False,2012-12,False
38063,3126,ND,9,2012-12,False,2012-12,False,2012-12,False,2012-12,False,2012-12,False,2012-12,False
38065,1846,ND,9,2012-12,False,2012-12,False,2012-12,False,2012-12,False,2012-12,False,2012-12,False
38067,7413,ND,9,2013-06,False,2013-06,False,2013-06,False,2013-06,False,2013-06,False,2013-06,False
38069,4357,ND,9,2013-06,False,2013-06,False,2013-06,False,2013-06,False,2013-06,False,2013-06,False
38071,11451,ND,9,2012-12,False,2012-12,False,2012-12,False,2012-12,False,2012-12,False,2012-12,False
38073,5457,ND,9,2012-12,False,2012-12,False,2012-12,False,2012-12,False,2012-12,False,2012-12,False
38075,2470,ND,9,2012-12,False,2013-06,False,2013-12,False,2012-12,False,2013-06,False,2013-12,False
38077,16321,ND,9,2012-12,False,2012-12,False,2012-12,False,2012-12,False,2012-12,False,2012-12,False
38079,13937,ND,9,2013-06,False,2013-06,False,2013-06,False,2013-06,False,2013-06,False,2013-06,False
38081,3829,ND,9,2012-12,False,2012-12,False,2012-12,False,2012-12,False,2012-12,False,2012-12,False
38083,1321,ND,9,2013-12,False,,True,,True,2013-12,False,,True,,True
38085,4153,ND,9,2013-06,False,2013-06,False,2013-06,False,2013-06,False,2013-06,False,2013-06,False
38087,727,ND,9,2013-06,False,2013-06,False,,True,2013-06,False,2013-06,False,,True
38089,24199,ND,9,2012-06,False,2012-06,False,2012-06,False,2012-06,False,2012-06,False,2012-06,False
38091,1975,ND,9,2012-12,False,2012-12,False,2013-06,False,2012-12,False,2012-12,False,2013-06,False
38093,21100,ND,9,2012-12,False,2012-12,False,2012-12,False,2012-12,False,2012-12,False,2012-12,False
38095,2246,ND,9,2013-06,False,2013-06,False,2013-06,False,2013-06,False,2013-06,False,2013-06,False
38097,8121,ND,9,2012-12,False,2012-12,False,2012-12,False,2012-12,False,2012-12,False,2012-12,False
38099,11119,ND,9,2013-06,False,2013-06,False,2013-06,False,2013-06,False,2013-06,False,2013-06,False
38101,61675,ND,9,2012-12,False,2012-12,False,2012-12,False,2012-12,False,2012-12,False,2012-12,False
38103,4207,ND,9,2013-06,False,2013-06,False,2013-12,False,2013-06,False,2013-06,False,2013-12,False
38105,22398,ND,9,2012-06,False,2012-06,False,2012-06,False,2012-06,False,2012-06,False,2012-06,False
39001,28550,OH,9,2010-12,False,2010-12,False,2010-12,False,2012-12,False,2013-06,False,2013-06,False
39003,106331,OH,9,2010-12,False,2010-12,False,2010-12,False,2011-12,False,2011-12,False,2011-12,False
39005,53139,OH,9,2010-12,False,2010-12,False,2010-12,False,2011-12,False,2011-12,False,2011-12,False
39007,101497,OH,9,2010-12,False,2010-12,False,2010-12,False,2012-06,False,2012-06,False,2012-06,False
39009,64757,OH,9,2010-12,False,2010-12,False,2010-12,False,2013-06,False,2013-06,False,2013-06,False
39011,45949,OH,9,2010-12,False,2010-12,False,2010-12,False,2011-12,False,2011-12,False,2011-12,False
39013,70400,OH,9,2010-12,False,2010-12,False,2010-12,False,2013-06,False,2013-06,False,2013-12,False
39015,44846,OH,9,2010-12,False,2010-12,False,2010-12,False,2012-06,False,2012-12,False,2012-12,False
39017,368130,OH,9,2010-12,False,2010-12,False,2010-12,False,2011-06,False,2011-06,False,2011-06,False
39019,28836,OH,9,2010-12,False,2010-12,False,2010-12,False,2013-06,False,2013-06,False,2013-06,False
39021,40097,OH,9,2010-12,False,2010-12,False,2010-12,False,2012-12,False,2012-12,False,2012-12,False
39023,138333,OH,9,2010-12,False,2010-12,False,2010-12,False,2011-06,False,2011-06,False,2011-06,False
39025,197363,OH,9,2010-12,False,2010-12,False,2010-12,False,2011-06,False,2011-06,False,2011-12,False
39027,42040,OH,9,2010-12,False,2010-12,False,2010-12,False,2012-06,False,2012-12,False,2012-12,False
39029,107841,OH,9,2010-12,False,2010-12,False,2010-12,False,2013-06,False,2013-06,False,2013-12,False
39031,36901,OH,9,2010-12,False,2010-12,False,2010-12,False,2012-12,False,2012-12,False,2013-12,False
39033,43784,OH,9,2010-12,False,2010-12,False,2010-12,False,2011-12,False,2012-06,False,2012-06,False
39035,1280122,OH,9,2010-12,False,2010-12,False,2010-12,False,2011-06,False,2011-06,False,2011-06,False
39037,52959,OH,9,2010-12,False,2010-12,False,2010-12,False,2012-12,False,2012-12,False,2012-12,False
39039,39037,OH,9,2010-12,False,2010-12,False,2010-12,False,2012-06,False,2012-06,False,2012-06,False
39041,174214,OH,9,2010-12,False,2010-12,False,2010-12,False,2011-06,False,2011-06,False,2011-06,False
39043,77079,OH,9,2010-12,False,2010-12,False,2010-12,False,2011-06,False,2011-06,False,2011-12,False
39045,146156,OH,9,2010-12,False,2010-12,False,2010-12,False,2011-06,False,2011-06,False,2012-06,False
39047,29030,OH,9,2010-12,False,2010-12,False,2010-12,False,2012-12,False,2012-12,False,2012-12,False
39049,1163414,OH,9,2010-12,False,2010-12,False,2010-12,False,2011-06,False,2011-06,False,2011-06,False
39051,42698,OH,9,2010-12,False,2010-12,False,2010-12,False,2012-06,False,2012-12,False,2012-12,False
39053,30934,OH,9,2010-12,False,2010-12,False,2013-12,False,2012-12,False,2012-12,False,2013-12,False
39055,93389,OH,9,2010-12,False,2010-12,False,2010-12,False,2011-06,False,2011-12,False,2012-06,False
39057,161573,OH,9,2010-12,False,2010-12,False,2010-12,False,2011-06,False,2011-06,False,2011-12,False
39059,40087,OH,9,2010-12,False,2010-12,False,2010-12,False,2013-06,False,2013-06,False,2013-06,False
39061,802374,OH,9,2010-12,False,2010-12,False,2010-12,False,2011-06,False,2011-06,False,2011-06,False
39063,74782,OH,9,2010-12,False,2010-12,False,2010-12,False,2011-12,False,2011-12,False,2011-12,False
39065,32058,OH,9,2010-12,False,2010-12,False,2010-12,False,2011-12,False,2012-06,False,2012-06,False
39067,15864,OH,9,2010-12,False,2010-12,False,,True,2013-12,False,2013-12,False,,True
39069,28215,OH,9,2010-12,False,2010-12,False,2010-12,False,2012-06,False,2012-12,False,2012-12,False
39071,43589,OH,9,2010-12,False,2010-12,False,2010-12,False,2012-12,False,2012-12,False,2012-12,False
39073,29380,OH,9,2010-12,False,2010-12,False,2013-12,False,2013-06,False,2013-06,False,2013-12,False
39075,42366,OH,9,2010-12,False,2010-12,False,2010-12,False,2012-12,False,2012-12,False,2012-12,False
39077,59626,OH,9,2010-12,False,2010-12,False,2010-12,False,2012-12,False,2012-12,False,2013-06,False
39079,33225,OH,9,2010-12,False,2010-12,False,2010-12,False,2013-06,False,2013-06,False,2013-06,False
39081,69709,OH,9,2010-12,False,2010-12,False,2010-12,False,2013-06,False,2013-12,False,2013-12,False
39083,60921,OH,9,2010-12,False,2010-12,False,2010-12,False,2012-06,False,2012-12,False,2012-12,False
39085,230041,OH,9,2010-12,False,2010-12,False,2010-12,False,2011-06,False,2011-06,False,2011-06,False
39087,62450,OH,9,2010-12,False,2010-12,False,2010-12,False,2012-06,False,2012-06,False,2013-06,False
39089,166492,OH,9,2010-12,False,2010-12,False,2010-12,False,2011-06,False,2012-06,False,2012-06,False
39091,45858,OH,9,2010-12,False,2010-12,False,2010-12,False,2012-12,False,2012-12,False,2012-12,False
39093,301356,OH,9,2010-12,False,2010-12,False,2010-12,False,2011-06,False,2011-06,False,2011-06,False
39095,441815,OH,9,2010-12,False,2010-12,False,2010-12,False,2011-12,False,2011-12,False,2011-12,False
39097,43435,OH,9,2010-12,False,2010-12,False,2010-12,False,2011-06,False,2011-06,False,2011-06,False
39099,238823,OH,9,2010-12,False,2010-12,False,2010-12,False,2011-12,False,2011-12,False,2011-12,False
39101,66501,OH,9,2010-12,False,2010-12,False,2010-12,False,2011-12,False,2012-12,False,2012-12,False
39103,172332,OH,9,2010-12,False,2010-12,False,2010-12,False,2011-06,False,2011-06,False,2011-06,False
39105,23770,OH,9,2010-12,False,2010-12,False,2013-12,False,2012-12,False,2013-06,False,2013-12,False
39107,40814,OH,9,2010-12,False,2010-12,False,2010-12,False,2012-06,False,2012-06,False,2012-06,False
39109,102506,OH,9,2010-12,False,2010-12,False,2010-12,False,2011-06,False,2011-06,False,2012-06,False
39111,14642,OH,9,2010-12,False,2010-12,False,,True,2013-06,False,,True,,True
39113,535153,OH,9,2010-12,False,2010-12,False,2010-12,False,2011-06,False,2011-06,False,2011-06,False
39115,15054,OH,9,2010-12,False,2010-12,False,2014-06,False,2013-06,False,2013-06,False,2014-06,False
39117,34827,OH,9,2010-12,False,2010-12,False,2010-12,False,2011-12,False,2012-12,False,2012-12,False
39119,86074,OH,9,2010-12,False,2010-12,False,2010-12,False,2012-12,False,2012-12,False,2012-12,False
39121,14645,OH,9,2010-12,False,2010-12,False,2013-06,False,2013-06,False,2013-06,False,2013-06,False
39123,41428,OH,9,2010-12,False,2010-12,False,2010-12,False,2011-12,False,2011-12,False,2011-12,False
39125,19614,OH,9,2010-12,False,2010-12,False,2010-12,False,2011-12,False,2012-06,False,2012-06,False
39127,36058,OH,9,2010-12,False,2010-12,False,2012-12,False,2012-12,False,2012-12,False,2012-12,False
39129,55698,OH,9,2010-12,False,2010-12,False,2010-12,False,2011-06,False,2011-12,False,2012-06,False
39131,28709,OH,9,2010-12,False,2010-12,False,2013-06,False,2012-12,False,2013-06,False,2013-06,False
39133,161419,OH,9,2010-12,False,2010-12,False,2010-12,False,2011-06,False,2011-06,False,2011-12,False
39135,42270,OH,9,2010-12,False,2010-12,False,2010-12,False,2012-12,False,2012-12,False,2012-12,False
39137,34499,OH,9,2010-12,False,2010-12,False,2010-12,False,2011-12,False,2012-06,False,2012-12,False
39139,124475,OH,9,2010-12,False,2010-12,False,2010-12,False,2011-12,False,2011-12,False,2011-12,False
39141,78064,OH,9,2010-12,False,2010-12,False,2010-12,False,2012-12,False,2012-12,False,2012-12,False
39143,60944,OH,9,2010-12,False,2010-12,False,2010-12,False,2011-12,False,2011-12,False,2011-12,False
39145,79499,OH,9,2010-12,False,2010-12,False,2010-12,False,2012-12,False,2012-12,False,2012-12,False
39147,56745,OH,9,2010-12,False,2010-12,False,2010-12,False,2011-12,False,2011-12,False,2011-12,False
39149,49423,OH,9,2010-12,False,2010-12,False,2010-12,False,2012-12,False,2012-12,False,2012-12,False
39151,375586,OH,9,2010-12,False,2010-12,False,2010-12,False,2011-06,False,2011-06,False,2011-06,False
39153,541781,OH,9,2010-12,False,2010-12,False,2010-12,False,2011-06,False,2011-06,False,2011-06,False
39155,210312,OH,9,2010-12,False,2010-12,False,2010-12,False,2011-12,False,2011-12,False,2012-06,False
39157,92582,OH,9,2010-12,False,2010-12,False,2010-12,False,2013-12,False,2013-12,False,2013-12,False
39159,52300,OH,9,2010-12,False,2010-12,False,2010-12,False,2011-06,False,2011-06,False,2011-06,False
39161,28744,OH,9,2010-12,False,2010-12,False,2010-12,False,2011-12,False,2011-12,False,2011-12,False
39163,13435,OH,9,2010-12,False,2010-12,False,2013-06,False,2012-12,False,2012-12,False,2013-06,False
39165,212693,OH,9,2010-12,False,2010-12,False,2010-12,False,2011-06,False,2011-06,False,2011-06,False
39167,61778,OH,9,2010-12,False,2010-12,False,2010-12,False,2013-06,False,2013-06,False,2013-06,False
39169,114520,OH,9,2010-12,False,2010-12,False,2010-12,False,2011-12,False,2012-06,False,2012-06,False
39171,37642,OH,9,2010-12,False,2010-12,False,2010-12,False,2012-06,False,2012-06,False,2012-12,False
39173,125488,OH,9,2010-12,False,2010-12,False,2010-12,False,2011-12,False,2011-12,False,2011-12,False
39175,22615,OH,9,2010-12,False,2010-12,False,2010-12,False,2011-12,False,2012-06,False,2012-06,False
40001,22683,OK,9,2012-12,False,2012-12,False,2012-12,False,2012-12,False,2012-12,False,2012-12,False
40003,5642,OK,9,,True,,True,,True,,True,,True,,True
40005,14182,OK,9,2013-12,False,2013-12,False,2014-06,False,2013-12,False,2013-12,False,2014-06,False
40007,5636,OK,9,2013-12,False,2014-06,False,,True,2013-12,False,2014-06,False,,True
40009,22119,OK,9,2012-12,False,2012-12,False,2012-12,False,2012-12,False,2012-12,False,2012-12,False
40011,11943,OK,9,2012-12,False,2012-12,False,2012-12,False,2012-12,False,2012-12,False,2012-12,False
40013,42416,OK,9,2012-06,False,2012-06,False,2012-06,False,2012-06,False,2012-06,False,2012-12,False
40015,29600,OK,9,2012-12,False,2012-12,False,2012-12,False,2012-12,False,2012-12,False,2012-12,False
40017,115541,OK,9,2010-06,False,2010-12,False,2010-12,False,2011-06,False,2011-06,False,2011-06,False
40019,47557,OK,9,2012-06,False,2012-06,False,2012-06,False,2012-06,False,2012-06,False,2012-06,False
40021,46987,OK,9,2012-12,False,2012-12,False,2012-12,False,2012-12,False,2012-12,False,2012-12,False
40023,15205,OK,9,2014-06,False,2014-06,False,2014-06,False,2014-06,False,2014-06,False,2014-06,False
40025,2475,OK,9,,True,,True,,True,,True,,True,,True
40027,255755,OK,9,2010-06,False,2010-06,False,2010-06,False,2011-06,False,2011-06,False,2011-06,False
40029,5925,OK,9,2013-12,False,2013-12,False,2014-06,False,2013-12,False,2013-12,False,2014-06,False
40031,124098,OK,9,2011-12,False,2011-12,False,2011-12,False,2011-12,False,2011-12,False,2011-12,False
40033,6193,OK,9,2011-12,False,2011-12,False,2012-12,False,2011-12,False,2011-12,False,2012-12,False
40035,15029,OK,9,2013-06,False,2013-06,False,2013-06,False,2013-06,False,2013-06,False,2013-06,False
40037,69967,OK,9,2011-12,False,2011-12,False,2012-12,False,2011-12,False,2011-12,False,2012-12,False
40039,27469,OK,9,2012-12,False,2012-12,False,2012-12,False,2012-12,False,2012-12,False,2012-12,False
40041,41487,OK,9,2012-12,False,2013-06,False,2013-06,False,2012-12,False,2013-06,False,2013-06,False
40043,4810,OK,9,,True,,True,,True,,True,,True,,True
40045,4151,OK,9,,True,,True,,True,,True,,True,,True
40047,60580,OK,9,2012-12,False,2012-12,False,2012-12,False,2012-12,False,2012-12,False,2012-12,False
40049,27576,OK,9,2010-12,False,2010-12,False,2013-12,False,2011-12,False,2011-12,False,2013-12,False
40051,52431,OK,9,2010-12,False,2012-06,False,2012-12,False,2011-06,False,2012-06,False,2012-12,False
40053,4527,OK,9,2012-12,False,2013-06,False,2013-06,False,2012-12,False,2013-06,False,2013-06,False
40055,6239,OK,9,2012-06,False,2012-06,False,2012-06,False,2012-06,False,2012-06,False,2012-06,False
40057,2922,OK,9,2012-12,False,2012-12,False,2012-12,False,2012-12,False,2012-12,False,2012-12,False
40059,3685,OK,9,,True,,True,,True,,True,,True,,True
40061,12769,OK,9,2012-12,False,2013-12,False,2013-12,False,2012-12,False,2013-12,False,2013-12,False
40063,14003,OK,9,2013-12,False,2014-06,False,2014-06,False,2013-12,False,2014-06,False,2014-06,False
40065,26446,OK,9,2012-06,False,2012-06,False,2012-06,False,2012-06,False,2012-06,False,2012-06,False
40067,6472,OK,9,2012-12,False,2012-12,False,2013-06,False,2012-12,False,2012-12,False,2013-06,False
40069,10957,OK,9,2013-12,False,2013-12,False,2014-06,False,2013-12,False,2013-12,False,2014-06,False
40071,46562,OK,9,2012-06,False,2012-06,False,2012-06,False,2012-06,False,2012-06,False,2012-06,False
40073,15034,OK,9,2012-06,False,2012-12,False,2012-12,False,2012-06,False,2012-12,False,2012-12,False
40075,9446,OK,9,2012-12,False,2012-12,False,2012-12,False,2012-12,False,2012-12,False,2012-12,False
40077,11154,OK,9,2013-06,False,,True,,True,2013-06,False,,True,,True
40079,50384,OK,9,2011-12,False,2012-12,False,2012-12,False,2011-12,False,2012-12,False,2012-12,False
40081,34273,OK,9,2010-12,False,2011-12,False,2012-12,False,2011-06,False,2011-12,False,2012-12,False
40083,41848,OK,9,2010-12,False,2010-12,False,2010-12,False,2011-06,False,2011-06,False,2011-06,False
40085,9423,OK,9,2012-06,False,2012-06,False,2012-06,False,2012-06,False,2012-06,False,2012-06,False
40087,34506,OK,9,2010-12,False,2010-12,False,2010-12,False,2011-06,False,2011-06,False,2011-06,False
40089,33151,OK,9,,True,,True,,True,,True,,True,,True
40091,20252,OK,9,2012-06,False,2012-06,False,2012-06,False,2012-06,False,2012-06,False,2012-06,False
40093,7527,OK,9,2012-12,False,2012-12,False,,True,2012-12,False,2012-12,False,,True
40095,15840,OK,9,2012-12,False,2012-12,False,2013-12,False,2012-12,False,2012-12,False,2013-12,False
40097,41259,OK,9,2012-12,False,2012-12,False,2012-12,False,2012-12,False,2012-12,False,2012-12,False
40099,13488,OK,9,2012-06,False,2012-12,False,2013-06,False,2012-06,False,2012-12,False,2013-06,False
40101,70990,OK,9,2012-06,False,2012-06,False,2012-06,False,2012-06,False,2012-06,False,2012-06,False
40103,11561,OK,9,2010-12,False,2011-12,False,2012-12,False,2011-06,False,2011-12,False,2012-12,False
40105,10536,OK,9,2012-12,False,2013-06,False,2013-12,False,2012-12,False,2013-06,False,2013-12,False
40107,12191,OK,9,2012-06,False,2012-06,False,2012-06,False,2012-06,False,2012-06,False,2012-06,False
40109,718633,OK,9,2010-06,False,2010-06,False,2010-06,False,2011-06,False,2011-06,False,2011-06,False
40111,40069,OK,9,2012-06,False,2012-06,False,2012-12,False,2012-06,False,2012-06,False,2012-12,False
40113,47472,OK,9,2011-12,False,2012-12,False,2013-12,False,2011-12,False,2012-12,False,2013-12,False
40115,31848,OK,9,2012-12,False,2013-06,False,2013-06,False,2012-12,False,2013-06,False,2013-06,False
40117,16577,OK,9,2012-12,False,2013-06,False,2013-06,False,2012-12,False,2013-06,False,2013-06,False
40119,77350,OK,9,2010-12,False,2010-12,False,2010-12,False,2011-06,False,2011-06,False,2011-06,False
40121,45837,OK,9,2012-06,False,2012-06,False,2012-06,False,2012-06,False,2012-06,False,2012-06,False
40123,37492,OK,9,2012-12,False,2012-12,False,2012-12,False,2012-12,False,2012-12,False,2012-12,False
40125,69442,OK,9,2010-12,False,2010-12,False,2010-12,False,2011-06,False,2011-06,False,2011-06,False
40127,11572,OK,9,2014-06,False,2014-06,False,,True,2014-06,False,2014-06,False,,True
40129,3647,OK,9,2012-12,False,,True,,True,2012-12,False,,True,,True
40131,86905,OK,9,2011-12,False,2011-12,False,2011-12,False,2011-12,False,2011-12,False,2011-12,False
40133,25482,OK,9,2012-06,False,2013-12,False,2013-12,False,2012-06,False,2013-12,False,2013-12,False
40135,42391,OK,9,2011-12,False,2012-06,False,2012-12,False,2011-12,False,2012-06,False,2012-12,False
40137,45048,OK,9,2012-06,False,2012-06,False,2012-06,False,2012-06,False,2012-06,False,2012-06,False
40139,20640,OK,9,2014-06,False,2014-06,False,2014-06,False,2014-06,False,2014-06,False,2014-06,False
40141,7992,OK,9,2012-12,False,2013-06,False,2013-06,False,2012-12,False,2013-06,False,2013-06,False
40143,603403,OK,9,2010-06,False,2010-06,False,2010-06,False,2011-06,False,2011-06,False,2011-06,False
40145,73085,OK,9,2011-12,False,2011-12,False,2012-06,False,2011-12,False,2011-12,False,2012-06,False
40147,50976,OK,9,2011-12,False,2011-12,False,2011-12,False,2011-12,False,2011-12,False,2011-12,False
40149,11629,OK,9,2012-12,False,2012-12,False,2012-12,False,2012-12,False,2012-12,False,2012-12,False
40151,8878,OK,9,2012-12,False,2012-12,False,,True,2012-12,False,2012-12,False,,True
40153,20081,OK,9,2012-12,False,2012-12,False,2012-12,False,2012-12,False,2012-12,False,2012-12,False
41001,16134,OR,9,2013-12,False,2013-12,False,2014-06,False,2013-12,False,2013-12,False,2014-06,False
41003,85579,OR,9,2011-06,False,2011-06,False,2011-12,False,2011-06,False,2011-06,False,2011-12,False
41005,375992,OR,9,2011-06,False,2011-06,False,2011-06,False,2011-06,False,2011-06,False,2011-06,False
41007,37039,OR,9,2013-06,False,2013-06,False,2013-06,False,2013-06,False,2013-06,False,2013-06,False
41009,49351,OR,9,2011-12,False,2011-12,False,2013-06,False,2011-12,False,2011-12,False,2013-06,False
41011,63043,OR,9,2013-06,False,2013-06,False,2013-06,False,2013-06,False,2013-06,False,2013-06,False
41013,20978,OR,9,2013-06,False,2013-06,False,2013-06,False,2013-06,False,2013-06,False,2013-06,False
41015,22364,OR,9,2013-12,False,2013-12,False,2014-06,False,2013-12,False,2013-12,False,2014-06,False
41017,157733,OR,9,2012-12,False,2012-12,False,2012-12,False,2012-12,False,2012-12,False,2012-12,False
41019,107667,OR,9,2012-12,False,2012-12,False,2013-06,False,2012-12,False,2012-12,False,2013-06,False
41021,1871,OR,9,2013-12,False,2014-06,False,,True,2013-12,False,2014-06,False,,True
41023,7445,OR,9,2014-06,False,2014-06,False,2014-06,False,2014-06,False,2014-06,False,2014-06,False
41025,7422,OR,9,2013-12,False,2013-12,False,2013-12,False,2013-12,False,2013-12,False,2013-12,False
41027,22346,OR,9,2013-06,False,2013-06,False,2013-06,False,2013-06,False,2013-06,False,2013-06,False
41029,203206,OR,9,2012-12,False,2012-12,False,2012-12,False,2012-12,False,2012-12,False,2012-12,False
41031,21720,OR,9,2013-06,False,2013-06,False,2013-06,False,2013-06,False,2013-06,False,2013-06,False
41033,82713,OR,9,2012-12,False,2012-12,False,2012-12,False,2012-12,False,2012-12,False,2012-12,False
41035,66380,OR,9,2012-12,False,2012-12,False,2013-06,False,2012-12,False,2012-12,False,2013-06,False
41037,7895,OR,9,2013-12,False,2013-12,False,2013-12,False,2013-12,False,2013-12,False,2013-12,False
41039,351715,OR,9,2011-06,False,2011-06,False,2011-12,False,2011-06,False,2011-06,False,2011-12,False
41041,46034,OR,9,2013-06,False,2013-12,False,2013-12,False,2013-06,False,2013-12,False,2013-12,False
41043,116672,OR,9,2012-06,False,2012-06,False,2012-06,False,2012-06,False,2012-06,False,2012-06,False
41045,31313,OR,9,2012-06,False,2012-06,False,2012-06,False,2012-06,False,2012-06,False,2012-06,False
41047,315335,OR,9,2011-06,False,2011-06,False,2011-12,False,2011-06,False,2011-06,False,2011-12,False
41049,11173,OR,9,2013-06,False,2013-12,False,2014-06,False,2013-06,False,2013-12,False,2014-06,False
41051,735334,OR,9,2011-06,False,2011-06,False,2011-06,False,2011-06,False,2011-06,False,2011-06,False
41053,75403,OR,9,2011-06,False,2011-06,False,2012-12,False,2011-06,False,2011-06,False,2012-12,False
41055,1765,OR,9,2013-12,False,2013-12,False,2013-12,False,2013-12,False,2013-12,False,2013-12,False
41057,25250,OR,9,2013-06,False,2013-06,False,2013-06,False,2013-06,False,2013-06,False,2013-06,False
41059,75889,OR,9,2013-06,False,2013-06,False,2013-06,False,2013-06,False,2013-06,False,2013-06,False
41061,25748,OR,9,2012-12,False,2012-12,False,2013-06,False,2012-12,False,2012-12,False,2013-06,False
41063,7008,OR,9,,True,,True,,True,,True,,True,,True
41065,25213,OR,9,2013-06,False,2013-06,False,2013-06,False,2013-06,False,2013-06,False,2013-06,False
41067,529710,OR,9,2011-06,False,2011-06,False,2011-06,False,2011-06,False,2011-06,False,2011-06,False
41069,1441,OR,9,,True,,True,,True,,True,,True,,True
41071,99193,OR,9,2012-12,False,2012-12,False,2012-12,False,2012-12,False,2012-12,False,2012-12,False
42001,101407,PA,9,2012-06,False,2012-06,False,2012-12,False,2012-06,False,2012-06,False,2012-12,False
42003,1223348,PA,9,2010-06,False,2010-06,False,2010-12,False,2011-06,False,2011-06,False,2011-06,False
42005,68941,PA,9,2011-12,False,2012-12,False,2012-12,False,2011-12,False,2012-12,False,2012-12,False
42007,170539,PA,9,2010-12,False,2010-12,False,2011-06,False,2011-06,False,2011-06,False,2011-06,False
42009,49762,PA,9,2012-06,False,2012-12,False,2013-12,False,2012-06,False,2012-12,False,2014-06,False
42011,411442,PA,9,2010-12,False,2011-06,False,2012-12,False,2011-06,False,2011-06,False,2012-12,False
42013,127089,PA,9,2011-12,False,2011-12,False,2011-12,False,2011-12,False,2011-12,False,2011-12,False
42015,62622,PA,9,2012-12,False,2013-12,False,2013-12,False,2012-12,False,2013-12,False,2013-12,False
42017,625249,PA,9,2010-06,False,2010-06,False,2010-12,False,2011-06,False,2011-06,False,2011-12,False
42019,183862,PA,9,2011-06,False,2012-06,False,2012-12,False,2011-06,False,2012-06,False,2012-12,False
42021,143679,PA,9,2011-12,False,2011-12,False,2011-12,False,2011-12,False,2011-12,False,2011-12,False
42023,5085,PA,9,2013-06,False,2013-06,False,,True,2013-06,False,2013-06,False,,True
42025,65249,PA,9,2012-12,False,2012-12,False,2013-06,False,2012-12,False,2012-12,False,2013-06,False
42027,153990,PA,9,2011-06,False,2011-06,False,2011-12,False,2011-06,False,2011-06,False,2011-12,False
42029,498886,PA,9,2010-06,False,2010-06,False,2012-12,False,2012-06,False,2012-06,False,2012-12,False
42031,39988,PA,9,2012-12,False,2012-12,False,2012-12,False,2012-12,False,2012-12,False,2012-12,False
42033,81642,PA,9,2012-12,False,2012-12,False,2012-12,False,2012-12,False,2012-12,False,2012-12,False
42035,39238,PA,9,2012-12,False,2012-12,False,2012-12,False,2012-12,False,2012-12,False,2012-12,False
42037,67295,PA,9,2012-12,False,2012-12,False,2012-12,False,2012-12,False,2012-12,False,2012-12,False
42039,88765,PA,9,2012-12,False,2012-12,False,2012-12,False,2012-12,False,2012-12,False,2012-12,False
42041,235406,PA,9,2010-12,False,2011-06,False,2011-06,False,2011-06,False,2011-06,False,2011-06,False
42043,268100,PA,9,2010-12,False,2010-12,False,2011-06,False,2011-06,False,2011-06,False,2011-06,False
42045,558979,PA,9,2010-06,False,2010-06,False,2010-06,False,2011-06,False,2011-06,False,2011-06,False
42047,31946,PA,9,2012-12,False,2012-12,False,2013-12,False,2012-12,False,2012-12,False,2013-12,False
42049,280566,PA,9,2010-12,False,2010-12,False,2011-12,False,2011-06,False,2011-06,False,2011-12,False
42051,136606,PA,9,2011-06,False,2011-06,False,2011-06,False,2011-06,False,2011-06,False,2011-06,False
42053,7716,PA,9,2012-12,False,2012-12,False,2013-06,False,2012-12,False,2012-12,False,2013-06,False
42055,149618,PA,9,2012-06,False,2012-06,False,2012-12,False,2012-06,False,2012-06,False,2012-12,False
42057,14845,PA,9,2012-12,False,2013-06,False,2013-12,False,2012-12,False,2013-06,False,2013-12,False
42059,38686,PA,9,2012-12,False,2012-12,False,2012-12,False,2012-12,False,2012-12,False,2012-12,False
42061,45913,PA,9,2012-12,False,2013-06,False,2013-12,False,2012-12,False,2013-06,False,2013-12,False
42063,88880,PA,9,2011-12,False,2011-12,False,2012-06,False,2011-12,False,2011-12,False,2012-06,False
42065,45200,PA,9,2012-12,False,2012-12,False,2012-12,False,2012-12,False,2012-12,False,2012-12,False
42067,24636,PA,9,2012-12,False,2012-12,False,2013-12,False,2012-12,False,2012-12,False,2013-12,False
42069,214437,PA,9,2010-12,False,2011-06,False,2012-06,False,2011-06,False,2011-06,False,2012-06,False
42071,519445,PA,9,2010-12,False,2011-12,False,2012-06,False,2011-06,False,2011-12,False,2012-06,False
42073,91108,PA,9,2012-06,False,2012-06,False,2012-06,False,2012-06,False,2012-06,False,2012-06,False
42075,133568,PA,9,2012-06,False,2012-06,False,2012-06,False,2012-06,False,2012-06,False,2012-06,False
42077,349497,PA,9,2010-06,False,2010-12,False,2010-12,False,2011-06,False,2011-06,False,2011-06,False
42079,320918,PA,9,2010-12,False,2011-12,False,2012-06,False,2011-06,False,2011-12,False,2012-06,False
42081,116111,PA,9,2012-12,False,2012-12,False,2012-12,False,2012-12,False,2012-12,False,2012-12,False
42083,43450,PA,9,2012-12,False,2013-06,False,2013-06,False,2012-12,False,2013-06,False,2013-06,False
42085,116638,PA,9,2012-06,False,2012-06,False,2012-12,False,2012-06,False,2012-06,False,2012-12,False
42087,46682,PA,9,2012-12,False,2012-12,False,2013-12,False,2012-12,False,2012-12,False,2013-12,False
42089,169842,PA,9,2012-12,False,2012-12,False,2012-12,False,2012-12,False,2012-12,False,2012-12,False
42091,799874,PA,9,2010-06,False,2010-06,False,2010-06,False,2011-06,False,2011-06,False,2012-06,False
42093,18267,PA,9,2012-06,False,2012-06,False,2012-12,False,2012-06,False,2012-06,False,2012-12,False
42095,297735,PA,9,2010-12,False,2011-06,False,2011-06,False,2011-06,False,2011-06,False,2011-06,False
42097,94528,PA,9,2012-12,False,2012-12,False,2012-12,False,2012-12,False,2012-12,False,2012-12,False
42099,45969,PA,9,2012-12,False,2012-12,False,2012-12,False,2012-12,False,2012-12,False,2012-12,False
42101,1526006,PA,9,2010-06,False,2010-06,False,2010-06,False,2011-06,False,2011-06,False,2011-06,False
42103,57369,PA,9,2013-06,False,2013-06,False,2013-06,False,2013-06,False,2013-06,False,2013-06,False
42105,17457,PA,9,2013-06,False,2013-06,False,,True,2013-06,False,2013-06,False,,True
42107,148289,PA,9,2012-12,False,2012-12,False,2012-12,False,2012-12,False,2012-12,False,2012-12,False
42109,39702,PA,9,2012-12,False,2012-12,False,2012-12,False,2012-12,False,2012-12,False,2012-12,False
42111,77742,PA,9,2012-06,False,2012-06,False,2012-12,False,2012-06,False,2012-06,False,2012-12,False
42113,6428,PA,9,2013-12,False,2013-12,False,,True,2013-12,False,2013-12,False,,True
42115,43356,PA,9,2013-06,False,2013-06,False,2014-06,False,2013-06,False,2013-06,False,2014-06,False
42117,41981,PA,9,2012-12,False,2012-12,False,2013-06,False,2012-12,False,2012-12,False,2013-06,False
42119,44947,PA,9,2012-12,False,2012-12,False,2012-12,False,2012-12,False,2012-12,False,2012-12,False
42121,54984,PA,9,2012-06,False,2012-06,False,2012-06,False,2012-06,False,2012-06,False,2012-06,False
42123,41815,PA,9,2012-12,False,2012-12,False,2013-12,False,2012-12,False,2012-12,False,2013-12,False
42125,207820,PA,9,2011-06,False,2011-06,False,2011-06,False,2011-06,False,2011-06,False,2011-06,False
42127,52822,PA,9,2012-12,False,2013-06,False,2013-12,False,2012-12,False,2013-06,False,2013-12,False
42129,365169,PA,9,2010-12,False,2011-06,False,2011-06,False,2011-06,False,2011-06,False,2011-06,False
42131,28276,PA,9,2012-12,False,2013-06,False,2013-06,False,2012-12,False,2013-06,False,2013-06,False
42133,434972,PA,9,2010-12,False,2011-12,False,2012-06,False,2011-06,False,2011-12,False,2012-06,False
44001,49875,RI,9,2010-06,False,2010-12,False,2010-12,False,2011-06,False,2011-06,False,2011-06,False
44003,166158,RI,9,2010-06,False,2010-06,False,2010-06,False,2011-06,False,2011-06,False,2011-06,False
44005,82888,RI,9,2010-06,False,2010-06,False,2010-06,False,2011-06,False,2011-06,False,2011-06,False
44007,626667,RI,9,2010-06,False,2010-06,False,2010-06,False,2011-06,False,2011-06,False,2011-06,False
44009,126979,RI,9,2010-06,False,2010-06,False,2010-12,False,2011-06,False,2011-06,False,2011-06,False
45001,25417,SC,9,2012-06,False,2012-06,False,2012-06,False,2012-06,False,2012-06,False,2012-06,False
45003,160099,SC,9,2010-12,False,2011-06,False,2011-06,False,2011-06,False,2011-06,False,2011-06,False
45005,10419,SC,9,2013-06,False,2013-06,False,2013-06,False,2013-06,False,2013-06,False,2013-06,False
45007,187126,SC,9,2011-06,False,2011-12,False,2012-06,False,2011-06,False,2012-06,False,2012-06,False
45009,15987,SC,9,2012-12,False,2012-12,False,2012-12,False,2012-12,False,2012-12,False,2012-12,False
45011,22621,SC,9,2013-06,False,2013-06,False,2013-06,False,2013-06,False,2013-06,False,2013-06,False
45013,162233,SC,9,2011-06,False,2011-06,False,2013-06,False,2011-06,False,2011-06,False,2013-06,False
45015,177843,SC,9,2010-12,False,2010-12,False,2011-12,False,2011-06,False,2011-06,False,2011-12,False
45017,15175,SC,9,2012-12,False,2012-12,False,2012-12,False,2012-12,False,2012-12,False,2012-12,False
45019,350209,SC,9,2010-12,False,2010-12,False,2010-12,False,2011-06,False,2011-06,False,2011-06,False
45021,55342,SC,9,2012-12,False,2012-12,False,2012-12,False,2012-12,False,2012-12,False,2012-12,False
45023,33140,SC,9,2013-06,False,2013-06,False,2013-06,False,2013-06,False,2013-06,False,2013-06,False
45025,46734,SC,9,2013-06,False,2013-06,False,2013-06,False,2013-06,False,2013-06,False,2013-06,False
45027,34971,SC,9,2012-12,False,2012-12,False,2013-06,False,2012-12,False,2012-12,False,2013-06,False
45029,38892,SC,9,2012-12,False,2012-12,False,2012-12,False,2012-12,False,2012-12,False,2012-12,False
45031,68681,SC,9,2012-06,False,2012-06,False,2013-06,False,2012-06,False,2012-06,False,2013-06,False
45033,32062,SC,9,2012-06,False,2012-06,False,2012-06,False,2012-06,False,2012-06,False,2012-06,False
45035,136555,SC,9,2010-12,False,2010-12,False,2010-12,False,2011-06,False,2011-06,False,2011-06,False
45037,26985,SC,9,2011-06,False,2012-06,False,2013-06,False,2011-06,False,2012-06,False,2013-06,False
45039,23956,SC,9,2012-12,False,2012-12,False,2013-06,False,2012-12,False,2012-12,False,2013-06,False
45041,136885,SC,9,2011-12,False,2011-12,False,2012-06,False,2011-12,False,2011-12,False,2012-06,False
45043,60158,SC,9,2013-06,False,2013-06,False,2013-06,False,2013-06,False,2013-06,False,2013-06,False
45045,451225,SC,9,2010-12,False,2010-12,False,2010-12,False,2011-06,False,2011-06,False,2011-06,False
45047,69661,SC,9,2012-06,False,2012-06,False,2012-06,False,2012-06,False,2012-06,False,2012-06,False
45049,21090,SC,9,2013-06,False,2013-06,False,2013-06,False,2013-06,False,2013-06,False,2013-06,False
45051,269291,SC,9,2010-12,False,2011-12,False,2012-06,False,2011-06,False,2011-12,False,2012-06,False
45053,24777,SC,9,2011-06,False,2012-06,False,2013-06,False,2011-06,False,2012-06,False,2013-06,False
45055,61697,SC,9,2011-12,False,2012-12,False,2012-12,False,2011-12,False,2012-12,False,2012-12,False
45057,76652,SC,9,2010-12,False,2011-06,False,2013-06,False,2011-06,False,2011-06,False,2013-06,False
45059,66537,SC,9,2011-12,False,2012-06,False,2013-06,False,2012-06,False,2013-06,False,2013-06,False
45061,19220,SC,9,2012-12,False,2012-12,False,2012-12,False,2012-12,False,2012-12,False,2012-12,False
45063,262391,SC,9,2010-12,False,2011-06,False,2011-06,False,2011-06,False,2011-06,False,2011-06,False
45065,10233,SC,9,2013-06,False,2013-06,False,2013-06,False,2013-06,False,2013-06,False,2013-06,False
45067,33062,SC,9,2012-06,False,2012-06,False,2012-06,False,2012-06,False,2012-06,False,2012-06,False
45069,28933,SC,9,2013-06,False,2013-06,False,2013-06,False,2013-06,False,2013-06,False,2013-06,False
45071,37508,SC,9,2011-12,False,2011-12,False,2012-06,False,2012-12,False,2013-06,False,2013-06,False
45073,74273,SC,9,2011-12,False,2012-06,False,2012-06,False,2011-12,False,2012-06,False,2012-06,False
45075,92501,SC,9,2012-12,False,2012-12,False,2012-12,False,2012-12,False,2012-12,False,2012-12,False
45077,119224,SC,9,2010-12,False,2010-12,False,2011-06,False,2011-06,False,2011-06,False,2011-06,False
45079,384504,SC,9,2010-12,False,2010-12,False,2011-06,False,2011-06,False,2011-06,False,2011-06,False
45081,19875,SC,9,2013-06,False,2013-06,False,2013-06,False,2013-06,False,2013-06,False,2013-06,False
45083,284307,SC,9,2010-12,False,2010-12,False,2010-12,False,2011-06,False,2011-06,False,2011-06,False
45085,107456,SC,9,2012-12,False,2012-12,False,2012-12,False,2012-12,False,2012-12,False,2012-12,False
45087,28961,SC,9,2013-06,False,2013-06,False,2013-06,False,2013-06,False,2013-06,False,2013-06,False
45089,34423,SC,9,2013-06,False,2013-06,False,2013-06,False,2013-06,False,2013-06,False,2013-06,False
45091,226073,SC,9,2010-12,False,2010-12,False,2010-12,False,2011-06,False,2011-06,False,2011-06,False
46003,2710,SD,9,2012-06,False,2012-06,False,2012-06,False,2012-06,False,2012-06,False,2012-06,False
46005,17398,SD,9,2013-06,False,2013-06,False,2013-06,False,2013-06,False,2013-06,False,2013-06,False
46007,3431,SD,9,2013-06,False,2013-06,False,2013-06,False,2013-06,False,2013-06,False,2013-06,False
46009,7070,SD,9,2013-06,False,2013-06,False,2013-06,False,2013-06,False,2013-06,False,2013-06,False
46011,31965,SD,9,2012-06,False,2012-06,False,2012-06,False,2012-06,False,2012-06,False,2012-06,False
46013,36531,SD,9,2012-12,False,2012-12,False,2012-12,False,2012-12,False,2012-12,False,2012-12,False
46015,5255,SD,9,2012-06,False,2012-12,False,2012-12,False,2012-06,False,2012-12,False,2012-12,False
46017,1912,SD,9,2012-12,False,2012-12,False,2012-12,False,2012-12,False,2012-12,False,2012-12,False
46019,10110,SD,9,2012-06,False,2012-06,False,2012-06,False,2012-06,False,2012-06,False,2012-06,False
46021,1466,SD,9,2013-06,False,2013-06,False,,True,2013-06,False,2013-06,False,,True
46023,9129,SD,9,2013-06,False,2013-06,False,2013-06,False,2013-06,False,2013-06,False,2013-06,False
46025,3691,SD,9,2013-06,False,2013-06,False,2013-06,False,2013-06,False,2013-06,False,2013-06,False
46027,13864,SD,9,2011-12,False,2011-12,False,2011-12,False,2011-12,False,2011-12,False,2011-12,False
46029,27227,SD,9,2012-12,False,2012-12,False,2012-12,False,2012-12,False,2012-12,False,2012-12,False
46031,4050,SD,9,2013-06,False,,True,,True,2013-06,False,,True,,True
46033,8216,SD,9,2012-06,False,2012-06,False,2013-06,False,2012-06,False,2012-06,False,2013-06,False
46035,19504,SD,9,2012-06,False,2012-06,False,2012-06,False,2012-06,False,2012-06,False,2012-06,False
46037,5710,SD,9,2012-12,False,2012-12,False,2012-12,False,2012-12,False,2012-12,False,2012-12,False
46039,4364,SD,9,2012-12,False,2012-12,False,2012-12,False,2012-12,False,2012-12,False,2012-12,False
46041,5301,SD,9,2013-06,False,2013-06,False,2013-06,False,2013-06,False,2013-06,False,2013-06,False
46043,3002,SD,9,2013-06,False,2013-06,False,2013-06,False,2013-06,False,2013-06,False,2013-06,False
46045,4071,SD,9,2013-06,False,2013-06,False,2013-06,False,2013-06,False,2013-06,False,2013-06,False
46047,7094,SD,9,2012-06,False,2012-06,False,2012-06,False,2012-06,False,2012-06,False,2012-06,False
46049,2364,SD,9,2013-06,False,2013-06,False,2013-06,False,2013-06,False,2013-06,False,2013-06,False
46051,7356,SD,9,2012-12,False,2012-12,False,2012-12,False,2012-12,False,2012-12,False,2012-12,False
46053,4271,SD,9,2013-06,False,2013-06,False,2013-06,False,2013-06,False,2013-06,False,2013-06,False
46055,1937,SD,9,2012-06,False,2012-06,False,2013-06,False,2012-06,False,2012-06,False,2013-06,False
46057,5903,SD,9,2012-12,False,2012-12,False,2012-12,False,2012-12,False,2012-12,False,2012-12,False
46059,3431,SD,9,2013-06,False,2013-06,False,2013-06,False,2013-06,False,2013-06,False,2013-06,False
46061,3331,SD,9,2012-06,False,2012-12,False,2013-06,False,2012-06,False,2012-12,False,2013-06,False
46063,1255,SD,9,2013-06,False,2013-12,False,2014-06,False,2013-06,False,2013-12,False,2014-06,False
46065,17022,SD,9,2012-06,False,2012-06,False,2012-06,False,2012-06,False,2012-06,False,2012-06,False
46067,7343,SD,9,2012-12,False,2013-06,False,2013-06,False,2012-12,False,2013-06,False,2013-06,False
46069,1420,SD,9,2013-06,False,2013-06,False,2013-06,False,2013-06,False,2013-06,False,2013-06,False
46071,3031,SD,9,2012-06,False,2013-06,False,2013-12,False,2012-06,False,2013-06,False,2013-12,False
46073,2071,SD,9,2012-12,False,2013-06,False,2013-06,False,2012-12,False,2013-06,False,2013-06,False
46075,1006,SD,9,2012-06,False,2012-06,False,2012-12,False,2012-06,False,2012-06,False,2012-12,False
46077,5148,SD,9,2012-06,False,2012-12,False,2013-06,False,2012-06,False,2012-12,False,2013-06,False
46079,11200,SD,9,2012-06,False,2012-06,False,2012-06,False,2012-06,False,2012-06,False,2012-06,False
46081,24097,SD,9,2012-06,False,2012-06,False,2012-06,False,2012-06,False,2012-06,False,2012-06,False
46083,44828,SD,9,2011-06,False,2011-06,False,2011-06,False,2011-12,False,2011-12,False,2011-12,False
46085,3755,SD,9,2012-12,False,2012-12,False,2012-12,False,2012-12,False,2012-12,False,2012-12,False
46087,5618,SD,9,2012-06,False,2013-06,False,2013-06,False,2012-06,False,2013-06,False,2013-06,False
46089,2459,SD,9,2013-06,False,2013-06,False,2013-12,False,2013-06,False,2013-06,False,2013-12,False
46091,4656,SD,9,2013-06,False,2013-06,False,2013-06,False,2013-06,False,2013-06,False,2013-06,False
46093,25434,SD,9,2011-12,False,2012-06,False,2012-06,False,2011-12,False,2012-06,False,2012-06,False
46095,2048,SD,9,2013-06,False,2013-06,False,2013-06,False,2013-06,False,2013-06,False,2013-06,False
46097,2389,SD,9,2013-06,False,2013-06,False,2013-06,False,2013-06,False,2013-06,False,2013-06,False
46099,169468,SD,9,2011-06,False,2011-06,False,2011-06,False,2011-12,False,2011-12,False,2011-12,False
46101,6486,SD,9,2012-06,False,2012-06,False,2012-06,False,2012-06,False,2012-06,False,2012-06,False
46103,100948,SD,9,2011-12,False,2011-12,False,2011-12,False,2011-12,False,2011-12,False,2011-12,False
46105,2982,SD,9,2013-12,False,2013-12,False,2013-12,False,2013-12,False,2013-12,False,2013-12,False
46107,2329,SD,9,2013-06,False,2013-06,False,2013-06,False,2013-06,False,2013-06,False,2013-06,False
46109,10149,SD,9,2012-12,False,2012-12,False,2012-12,False,2012-12,False,2012-12,False,2012-12,False
46111,2355,SD,9,2012-06,False,2012-12,False,2013-06,False,2012-06,False,2012-12,False,2013-06,False
46113,13586,SD,9,2013-12,False,,True,,True,2013-12,False,,True,,True
46115,6415,SD,9,2013-06,False,2013-06,False,2013-06,False,2013-06,False,2013-06,False,2013-06,False
46117,2966,SD,9,2012-06,False,2012-06,False,2012-06,False,2012-06,False,2012-06,False,2012-06,False
46119,1373,SD,9,2013-06,False,2013-06,False,2013-06,False,2013-06,False,2013-06,False,2013-06,False
46121,9612,SD,9,2013-06,False,2013-06,False,2013-06,False,2013-06,False,2013-06,False,2013-06,False
46123,5644,SD,9,2013-06,False,2013-06,False,2013-06,False,2013-06,False,2013-06,False,2013-06,False
46125,8347,SD,9,2011-06,False,2012-12,False,2012-12,False,2011-12,False,2012-12,False,2012-12,False
46127,14399,SD,9,2011-12,False,2011-12,False,2011-12,False,2011-12,False,2011-12,False,2011-12,False
46129,5438,SD,9,2013-06,False,2013-06,False,2013-06,False,2013-06,False,2013-06,False,2013-06,False
46135,22438,SD,9,2012-06,False,2012-06,False,2012-06,False,2012-06,False,2012-06,False,2012-06,False
46137,2801,SD,9,2013-06,False,2013-06,False,2013-06,False,2013-06,False,2013-06,False,2013-06,False
47001,75129,TN,9,2011-12,False,2011-12,False,2011-12,False,2011-12,False,2011-12,False,2011-12,False
47003,45058,TN,9,2010-12,False,2010-12,False,2010-12,False,2011-06,False,2011-06,False,2011-06,False
47005,16489,TN,9,2012-12,False,2012-12,False,2012-12,False,2012-12,False,2012-12,False,2012-12,False
47007,12876,TN,9,2012-12,False,2012-12,False,,True,2012-12,False,2012-12,False,,True
47009,123010,TN,9,2011-12,False,2011-12,False,2011-12,False,2011-12,False,2011-12,False,2011-12,False
47011,98963,TN,9,2011-06,False,2011-06,False,2011-06,False,2011-06,False,2011-06,False,2011-06,False
47013,40716,TN,9,2013-06,False,2013-06,False,2013-06,False,2013-06,False,2013-06,False,2013-06,False
47015,13801,TN,9,2012-06,False,2012-06,False,2012-06,False,2012-06,False,2012-06,False,2012-06,False
47017,28522,TN,9,2012-12,False,2012-12,False,2012-12,False,2012-12,False,2012-12,False,2012-12,False
47019,57424,TN,9,2011-12,False,2011-12,False,2011-12,False,2011-12,False,2011-12,False,2011-12,False
47021,39105,TN,9,2010-12,False,2010-12,False,2010-12,False,2011-06,False,2011-06,False,2011-06,False
47023,17131,TN,9,2012-12,False,2012-12,False,2013-06,False,2012-12,False,2012-12,False,2013-06,False
47025,32213,TN,9,2013-06,False,2013-06,False,2013-06,False,2013-06,False,2013-06,False,2013-06,False
47027,7861,TN,9,2013-06,False,2013-06,False,,True,2013-06,False,2013-06,False,,True
47029,35662,TN,9,2011-12,False,2011-12,False,2013-06,False,2011-12,False,2011-12,False,2013-06,False
47031,52796,TN,9,2010-12,False,2010-12,False,2010-12,False,2011-06,False,2011-06,False,2011-06,False
47033,14586,TN,9,2012-06,False,2012-06,False,2012-12,False,2012-06,False,2012-06,False,2012-12,False
47035,56053,TN,9,2012-12,False,2012-12,False,2012-12,False,2012-12,False,2012-12,False,2012-12,False
47037,626681,TN,9,2010-12,False,2010-12,False,2010-12,False,2011-06,False,2011-06,False,2011-06,False
47039,11757,TN,9,2013-06,False,2013-06,False,2013-06,False,2013-06,False,2013-06,False,2013-06,False
47041,18723,TN,9,2012-06,False,2012-06,False,2012-06,False,2012-06,False,2012-06,False,2012-06,False
47043,49666,TN,9,2010-12,False,2010-12,False,2010-12,False,2011-06,False,2011-06,False,2011-06,False
47045,38335,TN,9,2011-12,False,2011-12,False,2011-12,False,2011-12,False,2011-12,False,2011-12,False
47047,38413,TN,9,2012-12,False,2012-12,False,2013-06,False,2012-12,False,2012-12,False,2013-06,False
47049,17959,TN,9,2013-06,False,2013-06,False,2013-06,False,2013-06,False,2013-06,False,2013-06,False
47051,41052,TN,9,2010-12,False,2010-12,False,2012-06,False,2011-06,False,2011-06,False,2012-06,False
47053,49683,TN,9,2012-12,False,2012-12,False,2012-12,False,2012-12,False,2012-12,False,2012-12,False
47055,29485,TN,9,2012-06,False,2012-06,False,2012-06,False,2012-06,False,2012-06,False,2012-06,False
47057,22657,TN,9,2011-12,False,2011-12,False,2013-06,False,2011-12,False,2011-12,False,2013-06,False
47059,68831,TN,9,2011-12,False,2011-12,False,2011-12,False,2011-12,False,2011-12,False,2011-12,False
47061,13703,TN,9,2012-06,False,2012-12,False,2012-12,False,2012-06,False,2012-12,False,2012-12,False
47063,62544,TN,9,2011-12,False,2011-12,False,2011-12,False,2011-12,False,2011-12,False,2011-12,False
47065,336463,TN,9,2011-06,False,2011-06,False,2011-06,False,2011-06,False,2011-06,False,2011-06,False
47067,6819,TN,9,2013-06,False,2013-06,False,,True,2013-06,False,2013-06,False,,True
47069,27253,TN,9,2013-06,False,2013-06,False,2013-06,False,2013-06,False,2013-06,False,2013-06,False
47071,26026,TN,9,2013-06,False,2013-06,False,2013-06,False,2013-06,False,2013-06,False,2013-06,False
47073,56833,TN,9,2011-12,False,2011-12,False,2011-12,False,2011-12,False,2011-12,False,2011-12,False
47075,18787,TN,9,2012-12,False,2012-12,False,2012-12,False,2012-12,False,2012-12,False,2012-12,False
47077,27769,TN,9,2012-12,False,2012-12,False,2012-12,False,2012-12,False,2012-12,False,2012-12,False
47079,32330,TN,9,2012-12,False,2012-12,False,2012-12,False,2012-12,False,2012-12,False,2012-12,False
47081,24690,TN,9,2010-12,False,2012-06,False,2012-06,False,2011-06,False,2012-06,False,2012-06,False
47083,8426,TN,9,2012-06,False,2012-06,False,2012-06,False,2012-06,False,2012-06,False,2012-06,False
47085,18538,TN,9,2012-06,False,2012-06,False,2012-06,False,2012-06,False,2012-06,False,2012-06,False
47087,11638,TN,9,2012-06,False,2012-06,False,2012-06,False,2012-06,False,2012-06,False,2012-06,False
47089,51407,TN,9,2011-12,False,2011-12,False,2011-12,False,2011-12,False,2011-12,False,2011-12,False
47091,18244,TN,9,2013-06,False,2013-06,False,2013-12,False,2013-06,False,2013-06,False,2013-12,False
47093,432226,TN,9,2010-12,False,2010-12,False,2010-12,False,2011-06,False,2011-06,False,2011-06,False
47095,7832,TN,9,2012-12,False,2013-06,False,2013-06,False,2012-12,False,2013-06,False,2013-06,False
47097,27815,TN,9,2012-12,False,2012-12,False,2012-12,False,2012-12,False,2012-12,False,2012-12,False
47099,41869,TN,9,2012-06,False,2012-06,False,2012-12,False,2012-06,False,2012-06,False,2012-12,False
47101,12161,TN,9,2013-06,False,2013-06,False,2013-06,False,2013-06,False,2013-06,False,2013-06,False
47103,33361,TN,9,2011-06,False,2011-12,False,2013-06,False,2011-06,False,2011-12,False,2013-06,False
47105,48556,TN,9,2011-12,False,2011-12,False,2011-12,False,2011-12,False,2011-12,False,2011-12,False
47107,52266,TN,9,2011-12,False,2011-12,False,2011-12,False,2011-12,False,2011-12,False,2011-12,False
47109,26075,TN,9,2013-06,False,2013-06,False,2013-06,False,2013-06,False,2013-06,False,2013-06,False
47111,22248,TN,9,2012-06,False,2013-06,False,2013-06,False,2012-06,False,2013-06,False,2013-06,False
47113,98294,TN,9,2011-12,False,2011-12,False,2012-06,False,2011-12,False,2011-12,False,2012-06,False
47115,28237,TN,9,2012-12,False,2012-12,False,2012-12,False,2012-12,False,2012-12,False,2012-12,False
47117,30617,TN,9,2010-12,False,2010-12,False,2010-12,False,2011-06,False,2011-06,False,2011-06,False
47119,80956,TN,9,2010-12,False,2010-12,False,2010-12,False,2011-06,False,2011-06,False,2011-06,False
47121,11753,TN,9,2011-12,False,2012-12,False,2012-12,False,2011-12,False,2012-12,False,2012-12,False
47123,44519,TN,9,2011-12,False,2011-12,False,2011-12,False,2011-12,False,2011-12,False,2011-12,False
47125,172331,TN,9,2011-06,False,2011-06,False,2011-06,False,2011-06,False,2011-06,False,2011-06,False
47127,6362,TN,9,2010-12,False,2011-12,False,2012-06,False,2011-06,False,2011-12,False,2012-06,False
47129,21987,TN,9,2013-06,False,2013-06,False,2013-06,False,2013-06,False,2013-06,False,2013-06,False
47131,31807,TN,9,2012-12,False,2012-12,False,2012-12,False,2012-12,False,2012-12,False,2012-12,False
47133,22083,TN,9,2012-06,False,2012-06,False,2012-12,False,2012-06,False,2012-06,False,2012-12,False
47135,7915,TN,9,2013-06,False,2013-06,False,2013-06,False,2013-06,False,2013-06,False,2013-06,False
47137,5077,TN,9,2013-06,False,2013-06,False,2013-06,False,2013-06,False,2013-06,False,2013-06,False
47139,16825,TN,9,2011-12,False,2012-06,False,2013-06,False,2011-12,False,2012-06,False,2013-06,False
47141,72321,TN,9,2012-06,False,2012-06,False,2012-06,False,2012-06,False,2012-06,False,2012-06,False
47143,31809,TN,9,2011-12,False,2011-12,False,2012-12,False,2011-12,False,2011-12,False,2012-12,False
47145,54181,TN,9,2011-12,False,2012-12,False,2012-12,False,2011-12,False,2012-12,False,2012-12,False
47147,66283,TN,9,2010-12,False,2010-12,False,2012-06,False,2011-06,False,2011-06,False,2012-06,False
47149,262604,TN,9,2010-12,False,2010-12,False,2010-12,False,2011-06,False,2011-06,False,2011-06,False
47151,22228,TN,9,2013-06,False,2013-06,False,2013-06,False,2013-06,False,2013-06,False,2013-06,False
47153,14112,TN,9,2012-12,False,2012-12,False,2012-12,False,2012-12,False,2012-12,False,2012-12,False
47155,89889,TN,9,2011-12,False,2011-12,False,2011-12,False,2011-12,False,2011-12,False,2011-12,False
47157,927644,TN,9,2010-06,False,2010-06,False,2010-06,False,2011-06,False,2011-06,False,2011-12,False
47159,19166,TN,9,2012-06,False,2012-06,False,2012-06,False,2012-06,False,2012-06,False,2012-06,False
47161,13324,TN,9,2012-06,False,2012-06,False,2012-06,False,2012-06,False,2012-06,False,2012-06,False
47163,156823,TN,9,2011-12,False,2011-12,False,2011-12,False,2011-12,False,2011-12,False,2011-12,False
47165,160645,TN,9,2010-12,False,2010-12,False,2010-12,False,2011-06,False,2011-06,False,2011-06,False
47167,61081,TN,9,2012-12,False,2012-12,False,2012-12,False,2012-12,False,2012-12,False,2012-12,False
47169,7870,TN,9,2010-12,False,2010-12,False,2012-06,False,2011-06,False,2011-06,False,2012-06,False
47171,18313,TN,9,2011-12,False,2013-06,False,2013-06,False,2011-12,False,2013-06,False,2013-06,False
47173,19109,TN,9,2013-06,False,2013-06,False,2013-06,False,2013-06,False,2013-06,False,2013-06,False
47175,5548,TN,9,2012-06,False,2012-06,False,2012-12,False,2012-06,False,2012-06,False,2012-12,False
47177,39839,TN,9,2012-06,False,2012-06,False,2012-06,False,2012-06,False,2012-06,False,2012-06,False
47179,122979,TN,9,2011-12,False,2011-12,False,2011-12,False,2011-12,False,2011-12,False,2011-12,False
47181,17021,TN,9,2013-06,False,2013-06,False,2013-06,False,2013-06,False,2013-06,False,2013-06,False
47183,35021,TN,9,2011-12,False,2011-12,False,2012-12,False,2011-12,False,2011-12,False,2012-12,False
47185,25841,TN,9,2012-06,False,2012-06,False,2012-06,False,2012-06,False,2012-06,False,2012-06,False
47187,183182,TN,9,2010-12,False,2010-12,False,2010-12,False,2011-06,False,2011-06,False,2011-06,False
47189,113993,TN,9,2010-12,False,2010-12,False,2010-12,False,2011-06,False,2011-06,False,2011-06,False
48001,58458,TX,9,2012-06,False,2012-12,False,2012-12,False,2012-12,False,2012-12,False,2013-06,False
48003,14786,TX,9,2010-12,False,2010-12,False,2010-12,False,2010-12,False,2010-12,False,2010-12,False
48005,86771,TX,9,2012-06,False,2012-06,False,2012-06,False,2012-06,False,2012-06,False,2012-06,False
48007,23158,TX,9,2010-12,False,2010-12,False,2010-12,False,2010-12,False,2010-12,False,2010-12,False
48009,9054,TX,9,2011-06,False,2011-12,False,2012-06,False,2011-06,False,2011-12,False,2013-12,False
48011,1901,TX,9,2013-12,False,2013-12,False,2013-12,False,2013-12,False,2013-12,False,2013-12,False
48013,44911,TX,9,2012-12,False,2012-12,False,2012-12,False,2012-12,False,2012-12,False,2013-06,False
48015,28417,TX,9,2012-06,False,2012-06,False,2013-06,False,2012-06,False,2012-12,False,2013-06,False
48017,7165,TX,9,2013-12,False,2013-12,False,2013-12,False,2013-12,False,2013-12,False,2013-12,False
48019,20485,TX,9,2012-12,False,2012-12,False,2012-12,False,2012-12,False,2012-12,False,2012-12,False
48021,74171,TX,9,2011-12,False,2012-12,False,2013-06,False,2012-06,False,2012-12,False,2013-06,False
48023,3726,TX,9,2014-06,False,2014-06,False,2014-06,False,,True,,True,,True
48025,31861,TX,9,2010-12,False,2010-12,False,2010-12,False,2010-12,False,2010-12,False,2010-12,False
48027,310235,TX,9,2010-06,False,2010-06,False,2011-06,False,2011-06,False,2011-06,False,2011-06,False
48029,1714773,TX,9,2010-06,False,2010-06,False,2010-06,False,2011-06,False,2011-06,False,2011-06,False
48031,10497,TX,9,2012-06,False,2012-06,False,2013-12,False,2013-06,False,2013-12,False,2014-06,False
48033,641,TX,9,2013-06,False,2014-06,False,,True,2013-06,False,2014-06,False,,True
48035,18212,TX,9,2012-06,False,2012-06,False,2013-06,False,2013-06,False,2013-06,False,2013-12,False
48037,92565,TX,9,2012-12,False,2012-12,False,2012-12,False,2012-12,False,2012-12,False,2012-12,False
48039,313166,TX,9,2010-06,False,2011-06,False,2012-06,False,2011-06,False,2011-06,False,2012-06,False
48041,194851,TX,9,2011-12,False,2011-12,False,2011-12,False,2011-12,False,2011-12,False,2011-12,False
48043,9232,TX,9,2013-12,False,2013-12,False,2013-12,False,2013-12,False,2013-12,False,2013-12,False
48045,1637,TX,9,2013-12,False,2013-12,False,2014-06,False,2013-12,False,2014-06,False,2014-06,False
48047,7223,TX,9,2013-12,False,2013-12,False,2013-12,False,2014-06,False,2014-06,False,2014-06,False
48049,38106,TX,9,2014-06,False,2014-06,False,2014-06,False,2014-06,False,2014-06,False,2014-06,False
48051,17187,TX,9,2012-12,False,2012-12,False,2012-12,False,2012-12,False,2012-12,False,2012-12,False
48053,42750,TX,9,2012-06,False,2012-06,False,2012-12,False,2012-12,False,2013-06,False,2013-06,False
48055,38066,TX,9,2011-12,False,2012-12,False,2012-12,False,2012-12,False,2012-12,False,2012-12,False
48057,21381,TX,9,2010-12,False,2010-12,False,2010-12,False,2010-12,False,2010-12,False,2010-12,False
48059,13544,TX,9,2013-06,False,2013-06,False,2013-06,False,2013-06,False,2013-06,False,2013-06,False
48061,406220,TX,9,2010-12,False,2010-12,False,2010-12,False,2011-06,False,2011-06,False,2011-06,False
48063,12401,TX,9,2012-12,False,2012-12,False,2012-12,False,2012-12,False,2012-12,False,2012-12,False
48065,6182,TX,9,2013-12,False,2013-12,False,2013-12,False,2013-12,False,2013-12,False,2013-12,False
48067,30464,TX,9,2012-12,False,2012-12,False,2012-12,False,2012-12,False,2012-12,False,2012-12,False
48069,8062,TX,9,2014-06,False,2014-06,False,2014-06,False,2014-06,False,2014-06,False,2014-06,False
48071,35096,TX,9,2010-06,False,2011-12,False,2012-06,False,2011-12,False,2012-06,False,2012-12,False
48073,50845,TX,9,2012-12,False,2013-06,False,2013-06,False,2012-12,False,2013-06,False,2013-06,False
48075,7041,TX,9,2014-06,False,2014-06,False,2014-06,False,2014-06,False,2014-06,False,2014-06,False
48077,10752,TX,9,2011-06,False,2011-12,False,2012-12,False,2011-06,False,2012-12,False,2012-12,False
48079,3127,TX,9,2013-12,False,2013-12,False,2013-12,False,2013-12,False,2013-12,False,2013-12,False
48081,3320,TX,9,2012-06,False,2012-12,False,2013-06,False,2012-06,False,2012-12,False,2013-06,False
48083,8895,TX,9,,True,,True,,True,,True,,True,,True
48085,782341,TX,9,2010-06,False,2010-06,False,2010-06,False,2011-06,False,2011-06,False,2011-06,False
48087,3057,TX,9,2014-06,False,2014-06,False,2014-06,False,2014-06,False,2014-06,False,2014-06,False
48089,20874,TX,9,2012-12,False,2012-12,False,2012-12,False,2012-12,False,2012-12,False,2012-12,False
48091,108472,TX,9,2011-06,False,2011-06,False,2012-06,False,2011-06,False,2011-06,False,2012-06,False
48093,13974,TX,9,2013-12,False,2013-12,False,2014-06,False,2013-12,False,2013-12,False,2014-06,False
48095,4087,TX,9,2012-12,False,2012-12,False,2012-12,False,2012-12,False,2012-12,False,2012-12,False
48097,38437,TX,9,2012-06,False,2012-06,False,2012-12,False,2012-12,False,2012-12,False,2012-12,False
48099,75388,TX,9,2010-06,False,2010-06,False,2011-12,False,2011-06,False,2011-06,False,2011-12,False
48101,1505,TX,9,2014-06,False,2014-06,False,2014-06,False,2014-06,False,2014-06,False,2014-06,False
48103,4375,TX,9,2012-12,False,2012-12,False,2012-12,False,2012-12,False,2012-12,False,2012-12,False
48105,3719,TX,9,2013-06,False,2013-06,False,2013-06,False,2013-06,False,2013-06,False,2013-06,False
48107,6059,TX,9,2013-06,False,2013-06,False,2013-06,False,2013-06,False,2013-06,False,2013-06,False
48109,2398,TX,9,2013-12,False,2013-12,False,2013-12,False,2013-12,False,2013-12,False,2013-12,False
48111,6703,TX,9,2013-12,False,2013-12,False,2013-12,False,2013-12,False,2013-12,False,2013-12,False
48113,2368139,TX,9,2010-06,False,2010-06,False,2010-06,False,2011-06,False,2011-06,False,2011-06,False
48115,13833,TX,9,2010-12,False,2010-12,False,2010-12,False,2010-12,False,2010-12,False,2010-12,False
48117,19372,TX,9,2013-06,False,2013-06,False,2013-06,False,2013-12,False,2013-12,False,2013-12,False
48119,5231,TX,9,2012-12,False,2012-12,False,2012-12,False,2012-12,False,2012-12,False,2012-12,False
48121,662614,TX,9,2010-06,False,2010-06,False,2010-12,False,2011-06,False,2011-06,False,2011-06,False
48123,20097,TX,9,2012-12,False,2012-12,False,2013-12,False,2012-12,False,2012-12,False,2013-12,False
48125,2444,TX,9,2013-12,False,2013-12,False,2013-12,False,2013-12,False,2013-12,False,2013-12,False
48127,9996,TX,9,2013-12,False,2013-12,False,2013-12,False,2014-06,False,2014-06,False,2014-06,False
48129,3677,TX,9,2013-12,False,2013-12,False,2013-12,False,2013-12,False,2013-12,False,2013-12,False
48131,11782,TX,9,2013-06,False,2013-06,False,2013-06,False,2013-06,False,2013-06,False,2013-06,False
48133,18583,TX,9,2013-12,False,2013-12,False,2013-12,False,2013-12,False,2013-12,False,2013-12,False
48135,137130,TX,9,2011-12,False,2011-12,False,2011-12,False,2011-12,False,2011-12,False,2012-06,False
48137,2002,TX,9,,True,,True,,True,,True,,True,,True
48139,149610,TX,9,2011-06,False,2011-12,False,2011-12,False,2011-06,False,2011-12,False,2011-12,False
48141,800647,TX,9,2010-12,False,2010-12,False,2010-12,False,2011-06,False,2011-06,False,2011-06,False
48143,37890,TX,9,2013-12,False,2013-12,False,2013-12,False,2013-12,False,2013-12,False,2013-12,False
48145,17866,TX,9,2011-12,False,2012-12,False,2012-12,False,2012-06,False,2013-06,False,2013-06,False
48147,33915,TX,9,2012-06,False,2012-06,False,2012-12,False,2012-12,False,2012-12,False,2012-12,False
48149,24554,TX,9,2012-06,False,2013-12,False,2013-12,False,2012-12,False,2013-12,False,2013-12,False
48151,3974,TX,9,2013-12,False,2013-12,False,2013-12,False,2013-12,False,2013-12,False,2013-12,False
48153,6446,TX,9,2013-12,False,2013-12,False,2013-12,False,2013-12,False,2013-12,False,2013-12,False
48155,1336,TX,9,,True,,True,,True,,True,,True,,True
48157,585375,TX,9,2010-06,False,2010-06,False,2010-06,False,2011-06,False,2011-06,False,2011-06,False
48159,10605,TX,9,2012-12,False,2012-12,False,2012-12,False,2012-12,False,2012-12,False,2012-12,False
48161,19816,TX,9,2013-12,False,2013-12,False,2013-12,False,2013-12,False,2013-12,False,2013-12,False
48163,17217,TX,9,2012-12,False,2012-12,False,2012-12,False,2012-12,False,2012-12,False,2012-12,False
48165,17526,TX,9,2010-12,False,2010-12,False,2013-06,False,2010-12,False,2010-12,False,2013-06,False
48167,291309,TX,9,2010-06,False,2010-12,False,2010-12,False,2011-06,False,2011-06,False,2011-06,False
48169,6461,TX,9,2014-06,False,2014-06,False,2014-06,False,2014-06,False,2014-06,False,2014-06,False
48171,24837,TX,9,2013-06,False,2013-06,False,2013-06,False,2014-06,False,2014-06,False,2014-06,False
48173,1226,TX,9,2013-06,False,2013-06,False,2013-06,False,2013-06,False,2013-06,False,2013-06,False
48175,7210,TX,9,2012-12,False,2012-12,False,2012-12,False,2012-12,False,2012-12,False,2012-12,False
48177,19807,TX,9,2012-06,False,2013-12,False,2013-12,False,2012-12,False,2013-12,False,2013-12,False
48179,22535,TX,9,2013-12,False,2013-12,False,2013-12,False,2013-12,False,2013-12,False,2013-12,False
48181,120877,TX,9,2011-12,False,2012-12,False,2012-12,False,2012-12,False,2012-12,False,2012-12,False
48183,121730,TX,9,2011-12,False,2011-12,False,2011-12,False,2011-12,False,2011-12,False,2012-06,False
48185,26604,TX,9,2012-12,False,2012-12,False,2013-06,False,2012-12,False,2013-06,False,2013-06,False
48187,131533,TX,9,2010-12,False,2011-06,False,2011-12,False,2011-06,False,2011-06,False,2012-06,False
48189,36273,TX,9,2012-12,False,2012-12,False,2012-12,False,2012-12,False,2012-12,False,2012-12,False
48191,3353,TX,9,2014-06,False,2014-06,False,,True,2014-06,False,,True,,True
48193,8517,TX,9,2012-06,False,2012-06,False,2012-06,False,2013-06,False,2013-12,False,2013-12,False
48195,5613,TX,9,2013-12,False,2013-12,False,2013-12,False,2013-12,False,2013-12,False,2013-12,False
48197,4139,TX,9,2014-06,False,2014-06,False,2014-06,False,2014-06,False,2014-06,False,2014-06,False
48199,54635,TX,9,2011-12,False,2011-12,False,2012-06,False,2011-12,False,2011-12,False,2012-12,False
48201,4092459,TX,9,2010-06,False,2010-06,False,2010-06,False,2011-06,False,2011-06,False,2011-06,False
48203,65631,TX,9,2011-12,False,2011-12,False,2012-06,False,2011-12,False,2011-12,False,2012-06,False
48205,6062,TX,9,2013-12,False,2013-12,False,2013-12,False,2013-12,False,2013-12,False,2013-12,False
48207,5899,TX,9,2014-06,False,2014-06,False,,True,2014-06,False,2014-06,False,,True
48209,157107,TX,9,2010-12,False,2010-12,False,2011-12,False,2011-06,False,2011-06,False,2012-06,False
48211,3807,TX,9,2013-12,False,2013-12,False,2013-12,False,2013-12,False,2013-12,False,2013-12,False
48213,78532,TX,9,2012-06,False,2012-06,False,2012-12,False,2012-12,False,2012-12,False,2012-12,False
48215,774769,TX,9,2010-12,False,2010-12,False,2010-12,False,2011-06,False,2011-06,False,2011-06,False
48217,35089,TX,9,2012-06,False,2012-06,False,2013-06,False,2012-12,False,2013-06,False,2013-06,False
48219,22935,TX,9,2013-06,False,2013-06,False,2013-06,False,2013-06,False,2013-06,False,2013-06,False
48221,51182,TX,9,2011-12,False,2011-12,False,2012-12,False,2011-12,False,2011-12,False,2012-12,False
48223,35161,TX,9,2012-12,False,2012-12,False,2012-12,False,2012-12,False,2013-06,False,2013-06,False
48225,23732,TX,9,2013-12,False,2013-12,False,2013-12,False,2013-12,False,2013-12,False,2013-12,False
48227,35012,TX,9,2011-12,False,2011-12,False,2011-12,False,2011-12,False,2011-12,False,2011-12,False
48229,3476,TX,9,2013-12,False,2013-12,False,2014-06,False,2013-12,False,2013-12,False,2014-06,False
48231,86129,TX,9,2012-06,False,2012-12,False,2012-12,False,2012-12,False,2012-12,False,2012-12,False
48233,22150,TX,9,2012-12,False,2013-12,False,2013-12,False,2013-12,False,2013-12,False,2013-12,False
48235,1599,TX,9,2013-12,False,2013-12,False,2013-12,False,2013-12,False,2013-12,False,2013-12,False
48237,9044,TX,9,2012-06,False,2012-06,False,2012-12,False,2012-12,False,2012-12,False,2013-06,False
48239,14075,TX,9,2013-06,False,2013-06,False,2013-06,False,2013-06,False,2013-06,False,2013-06,False
48241,35710,TX,9,2013-12,False,2013-12,False,2013-12,False,2013-12,False,2013-12,False,2013-12,False
48243,2342,TX,9,2013-12,False,2013-12,False,,True,2013-12,False,2013-12,False,,True
48245,252273,TX,9,2011-12,False,2011-12,False,2011-12,False,2011-12,False,2011-12,False,2011-12,False
48247,5300,TX,9,2014-06,False,2014-06,False,2014-06,False,2014-06,False,2014-06,False,2014-06,False
48249,40838,TX,9,2012-12,False,2012-12,False,2013-06,False,2013-06,False,2013-12,False,2013-12,False
48251,150934,TX,9,2010-12,False,2011-12,False,2011-12,False,2011-06,False,2011-12,False,2011-12,False
48253,20202,TX,9,2011-12,False,2013-06,False,2014-06,False,2013-06,False,2013-06,False,2014-06,False
48255,14824,TX,9,2012-12,False,2012-12,False,2012-12,False,2013-06,False,2013-06,False,2013-06,False
48257,103350,TX,9,2011-12,False,2011-12,False,2012-12,False,2011-12,False,2011-12,False,2012-12,False
48259,33410,TX,9,2012-06,False,2012-06,False,2012-12,False,2012-06,False,2012-06,False,2012-12,False
48261,416,TX,9,2013-06,False,2013-12,False,2013-12,False,2013-06,False,2013-12,False,2013-12,False
48263,808,TX,9,2013-12,False,2013-12,False,2013-12,False,2013-12,False,2013-12,False,2013-12,False
48265,49625,TX,9,2013-06,False,2013-06,False,2013-06,False,2013-12,False,2013-12,False,2013-12,False
48267,4607,TX,9,,True,,True,,True,,True,,True,,True
48269,286,TX,9,2014-06,False,2014-06,False,2014-06,False,2014-06,False,2014-06,False,2014-06,False
48271,3598,TX,9,2013-12,False,2013-12,False,2013-12,False,2014-06,False,2014-06,False,2014-06,False
48273,32061,TX,9,2012-06,False,2012-06,False,2012-06,False,2012-12,False,2012-12,False,2012-12,False
48275,3719,TX,9,,True,,True,,True,,True,,True,,True
48277,49793,TX,9,2012-06,False,2012-06,False,2012-06,False,2012-06,False,2012-06,False,2012-06,False
48279,13977,TX,9,2013-06,False,2013-06,False,2013-06,False,2013-06,False,2013-06,False,2013-06,False
48281,19677,TX,9,2010-06,False,2010-06,False,2011-12,False,2011-06,False,2012-12,False,2012-12,False
48283,6886,TX,9,2014-06,False,2014-06,False,2014-06,False,2014-06,False,2014-06,False,2014-06,False
48285,19263,TX,9,2013-12,False,2013-12,False,2013-12,False,2013-12,False,2013-12,False,2014-06,False
48287,16612,TX,9,2013-12,False,2013-12,False,2013-12,False,2013-12,False,2013-12,False,2014-06,False
48289,16801,TX,9,2013-12,False,2013-12,False,2013-12,False,2013-12,False,2013-12,False,2013-12,False
48291,75643,TX,9,2012-06,False,2012-12,False,2012-12,False,2012-12,False,2012-12,False,2012-12,False
48293,23384,TX,9,2013-06,False,2013-06,False,2013-06,False,2013-06,False,2013-06,False,2013-06,False
48295,3302,TX,9,2014-06,False,2014-06,False,2014-06,False,2014-06,False,2014-06,False,2014-06,False
48297,11531,TX,9,2012-12,False,2012-12,False,2013-06,False,2012-12,False,2012-12,False,2013-06,False
48299,19301,TX,9,2012-06,False,2012-12,False,2013-06,False,2013-12,False,2013-12,False,2013-12,False
48301,82,TX,9,2014-06,False,2014-06,False,,True,2014-06,False,2014-06,False,,True
48303,278831,TX,9,2010-12,False,2010-12,False,2011-12,False,2011-06,False,2011-06,False,2011-12,False
48305,5915,TX,9,2011-12,False,2013-12,False,2013-12,False,2013-06,False,2013-12,False,2013-12,False
48307,8283,TX,9,,True,,True,,True,,True,,True,,True
48309,234906,TX,9,2010-06,False,2010-06,False,2010-12,False,2011-06,False,2011-06,False,2011-06,False
48311,707,TX,9,2013-12,False,2013-12,False,2013-12,False,2013-12,False,2013-12,False,2013-12,False
48313,13664,TX,9,2012-12,False,2013-06,False,2013-06,False,2013-06,False,2013-06,False,2013-06,False
48315,10546,TX,9,2012-12,False,2012-12,False,2012-12,False,2012-12,False,2012-12,False,2012-12,False
48317,4799,TX,9,2010-12,False,2010-12,False,2011-12,False,2010-12,False,2010-12,False,2012-12,False
48319,4012,TX,9,,True,,True,,True,,True,,True,,True
48321,36702,TX,9,2012-06,False,2012-06,False,2012-12,False,2012-12,False,2012-12,False,2012-12,False
48323,54258,TX,9,2011-06,False,2011-06,False,2011-06,False,2011-06,False,2011-06,False,2011-06,False
48325,46006,TX,9,2012-12,False,2012-12,False,2012-12,False,2012-12,False,2012-12,False,2013-06,False
48327,2242,TX,9,,True,,True,,True,,True,,True,,True
48329,136872,TX,9,2010-12,False,2010-12,False,2010-12,False,2011-06,False,2011-06,False,2011-06,False
48331,24757,TX,9,2013-06,False,2013-06,False,2013-06,False,2013-06,False,2013-06,False,2013-12,False
48333,4936,TX,9,,True,,True,,True,,True,,True,,True
48335,9403,TX,9,2010-12,False,2010-12,False,2010-12,False,2010-12,False,2010-12,False,2010-12,False
48337,19719,TX,9,2012-06,False,2012-06,False,2013-06,False,2012-06,False,2012-06,False,2013-06,False
48339,455746,TX,9,2010-06,False,2010-12,False,2011-12,False,2011-06,False,2011-06,False,2011-12,False
48341,21904,TX,9,2010-12,False,2010-12,False,2010-12,False,2010-12,False,2010-12,False,2010-12,False
48343,12934,TX,9,2012-12,False,2012-12,False,2012-12,False,2012-12,False,2012-12,False,2012-12,False
48345,1210,TX,9,2013-12,False,2013-12,False,2013-12,False,2013-12,False,2013-12,False,2013-12,False
48347,64524,TX,9,2012-06,False,2012-06,False,2012-06,False,2012-06,False,2012-06,False,2012-06,False
48349,47735,TX,9,2011-12,False,2011-12,False,2012-12,False,2011-12,False,2011-12,False,2012-12,False
48351,14445,TX,9,2013-06,False,2013-12,False,2013-12,False,2013-06,False,2013-12,False,2013-12,False
48353,15216,TX,9,2010-12,False,2010-12,False,2010-12,False,2010-12,False,2010-12,False,2010-12,False
48355,340223,TX,9,2010-12,False,2010-12,False,2010-12,False,2011-06,False,2011-06,False,2011-06,False
48357,10223,TX,9,2013-12,False,2013-12,False,2013-12,False,2013-12,False,2013-12,False,2013-12,False
48359,2052,TX,9,2013-12,False,2013-12,False,2013-12,False,2013-12,False,2013-12,False,2013-12,False
48361,81837,TX,9,2011-12,False,2011-12,False,2011-12,False,2011-12,False,2011-12,False,2011-12,False
48363,28111,TX,9,2012-06,False,2012-06,False,2012-06,False,2012-12,False,2012-12,False,2012-12,False
48365,23796,TX,9,2012-12,False,2012-12,False,2013-06,False,2012-12,False,2012-12,False,2013-06,False
48367,116927,TX,9,2011-12,False,2011-12,False,2012-06,False,2011-12,False,2012-06,False,2012-06,False
48369,10269,TX,9,2013-12,False,2013-12,False,2014-06,False,2013-12,False,2013-12,False,2014-06,False
48371,15507,TX,9,2012-12,False,2013-06,False,2013-06,False,2012-12,False,2013-06,False,2013-06,False
48373,45413,TX,9,2012-06,False,2013-06,False,2013-06,False,2013-06,False,2013-06,False,2013-06,False
48375,121073,TX,9,2010-12,False,2010-12,False,2011-06,False,2011-06,False,2011-06,False,2011-06,False
48377,7818,TX,9,2013-12,False,2014-06,False,2014-06,False,2013-12,False,2014-06,False,2014-06,False
48379,10914,TX,9,2012-12,False,2012-12,False,2012-12,False,2012-12,False,2012-12,False,2012-12,False
48381,120725,TX,9,2010-12,False,2010-12,False,2010-12,False,2011-06,False,2011-06,False,2012-06,False
48383,3367,TX,9,2013-06,False,2013-06,False,2013-06,False,2013-06,False,2013-06,False,2013-06,False
48385,3309,TX,9,,True,,True,,True,,True,,True,,True
48387,12860,TX,9,2012-06,False,2012-12,False,2012-12,False,2012-06,False,2012-12,False,2012-12,False
48389,13783,TX,9,2013-12,False,2013-12,False,2013-12,False,2013-12,False,2013-12,False,2013-12,False
48391,7383,TX,9,2010-12,False,2010-12,False,2013-12,False,2010-12,False,2010-12,False,2013-12,False
48393,929,TX,9,2013-12,False,2013-12,False,2013-12,False,2013-12,False,2013-12,False,2013-12,False
48395,16622,TX,9,2012-12,False,2013-12,False,2014-06,False,2013-12,False,2014-06,False,2014-06,False
48397,78337,TX,9,2010-12,False,2010-12,False,2010-12,False,2011-06,False,2011-06,False,2011-06,False
48399,10501,TX,9,2012-06,False,2012-06,False,2012-06,False,2012-06,False,2012-06,False,2012-06,False
48401,53330,TX,9,2012-06,False,2012-12,False,2012-12,False,2012-06,False,2012-12,False,2012-12,False
48403,10834,TX,9,2014-06,False,2014-06,False,,True,2014-06,False,2014-06,False,,True
48405,8865,TX,9,2014-06,False,,True,,True,2014-06,False,,True,,True
48407,26384,TX,9,2012-06,False,2012-06,False,2012-12,False,2013-06,False,2013-06,False,2013-06,False
48409,64804,TX,9,2011-06,False,2011-12,False,2012-12,False,2011-06,False,2012-12,False,2013-06,False
48411,6131,TX,9,2012-06,False,,True,,True,,True,,True,,True
48413,3461,TX,9,2012-12,False,2012-12,False,2012-12,False,2012-12,False,2012-12,False,2012-12,False
48415,16921,TX,9,2010-12,False,2010-12,False,2012-12,False,2010-12,False,2010-12,False,2012-12,False
48417,3378,TX,9,2013-06,False,2013-06,False,2013-06,False,2013-06,False,2013-06,False,2013-06,False
48419,25448,TX,9,2014-06,False,2014-06,False,,True,2014-06,False,2014-06,False,,True
48421,3034,TX,9,2014-06,False,,True,,True,2014-06,False,,True,,True
48423,209714,TX,9,2011-12,False,2011-12,False,2011-12,False,2011-12,False,2011-12,False,2012-06,False
48425,8490,TX,9,2012-06,False,2012-06,False,2012-06,False,2012-12,False,2012-12,False,2013-06,False
48427,60968,TX,9,2012-12,False,2013-12,False,2014-06,False,2014-06,False,2014-06,False,,True
48429,9630,TX,9,2014-06,False,2014-06,False,2014-06,False,2014-06,False,2014-06,False,2014-06,False
48431,1143,TX,9,2013-06,False,2013-06,False,2013-06,False,2013-06,False,2013-06,False,2013-06,False
48433,1490,TX,9,2014-06,False,,True,,True,2014-06,False,,True,,True
48435,4128,TX,9,2013-06,False,2013-06,False,2013-06,False,2013-06,False,2013-06,False,2013-06,False
48437,7854,TX,9,2012-12,False,2013-12,False,2014-06,False,2013-12,False,2013-12,False,2014-06,False
48439,1809034,TX,9,2010-06,False,2010-06,False,2010-06,False,2011-06,False,2011-06,False,2011-06,False
48441,131506,TX,9,2011-12,False,2011-12,False,2011-12,False,2011-12,False,2011-12,False,2011-12,False
48443,984,TX,9,,True,,True,,True,,True,,True,,True
48445,12651,TX,9,2010-12,False,2010-12,False,2010-12,False,2010-12,False,2010-12,False,2010-12,False
48447,1641,TX,9,2014-06,False,,True,,True,,True,,True,,True
48449,32334,TX,9,2011-12,False,2012-06,False,2012-12,False,2011-12,False,2012-12,False,2012-12,False
48451,110224,TX,9,2012-06,False,2012-06,False,2012-06,False,2012-06,False,2012-06,False,2012-06,False
48453,1024266,TX,9,2010-06,False,2010-06,False,2010-06,False,2011-06,False,2011-06,False,2011-06,False
48455,14585,TX,9,2013-06,False,2013-12,False,2013-12,False,2013-12,False,2013-12,False,2013-12,False
48457,21766,TX,9,2013-12,False,2013-12,False,2013-12,False,2013-12,False,2013-12,False,2013-12,False
48459,39309,TX,9,2012-06,False,2012-12,False,2012-12,False,2012-06,False,2012-12,False,2012-12,False
48461,3355,TX,9,2013-06,False,2013-06,False,2013-12,False,2013-06,False,2013-06,False,2013-12,False
48463,26405,TX,9,2013-12,False,2013-12,False,2013-12,False,2013-12,False,2013-12,False,2013-12,False
48465,48879,TX,9,2011-06,False,2011-06,False,2011-06,False,2011-06,False,2011-06,False,2011-06,False
48467,52579,TX,9,2012-06,False,2012-12,False,2012-12,False,2012-12,False,2012-12,False,2012-12,False
48469,86793,TX,9,2011-12,False,2011-12,False,2011-12,False,2011-12,False,2011-12,False,2011-12,False
48471,67861,TX,9,2011-12,False,2012-06,False,2012-12,False,2011-12,False,2013-06,False,2013-06,False
48473,43205,TX,9,2011-12,False,2012-06,False,2012-06,False,2011-12,False,2012-06,False,2012-12,False
48475,10658,TX,9,2012-12,False,2012-12,False,2012-12,False,2012-12,False,2012-12,False,2012-12,False
48477,33718,TX,9,2012-12,False,2012-12,False,2012-12,False,2012-12,False,2012-12,False,2012-12,False
48479,250304,TX,9,2010-12,False,2010-12,False,2010-12,False,2011-06,False,2011-06,False,2011-06,False
48481,41280,TX,9,2012-12,False,2012-12,False,2012-12,False,2012-12,False,2012-12,False,2012-12,False
48483,5410,TX,9,2013-12,False,2014-06,False,,True,2013-12,False,2014-06,False,,True
48485,131500,TX,9,2011-06,False,2011-06,False,2011-06,False,2011-06,False,2011-06,False,2011-06,False
48487,13535,TX,9,2012-06,False,2012-06,False,2012-06,False,,True,,True,,True
48489,22134,TX,9,2011-12,False,2013-06,False,2013-06,False,2013-06,False,2013-06,False,2013-06,False
48491,422679,TX,9,2010-06,False,2010-06,False,2010-06,False,2011-06,False,2011-06,False,2011-06,False
48493,42918,TX,9,2010-12,False,2010-12,False,2010-12,False,2010-12,False,2010-12,False,2010-12,False
48495,7110,TX,9,2013-06,False,2013-06,False,2013-06,False,2013-06,False,2013-06,False,2013-06,False
48497,59127,TX,9,2011-12,False,2012-06,False,2012-06,False,2012-06,False,2012-06,False,2012-12,False
48499,41964,TX,9,2012-06,False,2013-06,False,2013-06,False,2012-06,False,2013-06,False,2013-06,False
48501,7879,TX,9,2013-06,False,2013-12,False,2013-12,False,2013-06,False,2013-12,False,2013-12,False
48503,18550,TX,9,,True,,True,,True,,True,,True,,True
48505,14018,TX,9,2014-06,False,2014-06,False,2014-06,False,2014-06,False,2014-06,False,2014-06,False
48507,11677,TX,9,2013-12,False,2013-12,False,2013-12,False,2014-06,False,2014-06,False,2014-06,False
49001,6629,UT,9,2013-06,False,2013-06,False,2013-06,False,2013-06,False,2013-06,False,2013-06,False
49003,49975,UT,9,2012-06,False,2012-06,False,2013-06,False,2012-12,False,2012-12,False,2013-06,False
49005,112656,UT,9,2012-06,False,2012-06,False,2012-06,False,2012-06,False,2012-06,False,2012-06,False
49007,21403,UT,9,2012-12,False,2012-12,False,2012-12,False,2012-12,False,2012-12,False,2012-12,False
49009,1059,UT,9,,True,,True,,True,,True,,True,,True
49011,306479,UT,9,2010-12,False,2010-12,False,2010-12,False,2011-12,False,2011-12,False,2011-12,False
49013,18607,UT,9,2012-06,False,2012-06,False,2012-06,False,2012-06,False,2012-06,False,2012-06,False
49015,10976,UT,9,2013-06,False,2013-06,False,2013-12,False,2013-06,False,2013-06,False,2013-12,False
49017,5172,UT,9,2013-12,False,2014-06,False,,True,2013-12,False,2014-06,False,,True
49019,9225,UT,9,2013-06,False,2013-06,False,2013-06,False,2013-06,False,2013-06,False,2013-06,False
49021,46163,UT,9,2012-12,False,2012-12,False,2012-12,False,2012-12,False,2012-12,False,2012-12,False
49023,10246,UT,9,2012-12,False,2012-12,False,2012-12,False,2012-12,False,2012-12,False,2012-12,False
49025,7125,UT,9,2013-06,False,2013-06,False,2014-06,False,2013-06,False,2013-06,False,2014-06,False
49027,12503,UT,9,2013-12,False,2013-12,False,2013-12,False,2013-12,False,2013-12,False,2013-12,False
49029,9469,UT,9,2012-12,False,2012-12,False,2012-12,False,2012-12,False,2012-12,False,2012-12,False
49031,1556,UT,9,2013-12,False,,True,,True,2013-12,False,,True,,True
49033,2264,UT,9,2013-06,False,2013-06,False,2014-06,False,2013-06,False,2013-06,False,2014-06,False
49035,1029655,UT,9,2010-12,False,2010-12,False,2010-12,False,2011-12,False,2011-12,False,2011-12,False
49037,14746,UT,9,2013-12,False,,True,,True,2013-12,False,,True,,True
49039,27822,UT,9,2013-06,False,2013-06,False,2013-06,False,2013-06,False,2013-06,False,2013-06,False
49041,20802,UT,9,2012-12,False,2012-12,False,2012-12,False,2012-12,False,2012-12,False,2012-12,False
49043,36324,UT,9,2011-12,False,2011-12,False,2012-12,False,2011-12,False,2011-12,False,2012-12,False
49045,58218,UT,9,2011-12,False,2011-12,False,2011-12,False,2011-12,False,2011-12,False,2011-12,False
49047,32588,UT,9,2012-06,False,2012-06,False,2012-06,False,2012-06,False,2012-06,False,2012-06,False
49049,516564,UT,9,2010-12,False,2010-12,False,2010-12,False,2011-12,False,2011-12,False,2011-12,False
49051,23530,UT,9,2012-12,False,2012-12,False,2012-12,False,2012-12,False,2012-12,False,2012-12,False
49053,138115,UT,9,2012-12,False,2012-12,False,2012-12,False,2012-12,False,2012-12,False,2012-12,False
49055,2778,UT,9,,True,,True,,True,,True,,True,,True
49057,231236,UT,9,2010-12,False,2010-12,False,2010-12,False,2011-12,False,2011-12,False,2011-12,False
50001,36821,VT,9,2012-06,False,2012-06,False,2013-06,False,2012-06,False,2012-06,False,2013-06,False
50003,37125,VT,9,2012-12,False,2012-12,False,2012-12,False,2012-12,False,2012-12,False,2012-12,False
50005,31227,VT,9,2012-06,False,2012-06,False,2013-06,False,2012-06,False,2012-06,False,2013-06,False
50007,156545,VT,9,2012-06,False,2012-06,False,2012-06,False,2012-06,False,2012-06,False,2012-06,False
50009,6306,VT,9,2012-12,False,2014-06,False,,True,2012-12,False,2014-06,False,,True
50011,47746,VT,9,2012-06,False,2012-06,False,2012-12,False,2012-06,False,2012-06,False,2012-12,False
50013,6970,VT,9,2012-12,False,2012-12,False,2013-06,False,2012-12,False,2012-12,False,2013-06,False
50015,24475,VT,9,2012-06,False,2012-06,False,2012-06,False,2012-06,False,2012-06,False,2012-06,False
50017,28936,VT,9,2012-06,False,2013-06,False,,True,2012-06,False,2013-06,False,,True
50019,27231,VT,9,2012-06,False,2012-06,False,2013-06,False,2012-06,False,2012-06,False,2013-06,False
50021,61642,VT,9,2012-12,False,2012-12,False,2012-12,False,2012-12,False,2012-12,False,2012-12,False
50023,59534,VT,9,2012-06,False,2012-06,False,2012-12,False,2012-06,False,2012-06,False,2012-12,False
50025,44513,VT,9,2012-12,False,2012-12,False,2013-06,False,2012-12,False,2012-12,False,2013-06,False
50027,56670,VT,9,2012-12,False,2012-12,False,2012-12,False,2012-12,False,2012-12,False,2012-12,False
51001,33164,VA,9,2012-12,False,2012-12,False,2012-12,False,2012-12,False,2012-12,False,2012-12,False
51003,98970,VA,9,2012-12,False,2012-12,False,2012-12,False,2012-12,False,2012-12,False,2012-12,False
51005,16250,VA,9,2011-12,False,2011-12,False,2013-06,False,2011-12,False,2011-12,False,2013-06,False
51007,12690,VA,9,2013-06,False,2013-06,False,2013-06,False,2013-06,False,2013-06,False,2013-06,False
51009,32353,VA,9,2011-12,False,2012-12,False,2012-12,False,2011-12,False,2012-12,False,2012-12,False
51011,14973,VA,9,2013-06,False,2013-06,False,2013-12,False,2013-06,False,2013-06,False,2013-12,False
51013,207627,VA,9,2010-06,False,2010-06,False,2010-06,False,2011-06,False,2011-06,False,2011-06,False
51015,73750,VA,9,2011-12,False,2011-12,False,2012-06,False,2011-12,False,2011-12,False,2012-06,False
51017,4731,VA,9,2013-12,False,,True,,True,2013-12,False,,True,,True
51019,68676,VA,9,2011-12,False,2011-12,False,2011-12,False,2011-12,False,2011-12,False,2011-12,False
51021,6824,VA,9,2012-12,False,2012-12,False,2013-06,False,2012-12,False,2012-12,False,2013-06,False
51023,33148,VA,9,2011-12,False,2011-12,False,2011-12,False,2011-12,False,2011-12,False,2011-12,False
51025,17434,VA,9,2013-06,False,2013-06,False,2013-06,False,2013-06,False,2013-06,False,2013-06,False
51027,24098,VA,9,2013-06,False,2013-06,False,,True,2013-06,False,2013-06,False,,True
51029,17146,VA,9,2012-12,False,2013-06,False,2013-06,False,2012-12,False,2013-06,False,2013-06,False
51031,54842,VA,9,2011-06,False,2012-12,False,2013-06,False,2011-12,False,2012-12,False,2013-06,False
51033,28545,VA,9,2012-12,False,2012-12,False,2012-12,False,2012-12,False,2012-12,False,2012-12,False
51035,30042,VA,9,2011-12,False,2011-12,False,,True,2011-12,False,2011-12,False,,True
51036,7256,VA,9,2011-12,False,2011-12,False,2011-12,False,2011-12,False,2011-12,False,2011-12,False
51037,12586,VA,9,2013-06,False,,True,,True,2013-06,False,,True,,True
51041,316236,VA,9,2011-06,False,2011-06,False,2011-06,False,2011-06,False,2011-06,False,2011-06,False
51043,14034,VA,9,2011-12,False,2012-06,False,2012-06,False,2011-12,False,2012-06,False,2012-06,False
51045,5190,VA,9,2012-12,False,,True,,True,2012-12,False,,True,,True
51047,46689,VA,9,2013-06,False,2013-06,False,2013-06,False,2013-06,False,2013-06,False,2013-06,False
51049,10052,VA,9,2013-06,False,2013-06,False,2013-06,False,2013-06,False,2013-06,False,2013-06,False
51051,15903,VA,9,2013-06,False,2013-12,False,2013-12,False,2013-06,False,2013-12,False,2013-12,False
51053,28001,VA,9,2011-06,False,2011-12,False,2013-06,False,2011-06,False,2011-12,False,2013-06,False
51057,11151,VA,9,2013-06,False,2013-06,False,2013-06,False,2013-06,False,2013-06,False,2013-06,False
51059,1081726,VA,9,2010-06,False,2010-06,False,2010-06,False,2011-06,False,2011-06,False,2011-06,False
51061,65203,VA,9,2012-06,False,2012-06,False,2012-06,False,2012-06,False,2012-06,False,2012-06,False
51063,15279,VA,9,2011-12,False,2011-12,False,2011-12,False,2011-12,False,2011-12,False,2011-12,False
51065,25691,VA,9,2012-12,False,2012-12,False,2013-06,False,2012-12,False,2012-12,False,2013-06,False
51067,56159,VA,9,2011-12,False,2011-12,False,2011-12,False,2011-12,False,2011-12,False,2011-12,False
51069,78305,VA,9,2011-06,False,2011-06,False,2012-12,False,2011-06,False,2011-06,False,2012-12,False
51071,17286,VA,9,2013-06,False,2013-12,False,,True,2013-06,False,2013-12,False,,True
51073,36858,VA,9,2011-12,False,2013-06,False,2013-06,False,2011-12,False,2013-06,False,2013-06,False
51075,21717,VA,9,2011-06,False,2011-12,False,2011-12,False,2011-06,False,2011-12,False,2011-12,False
51077,15533,VA,9,2013-06,False,,True,,True,2013-06,False,,True,,True
51079,18403,VA,9,2012-12,False,2012-12,False,2012-12,False,2012-12,False,2012-12,False,2012-12,False
51081,12243,VA,9,2013-06,False,2013-06,False,2013-06,False,2013-06,False,2013-06,False,2013-06,False
51083,36241,VA,9,2012-06,False,2012-06,False,2013-06,False,2012-06,False,2012-06,False,2013-06,False
51085,99863,VA,9,2011-06,False,2011-06,False,2011-06,False,2011-06,False,2011-06,False,2011-06,False
51087,306935,VA,9,2011-06,False,2011-06,False,2011-06,False,2011-06,False,2011-06,False,2011-06,False
51089,54151,VA,9,2012-06,False,2012-06,False,2012-06,False,2012-06,False,2012-06,False,2012-06,False
51091,2321,VA,9,2014-06,False,,True,,True,2014-06,False,,True,,True
51093,35270,VA,9,2011-06,False,2011-12,False,2013-06,False,2011-06,False,2011-12,False,2013-06,False
51095,67009,VA,9,2011-06,False,2011-06,False,2011-12,False,2011-06,False,2011-06,False,2011-12,False
51097,6945,VA,9,2013-06,False,2013-06,False,2013-06,False,2013-06,False,2013-06,False,2013-06,False
51099,23584,VA,9,2012-06,False,2012-06,False,2012-06,False,2012-06,False,2012-06,False,2012-06,False
51101,15935,VA,9,2011-12,False,2013-06,False,2013-06,False,2011-12,False,2013-06,False,2013-06,False
51103,11391,VA,9,2013-06,False,2013-06,False,2013-06,False,2013-06,False,2013-06,False,2013-06,False
51105,25587,VA,9,2013-06,False,2013-06,False,2013-06,False,2013-06,False,2013-06,False,2013-06,False
51107,312311,VA,9,2010-06,False,2010-06,False,2011-06,False,2011-06,False,2011-06,False,2011-12,False
51109,33153,VA,9,2012-06,False,2012-12,False,2013-06,False,2012-06,False,2012-12,False,2013-06,False
51111,12914,VA,9,2013-06,False,2013-06,False,2013-12,False,2013-06,False,2013-06,False,2013-12,False
51113,13308,VA,9,2012-12,False,2012-12,False,2013-06,False,2012-12,False,2012-12,False,2013-06,False
51115,8978,VA,9,2011-12,False,2013-06,False,2013-06,False,2011-12,False,2013-06,False,2013-06,False
51117,32727,VA,9,2013-06,False,2013-06,False,2013-06,False,2013-06,False,2013-06,False,2013-06,False
51119,10959,VA,9,2013-06,False,2013-06,False,2013-06,False,2013-06,False,2013-06,False,2013-06,False
51121,94392,VA,9,2011-12,False,2011-12,False,2011-12,False,2011-12,False,2011-12,False,2011-12,False
51125,15020,VA,9,2013-06,False,2013-06,False,2013-06,False,2013-06,False,2013-06,False,2013-06,False
51127,18429,VA,9,2011-12,False,2011-12,False,2011-12,False,2011-12,False,2011-12,False,2011-12,False
51131,12389,VA,9,2011-12,False,2013-06,False,2013-06,False,2011-12,False,2013-06,False,2013-06,False
51133,12330,VA,9,2013-06,False,2013-06,False,2013-06,False,2013-06,False,2013-06,False,2013-06,False
51135,15853,VA,9,2013-06,False,2013-06,False,2013-06,False,2013-06,False,2013-06,False,2013-06,False
51137,33481,VA,9,2013-06,False,2013-06,False,2013-06,False,2013-06,False,2013-06,False,2013-06,False
51139,24042,VA,9,2012-12,False,2012-12,False,2012-12,False,2012-12,False,2012-12,False,2012-12,False
51141,18490,VA,9,2012-12,False,2013-06,False,,True,2012-12,False,2013-06,False,,True
51143,63506,VA,9,2012-06,False,2013-06,False,2013-06,False,2012-06,False,2013-06,False,2013-06,False
51145,28046,VA,9,2011-12,False,2012-06,False,2013-06,False,2011-12,False,2012-06,False,2013-06,False
51147,23368,VA,9,2013-06,False,2013-06,False,2013-06,False,2013-06,False,2013-06,False,2013-06,False
51149,35725,VA,9,2011-06,False,2011-06,False,2011-12,False,2011-06,False,2011-06,False,2011-12,False
51153,402002,VA,9,2010-06,False,2010-06,False,2010-06,False,2011-06,False,2011-06,False,2011-06,False
51155,34872,VA,9,2011-12,False,2011-12,False,2011-12,False,2011-12,False,2011-12,False,2011-12,False
51157,7373,VA,9,2012-12,False,2014-06,False,,True,2012-12,False,2014-06,False,,True
51159,9254,VA,9,2013-06,False,2013-06,False,2013-06,False,2013-06,False,2013-06,False,2013-06,False
51161,92376,VA,9,2011-06,False,2011-06,False,2011-06,False,2011-06,False,2011-06,False,2011-06,False
51163,22307,VA,9,2011-12,False,2011-12,False,2011-12,False,2011-12,False,2011-12,False,2011-12,False
51165,76314,VA,9,2012-06,False,2012-06,False,2012-06,False,2012-06,False,2012-06,False,2012-06,False
51167,28897,VA,9,2013-06,False,2013-06,False,2013-06,False,2013-06,False,2013-06,False,2013-06,False
51169,23177,VA,9,2011-12,False,2011-12,False,2013-06,False,2011-12,False,2011-12,False,2013-06,False
51171,41993,VA,9,2012-12,False,2012-12,False,2012-12,False,2012-12,False,2012-12,False,2012-12,False
51173,32208,VA,9,2012-06,False,2013-06,False,2013-06,False,2012-06,False,2013-06,False,2013-06,False
51175,18570,VA,9,2013-06,False,2013-06,False,2013-06,False,2013-06,False,2013-06,False,2013-06,False
51177,122397,VA,9,2010-06,False,2011-06,False,2011-12,False,2011-06,False,2011-06,False,2011-12,False
51179,128961,VA,9,2010-06,False,2010-06,False,2011-06,False,2011-06,False,2011-06,False,2011-06,False
51181,7058,VA,9,2011-12,False,2013-06,False,2013-06,False,2011-12,False,2013-06,False,2013-06,False
51183,12087,VA,9,2013-06,False,2013-06,False,2013-06,False,2013-06,False,2013-06,False,2013-06,False
51185,45078,VA,9,2012-12,False,2012-12,False,2012-12,False,2012-12,False,2012-12,False,2012-12,False
51187,37575,VA,9,2011-12,False,2012-12,False,2012-12,False,2011-12,False,2012-12,False,2012-12,False
51191,54876,VA,9,2011-12,False,2011-12,False,2011-12,False,2011-12,False,2011-12,False,2011-12,False
51193,17454,VA,9,2012-06,False,2012-12,False,2013-06,False,2012-06,False,2012-12,False,2013-06,False
51195,41452,VA,9,2013-06,False,2013-06,False,2013-06,False,2013-06,False,2013-06,False,2013-06,False
51197,29235,VA,9,2013-06,False,2013-06,False,2013-06,False,2013-06,False,2013-06,False,2013-06,False
51199,65464,VA,9,2011-06,False,2011-06,False,2011-06,False,2011-06,False,2011-06,False,2011-06,False
51510,139966,VA,9,2010-06,False,2010-06,False,2010-06,False,2011-06,False,2011-06,False,2011-06,False
51515,6222,VA,9,2011-12,False,2011-12,False,2012-12,False,2011-12,False,2011-12,False,2012-12,False
51520,17835,VA,9,2011-12,False,2011-12,False,2011-12,False,2011-12,False,2011-12,False,2011-12,False
51530,6650,VA,9,2011-12,False,2011-12,False,2011-12,False,2011-12,False,2011-12,False,2011-12,False
51540,43475,VA,9,2012-12,False,2012-12,False,2012-12,False,2012-12,False,2012-12,False,2012-12,False
51550,222209,VA,9,2011-06,False,2011-06,False,2011-06,False,2011-06,False,2011-06,False,2011-06,False
51560,4289,VA,2,,True,,True,,True,,True,,True,,True
51570,17411,VA,9,2011-06,False,2011-06,False,2011-06,False,2011-06,False,2011-06,False,2011-06,False
51580,5961,VA,9,2011-12,False,2011-12,False,2011-12,False,2011-12,False,2011-12,False,2011-12,False
51590,43055,VA,9,2012-06,False,2012-06,False,2012-06,False,2012-06,False,2012-06,False,2012-06,False
51595,5927,VA,9,2013-06,False,2013-06,False,2013-06,False,2013-06,False,2013-06,False,2013-06,False
51600,22565,VA,9,2010-06,False,2010-06,False,2010-06,False,2011-06,False,2011-06,False,2011-06,False
51610,12332,VA,9,2010-06,False,2010-06,False,2010-06,False,2011-06,False,2011-06,False,2011-06,False
51620,8582,VA,9,2013-06,False,2013-06,False,2013-06,False,2013-06,False,2013-06,False,2013-06,False
51630,24286,VA,9,2010-06,False,2010-06,False,2010-06,False,2011-06,False,2011-06,False,2011-06,False
51640,7042,VA,9,2013-06,False,2013-06,False,2013-06,False,2013-06,False,2013-06,False,2013-06,False
51650,137436,VA,9,2011-06,False,2011-06,False,2011-06,False,2011-06,False,2011-06,False,2011-06,False
51660,48914,VA,9,2012-06,False,2012-06,False,2012-06,False,2012-06,False,2012-06,False,2012-06,False
51670,22591,VA,9,2011-06,False,2011-06,False,2011-06,False,2011-06,False,2011-06,False,2011-06,False
51678,7042,VA,9,2011-12,False,2011-12,False,2011-12,False,2011-12,False,2011-12,False,2011-12,False
51680,75568,VA,9,2011-06,False,2011-06,False,2011-06,False,2011-06,False,2011-06,False,2011-06,False
51683,37821,VA,9,2010-06,False,2010-06,False,2010-06,False,2011-06,False,2011-06,False,2011-06,False
51685,14273,VA,9,2010-06,False,2010-06,False,2010-06,False,2011-06,False,2011-06,False,2011-06,False
51690,13821,VA,9,2012-06,False,2012-06,False,2012-06,False,2012-06,False,2012-06,False,2012-06,False
51700,180719,VA,9,2011-06,False,2011-06,False,2011-06,False,2011-06,False,2011-06,False,2011-06,False
51710,242803,VA,9,2011-06,False,2011-06,False,2011-06,False,2011-06,False,2011-06,False,2011-06,False
51720,3958,VA,9,2013-06,False,2013-06,False,2013-06,False,2013-06,False,2013-06,False,2013-06,False
51730,32420,VA,9,2011-06,False,2011-06,False,2011-06,False,2011-06,False,2011-06,False,2011-06,False
51735,12150,VA,9,2011-06,False,2011-06,False,2011-06,False,2011-06,False,2011-06,False,2011-06,False
51740,95535,VA,9,2011-06,False,2011-06,False,2011-06,False,2011-06,False,2011-06,False,2011-06,False
51750,16408,VA,9,2011-12,False,2011-12,False,2011-12,False,2011-12,False,2011-12,False,2011-12,False
51760,204214,VA,9,2011-06,False,2011-06,False,2011-06,False,2011-06,False,2011-06,False,2011-06,False
51770,97032,VA,9,2011-06,False,2011-06,False,2011-06,False,2011-06,False,2011-06,False,2011-06,False
51775,24802,VA,9,2011-06,False,2011-06,False,2011-06,False,2011-06,False,2011-06,False,2011-06,False
51790,23746,VA,9,2011-12,False,2011-12,False,2011-12,False,2011-12,False,2011-12,False,2011-12,False
51800,84585,VA,9,2011-06,False,2011-06,False,2011-12,False,2011-06,False,2011-06,False,2011-12,False
51810,437994,VA,9,2011-06,False,2011-06,False,2011-06,False,2011-06,False,2011-06,False,2011-06,False
51820,21006,VA,9,2011-12,False,2011-12,False,2011-12,False,2011-12,False,2011-12,False,2011-12,False
51830,14068,VA,9,2011-06,False,2011-06,False,2011-06,False,2011-06,False,2011-06,False,2011-06,False
51840,26203,VA,9,2011-06,False,2011-06,False,2011-06,False,2011-06,False,2011-06,False,2011-06,False
53001,18728,WA,9,2011-06,False,2011-06,False,2011-06,False,2013-06,False,2013-06,False,2013-06,False
53003,21623,WA,9,2011-06,False,2011-06,False,2011-06,False,2012-12,False,2012-12,False,2012-12,False
53005,175177,WA,9,2011-06,False,2011-06,False,2011-06,False,2012-12,False,2012-12,False,2012-12,False
53007,72453,WA,9,2011-06,False,2011-06,False,2011-06,False,2012-12,False,2012-12,False,2012-12,False
53009,71404,WA,9,2011-06,False,2011-06,False,2011-06,False,2012-12,False,2012-12,False,2012-12,False
53011,425363,WA,9,2010-12,False,2010-12,False,2010-12,False,2011-06,False,2011-06,False,2011-06,False
53013,4078,WA,9,2011-06,False,2011-06,False,2011-06,False,2013-12,False,2013-12,False,2013-12,False
53015,102410,WA,9,2011-06,False,2011-06,False,2011-06,False,2012-06,False,2012-06,False,2012-06,False
53017,38431,WA,9,2011-06,False,2011-06,False,2011-06,False,2012-12,False,2012-12,False,2012-12,False
53019,7551,WA,9,2011-06,False,2011-06,False,,True,2013-06,False,,True,,True
53021,78163,WA,9,2011-06,False,2011-06,False,2011-06,False,2012-12,False,2012-12,False,2012-12,False
53023,2266,WA,9,2011-06,False,2011-06,False,2011-06,False,2013-12,False,2013-12,False,2013-12,False
53025,89120,WA,9,2011-06,False,2011-06,False,2011-06,False,2012-12,False,2013-06,False,2013-06,False
53027,72797,WA,9,2011-06,False,2011-06,False,2011-06,False,2012-12,False,2012-12,False,2012-12,False
53029,78506,WA,9,2011-06,False,2011-06,False,2011-06,False,2011-12,False,2012-12,False,2012-12,False
53031,29872,WA,9,2011-06,False,2011-06,False,2011-06,False,2011-06,False,2011-12,False,2012-12,False
53033,1931249,WA,9,2010-06,False,2010-06,False,2010-06,False,2011-06,False,2011-06,False,2011-06,False
53035,251133,WA,9,2010-12,False,2011-06,False,2011-06,False,2011-06,False,2011-06,False,2011-06,False
53037,40915,WA,9,2011-06,False,2011-06,False,2011-06,False,2012-12,False,2012-12,False,2013-06,False
53039,20318,WA,9,2011-06,False,2013-12,False,2013-12,False,2013-06,False,2013-12,False,2013-12,False
53041,75455,WA,9,2011-06,False,2011-06,False,2012-06,False,2011-12,False,2011-12,False,2012-06,False
53043,10570,WA,9,2011-06,False,2013-06,False,2014-06,False,2013-06,False,2013-06,False,2014-06,False
53045,60699,WA,9,2011-06,False,2011-06,False,2011-06,False,2012-06,False,2012-06,False,2012-12,False
53047,41120,WA,9,2011-06,False,2011-06,False,2011-06,False,2013-12,False,2013-12,False,2013-12,False
53049,20920,WA,9,2013-06,False,2013-06,False,2014-06,False,2013-06,False,2013-06,False,2014-06,False
53051,13001,WA,9,2011-06,False,2011-06,False,2011-06,False,2011-12,False,2011-12,False,2013-06,False
53053,795225,WA,9,2010-12,False,2010-12,False,2011-06,False,2011-06,False,2011-06,False,2011-06,False
53055,15769,WA,9,2011-06,False,2011-06,False,2014-06,False,2013-12,False,2013-12,False,2014-06,False
53057,116901,WA,9,2011-06,False,2011-06,False,2011-06,False,2011-06,False,2011-12,False,2012-12,False
53059,11066,WA,9,2011-06,False,2011-06,False,2013-12,False,2013-06,False,2013-06,False,2013-12,False
53061,713335,WA,9,2010-06,False,2010-12,False,2010-12,False,2011-06,False,2011-06,False,2011-06,False
53063,471221,WA,9,2010-12,False,2010-12,False,2011-06,False,2011-06,False,2011-06,False,2011-06,False
53065,43531,WA,9,2011-06,False,2011-06,False,2011-06,False,2011-12,False,2011-12,False,2013-06,False
53067,252264,WA,9,2010-12,False,2011-06,False,2011-06,False,2011-06,False,2011-06,False,2011-12,False
53069,3978,WA,9,2013-06,False,2013-06,False,2013-12,False,2013-06,False,2013-06,False,2013-12,False
53071,58781,WA,9,2011-06,False,2011-06,False,2011-06,False,2012-12,False,2012-12,False,2012-12,False
53073,201140,WA,9,2011-06,False,2011-06,False,2011-06,False,2011-06,False,2011-06,False,2011-12,False
53075,44776,WA,9,2011-06,False,2011-06,False,2011-06,False,2011-12,False,2011-12,False,2013-06,False
53077,243231,WA,9,2011-06,False,2011-06,False,2011-06,False,2012-12,False,2013-06,False,2013-06,False
54001,16589,WV,9,2013-12,False,2013-12,False,2013-12,False,2013-12,False,2013-12,False,2013-12,False
54003,104169,WV,9,2011-12,False,2011-12,False,2012-06,False,2012-06,False,2012-06,False,2012-06,False
54005,24629,WV,9,2012-12,False,2013-12,False,,True,2012-12,False,2013-12,False,,True
54007,14523,WV,9,2013-06,False,2013-12,False,2013-12,False,2013-06,False,2013-12,False,2013-12,False
54009,24069,WV,9,2013-06,False,2013-06,False,2013-12,False,2013-06,False,2013-06,False,2013-12,False
54011,96319,WV,9,2012-06,False,2012-06,False,2012-12,False,2012-06,False,2012-06,False,2012-12,False
54013,7627,WV,9,2013-12,False,,True,,True,2013-12,False,,True,,True
54015,9386,WV,9,2013-12,False,2013-12,False,2013-12,False,2013-12,False,2013-12,False,2013-12,False
54017,8202,WV,9,2013-12,False,2013-12,False,2013-12,False,2013-12,False,2013-12,False,2013-12,False
54019,46039,WV,9,2012-12,False,2013-06,False,2013-12,False,2012-12,False,2013-06,False,2013-12,False
54021,8693,WV,9,2013-12,False,2013-12,False,,True,2013-12,False,2013-12,False,,True
54023,11937,WV,9,2013-12,False,2013-12,False,2013-12,False,2013-12,False,2013-12,False,2013-12,False
54025,35480,WV,9,2012-12,False,2012-12,False,2013-12,False,2012-12,False,2012-12,False,2013-12,False
54027,23964,WV,9,2013-12,False,2013-12,False,2013-12,False,2013-12,False,2013-12,False,2013-12,False
54029,30676,WV,9,2011-06,False,2012-12,False,2013-12,False,2012-12,False,2013-06,False,2013-12,False
54031,14025,WV,9,2013-12,False,2013-12,False,2013-12,False,2013-12,False,2013-12,False,2013-12,False
54033,69099,WV,9,2012-12,False,2012-12,False,2012-12,False,2012-12,False,2012-12,False,2012-12,False
54035,29211,WV,9,2013-06,False,2013-12,False,2013-12,False,2013-06,False,2013-12,False,2013-12,False
54037,53498,WV,9,2011-12,False,2011-12,False,2011-12,False,2012-06,False,2012-06,False,2012-06,False
54039,193063,WV,9,2011-06,False,2011-12,False,2012-12,False,2012-06,False,2012-12,False,2012-12,False
54041,16372,WV,9,2013-06,False,2013-06,False,2013-12,False,2013-06,False,2013-06,False,2013-12,False
54043,21720,WV,9,2013-12,False,2013-12,False,,True,2013-12,False,2013-12,False,,True
54045,36743,WV,9,2012-06,False,2013-12,False,2013-12,False,2012-06,False,2013-12,False,2013-12,False
54047,22113,WV,9,2013-12,False,,True,,True,2013-12,False,,True,,True
54049,56418,WV,9,2013-12,False,2013-12,False,2013-12,False,2013-12,False,2013-12,False,2013-12,False
54051,33107,WV,9,2013-06,False,2013-06,False,2013-12,False,2013-06,False,2013-06,False,2013-12,False
54053,27324,WV,9,2012-12,False,2012-12,False,2013-12,False,2012-12,False,2012-12,False,2013-12,False
54055,62264,WV,9,2012-12,False,2012-12,False,2012-12,False,2012-12,False,2012-12,False,2012-12,False
54057,28212,WV,9,2013-12,False,2013-12,False,2013-12,False,2013-12,False,2013-12,False,2013-12,False
54059,26839,WV,9,2013-12,False,2013-12,False,,True,2013-12,False,2013-12,False,,True
54061,96189,WV,9,2012-12,False,2012-12,False,2012-12,False,2012-12,False,2012-12,False,2012-12,False
54063,13502,WV,9,2012-12,False,2013-12,False,,True,2012-12,False,2013-12,False,,True
54065,17541,WV,9,2012-06,False,2012-06,False,2012-12,False,2012-06,False,2012-06,False,2012-12,False
54067,26233,WV,9,2013-12,False,2013-12,False,2013-12,False,2013-12,False,2013-12,False,2013-12,False
54069,44443,WV,9,2013-06,False,2013-06,False,2013-06,False,2013-06,False,2013-06,False,2013-06,False
54071,7695,WV,9,2013-12,False,,True,,True,2013-12,False,,True,,True
54073,7605,WV,9,2013-06,False,2013-06,False,2013-12,False,2013-06,False,2013-06,False,2013-12,False
54075,8719,WV,9,2013-12,False,,True,,True,2013-12,False,,True,,True
54077,33520,WV,9,2013-12,False,2013-12,False,2013-12,False,2013-12,False,2013-12,False,2013-12,False
54079,55486,WV,9,2012-12,False,2012-12,False,2013-06,False,2012-12,False,2012-12,False,2013-06,False
54081,78859,WV,9,2012-12,False,2012-12,False,2012-12,False,2012-12,False,2012-12,False,2012-12,False
54083,29405,WV,9,2013-12,False,2013-12,False,2013-12,False,2013-12,False,2013-12,False,2013-12,False
54085,10449,WV,9,2013-12,False,2013-12,False,,True,2013-12,False,2013-12,False,,True
54087,14926,WV,9,2012-12,False,2013-12,False,2013-12,False,2012-12,False,2013-12,False,2013-12,False
54089,13927,WV,9,2012-12,False,2012-12,False,2012-12,False,2012-12,False,2012-12,False,2012-12,False
54091,16895,WV,9,2012-12,False,2012-12,False,2012-12,False,2012-12,False,2012-12,False,2012-12,False
54093,7141,WV,9,2013-12,False,2013-12,False,2013-12,False,2013-12,False,2013-12,False,2013-12,False
54095,9208,WV,9,2013-12,False,2013-12,False,2013-12,False,2013-12,False,2013-12,False,2013-12,False
54097,24254,WV,9,2013-12,False,2013-12,False,2013-12,False,2013-12,False,2013-12,False,2013-12,False
54099,42481,WV,9,2012-06,False,2012-12,False,2013-12,False,2012-06,False,2012-12,False,2013-12,False
54101,9154,WV,9,2013-12,False,2013-12,False,2013-12,False,2013-12,False,2013-12,False,2013-12,False
54103,16583,WV,9,2013-12,False,2013-12,False,,True,2013-12,False,2013-12,False,,True
54105,5717,WV,9,2013-12,False,2013-12,False,,True,2013-12,False,2013-12,False,,True
54107,86956,WV,9,2013-06,False,2013-06,False,2013-06,False,2013-06,False,2013-06,False,2013-06,False
54109,23796,WV,9,2013-12,False,,True,,True,2013-12,False,,True,,True
55001,20875,WI,9,2012-12,False,2012-12,False,2012-12,False,2013-06,False,2013-06,False,2013-06,False
55003,16157,WI,9,2013-06,False,2013-12,False,2013-12,False,2013-06,False,2013-12,False,2013-12,False
55005,45870,WI,9,2013-06,False,2013-06,False,2013-06,False,2013-06,False,2013-06,False,2013-06,False
55007,15014,WI,9,2013-06,False,2013-12,False,,True,2013-06,False,2013-12,False,,True
55009,248007,WI,9,2011-12,False,2011-12,False,2011-12,False,2011-12,False,2011-12,False,2011-12,False
55011,13587,WI,9,2012-12,False,2013-12,False,2013-12,False,2012-12,False,2013-12,False,2013-12,False
55013,15457,WI,9,2012-12,False,2012-12,False,2013-06,False,2012-12,False,2012-12,False,2013-06,False
55015,48971,WI,9,2011-12,False,2011-12,False,2013-06,False,2011-12,False,2011-12,False,2013-06,False
55017,62415,WI,9,2012-06,False,2012-06,False,2012-12,False,2012-12,False,2012-12,False,2012-12,False
55019,34690,WI,9,2013-06,False,2013-06,False,2013-12,False,2013-06,False,2013-06,False,2013-12,False
55021,56833,WI,9,2012-06,False,2012-06,False,2012-06,False,2012-06,False,2012-06,False,2012-06,False
55023,16644,WI,9,2013-06,False,2013-06,False,2013-12,False,2013-06,False,2013-06,False,2013-12,False
55025,488073,WI,9,2011-06,False,2011-06,False,2011-06,False,2011-06,False,2011-06,False,2011-06,False
55027,88759,WI,9,2012-06,False,2012-12,False,2012-12,False,2012-12,False,2012-12,False,2013-06,False
55029,27785,WI,9,2013-06,False,2013-12,False,,True,2013-06,False,,True,,True
55031,44159,WI,9,2011-12,False,2011-12,False,2011-12,False,2011-12,False,2011-12,False,2011-12,False
55033,43857,WI,9,2012-06,False,2012-12,False,2013-06,False,2013-06,False,2013-06,False,2013-06,False
55035,98736,WI,9,2011-12,False,2011-12,False,2011-12,False,2012-12,False,2012-12,False,2012-12,False
55037,4423,WI,9,2013-06,False,2013-06,False,2013-06,False,2013-06,False,2013-06,False,2013-06,False
55039,101633,WI,9,2012-06,False,2012-06,False,2012-06,False,2012-06,False,2012-06,False,2012-06,False
55041,9304,WI,9,2013-06,False,2013-06,False,2013-06,False,2013-06,False,2013-06,False,2013-06,False
55043,51208,WI,9,2012-06,False,2013-06,False,2013-12,False,2013-06,False,2013-12,False,2013-12,False
55045,36842,WI,9,2013-06,False,2013-06,False,2013-12,False,2013-06,False,2013-06,False,2013-12,False
55047,19051,WI,9,2013-06,False,2013-06,False,2013-12,False,2013-06,False,2013-06,False,2013-12,False
55049,23687,WI,9,2012-06,False,2012-06,False,2012-12,False,2013-06,False,2013-06,False,2013-06,False
55051,5916,WI,9,2012-12,False,2012-12,False,2014-06,False,2012-12,False,2012-12,False,2014-06,False
55053,20449,WI,9,2012-12,False,2013-06,False,2013-06,False,2012-12,False,2013-06,False,2013-06,False
55055,83686,WI,9,2012-06,False,2012-06,False,2012-06,False,2012-06,False,2012-06,False,2012-06,False
55057,26664,WI,9,2012-12,False,2012-12,False,2013-06,False,2013-06,False,2013-06,False,2013-06,False
55059,166426,WI,9,2010-12,False,2011-06,False,2011-06,False,2011-06,False,2011-06,False,2011-06,False
55061,20574,WI,9,2012-12,False,2012-12,False,2012-12,False,2012-12,False,2012-12,False,2012-12,False
55063,114638,WI,9,2012-12,False,2012-12,False,2012-12,False,2012-12,False,2012-12,False,2013-06,False
55065,16836,WI,9,2013-06,False,2013-06,False,2013-12,False,2013-06,False,2013-06,False,2013-12,False
55067,19977,WI,9,2013-06,False,2013-06,False,2013-12,False,2013-06,False,2013-06,False,2013-12,False
55069,28743,WI,9,2013-06,False,2013-06,False,2013-06,False,2013-06,False,2013-06,False,2013-06,False
55071,81442,WI,9,2012-06,False,2012-06,False,2012-06,False,2012-06,False,2012-06,False,2012-06,False
55073,134063,WI,9,2013-12,False,2013-12,False,2013-12,False,,True,,True,,True
55075,41749,WI,9,2012-12,False,,True,,True,2012-12,False,,True,,True
55077,15404,WI,9,2012-12,False,2012-12,False,2013-06,False,2013-06,False,2013-06,False,2013-06,False
55078,4232,WI,9,2014-06,False,,True,,True,2014-06,False,,True,,True
55079,947735,WI,9,2010-12,False,2010-12,False,2010-12,False,2011-06,False,2011-06,False,2011-06,False
55081,44673,WI,9,2012-12,False,2012-12,False,2012-12,False,2012-12,False,2012-12,False,2013-06,False
55083,37660,WI,9,2014-06,False,,True,,True,2014-06,False,,True,,True
55085,35998,WI,9,2013-06,False,2013-06,False,2013-06,False,2013-06,False,2013-06,False,2013-06,False
55087,176695,WI,9,2011-12,False,2011-12,False,2011-12,False,2011-12,False,2011-12,False,2011-12,False
55089,86395,WI,9,2011-06,False,2011-06,False,2012-06,False,2011-06,False,2011-06,False,2012-06,False
55091,7469,WI,9,2013-12,False,2013-12,False,2013-12,False,2013-12,False,2013-12,False,2013-12,False
55093,41019,WI,9,2011-12,False,2011-12,False,2013-06,False,2011-12,False,2011-12,False,2013-06,False
55095,44205,WI,9,2012-12,False,2013-06,False,2013-06,False,2012-12,False,2013-06,False,2013-06,False
55097,70019,WI,9,2012-12,False,2012-12,False,2012-12,False,2013-06,False,2013-06,False,2013-06,False
55099,14159,WI,9,2013-12,False,2013-12,False,2013-12,False,2013-12,False,2013-12,False,2013-12,False
55101,195408,WI,9,2010-12,False,2010-12,False,2011-06,False,2011-06,False,2011-06,False,2011-06,False
55103,18021,WI,9,2012-12,False,2012-12,False,2013-06,False,2013-06,False,2013-06,False,2014-06,False
55105,160331,WI,9,2011-12,False,2012-06,False,2012-06,False,2012-06,False,2012-06,False,2012-06,False
55107,14755,WI,9,2013-06,False,2013-12,False,2013-12,False,2013-06,False,2013-12,False,2013-12,False
55109,84345,WI,9,2010-12,False,2011-12,False,2011-12,False,2011-06,False,2011-12,False,2011-12,False
55111,61976,WI,9,2012-06,False,2012-06,False,2012-06,False,2012-06,False,2012-06,False,2013-06,False
55113,16557,WI,9,2013-06,False,2013-06,False,2013-12,False,2013-06,False,2013-06,False,2013-12,False
55115,41949,WI,9,2013-06,False,2013-06,False,2014-06,False,2013-06,False,2013-06,False,,True
55117,115507,WI,9,2012-06,False,2012-06,False,2012-06,False,2012-06,False,2012-06,False,2012-06,False
55119,20689,WI,9,2014-06,False,2014-06,False,2014-06,False,2014-06,False,2014-06,False,2014-06,False
55121,28816,WI,9,2012-12,False,2012-12,False,2012-12,False,2012-12,False,2012-12,False,2012-12,False
55123,29773,WI,9,2013-06,False,2013-06,False,2013-12,False,2013-06,False,2013-06,False,2013-12,False
55125,21430,WI,9,2013-06,False,2013-06,False,2013-12,False,2013-06,False,2013-06,False,2013-12,False
55127,102228,WI,9,2012-06,False,2012-06,False,2012-06,False,2012-06,False,2012-06,False,2012-06,False
55129,15911,WI,9,2013-06,False,2013-06,False,2013-12,False,2013-06,False,2013-06,False,2013-12,False
55131,131887,WI,9,2012-06,False,2012-06,False,2012-06,False,2012-12,False,2012-12,False,2013-06,False
55133,389891,WI,9,2010-12,False,2010-12,False,2011-06,False,2011-06,False,2011-06,False,2011-06,False
55135,52410,WI,9,2012-12,False,2013-06,False,2013-06,False,2013-06,False,2013-06,False,2013-06,False
55137,24496,WI,9,2012-12,False,2013-06,False,2013-06,False,2013-06,False,2013-06,False,2013-06,False
55139,166994,WI,9,2011-12,False,2011-12,False,2011-12,False,2011-12,False,2011-12,False,2011-12,False
55141,74749,WI,9,2012-12,False,2012-12,False,2013-06,False,2013-06,False,2013-06,False,2013-06,False
56001,36299,WY,9,2012-12,False,2012-12,False,2012-12,False,2012-12,False,2012-12,False,2012-12,False
56003,11668,WY,9,2013-06,False,2013-06,False,2013-12,False,2013-06,False,2013-06,False,2013-12,False
56005,46133,WY,9,2012-06,False,2012-06,False,2012-06,False,2012-06,False,2012-06,False,2012-06,False
56007,15885,WY,9,2013-06,False,2013-06,False,2013-12,False,2013-12,False,2013-12,False,2013-12,False
56009,13833,WY,9,2012-12,False,2012-12,False,2013-12,False,2012-12,False,2012-12,False,2013-12,False
56011,7083,WY,9,2013-06,False,2013-12,False,2013-12,False,2013-06,False,2013-12,False,2013-12,False
56013,40123,WY,9,2012-12,False,2012-12,False,2012-12,False,2012-12,False,2012-12,False,2012-12,False
56015,13249,WY,9,2013-06,False,2013-06,False,2013-12,False,2013-06,False,2013-06,False,2013-12,False
56017,4812,WY,9,2012-12,False,2012-12,False,2012-12,False,2012-12,False,2012-12,False,2012-12,False
56019,8569,WY,9,2012-12,False,2012-12,False,2012-12,False,2012-12,False,2012-12,False,2012-12,False
56021,91738,WY,9,2012-12,False,2012-12,False,2012-12,False,2012-12,False,2012-12,False,2012-12,False
56023,18106,WY,9,2012-12,False,2013-12,False,2013-12,False,2012-12,False,2013-12,False,2013-12,False
56025,75450,WY,9,2012-12,False,2012-12,False,2012-12,False,2012-12,False,2012-12,False,2012-12,False
56027,2484,WY,9,2014-06,False,2014-06,False,2014-06,False,2014-06,False,2014-06,False,2014-06,False
56029,28205,WY,9,2012-12,False,2013-06,False,2013-06,False,2012-12,False,2013-06,False,2013-06,False
56031,8667,WY,9,2013-06,False,2013-06,False,2013-06,False,2013-06,False,2013-06,False,2013-06,False
56033,29116,WY,9,2012-06,False,2012-06,False,2012-06,False,2012-06,False,2012-06,False,2012-06,False
56035,10247,WY,9,2012-12,False,2012-12,False,2013-06,False,2012-12,False,2012-12,False,2013-12,False
56037,43806,WY,9,2012-12,False,2012-12,False,2012-12,False,2012-12,False,2012-12,False,2012-12,False
56039,21294,WY,9,2012-12,False,2012-12,False,2012-12,False,2012-12,False,2012-12,False,2012-12,False
56041,21118,WY,9,2013-06,False,2013-06,False,2013-06,False,2013-12,False,2013-12,False,2013-12,False
56043,8533,WY,9,2012-12,False,2012-12,False,2012-12,False,2012-12,False,2012-12,False,2012-12,False
56045,7208,WY,9,2013-06,False,2013-06,False,2013-06,False,2013-06,False,2013-06,False,2013-06,False
