dataset,subject,grade,year,jurisdiction,stat,variable,group,value,errorFlag,displayable
schtype,MAT,4,2003,NT,MN:MN,SCHTYP2,Public,233.952802361629,0,1
schtype,MAT,4,2003,NT,PC:P1,SCHTYP2,Public,196.344000244141,0,1
schtype,MAT,4,2003,NT,PC:P2,SCHTYP2,Public,215.073999023438,0,1
schtype,MAT,4,2003,NT,PC:P5,SCHTYP2,Public,235.217999267578,0,1
schtype,MAT,4,2003,NT,PC:P7,SCHTYP2,Public,254.05599975586,0,1
schtype,MAT,4,2003,NT,PC:P9,SCHTYP2,Public,269.69599609375,0,1
schtype,MAT,4,2003,NT,MN:MN,SCHTYP2,Private,244.167836224135,0,1
schtype,MAT,4,2003,NT,PC:P1,SCHTYP2,Private,210.352001953125,0,1
schtype,MAT,4,2003,NT,PC:P2,SCHTYP2,Private,227.910000610352,0,1
schtype,MAT,4,2003,NT,PC:P5,SCHTYP2,Private,245.462002563477,0,1
schtype,MAT,4,2003,NT,PC:P7,SCHTYP2,Private,261.838000488281,0,1
schtype,MAT,4,2003,NT,PC:P9,SCHTYP2,Private,275.732000732422,0,1
schtype,MAT,4,2005,NT,MN:MN,SCHTYP2,Public,999,288,0
schtype,MAT,4,2005,NT,PC:P1,SCHTYP2,Public,999,288,0
schtype,MAT,4,2005,NT,PC:P2,SCHTYP2,Public,999,288,0
schtype,MAT,4,2005,NT,PC:P5,SCHTYP2,Public,999,288,0
schtype,MAT,4,2005,NT,PC:P7,SCHTYP2,Public,999,288,0
schtype,MAT,4,2005,NT,PC:P9,SCHTYP2,Public,999,288,0
schtype,MAT,4,2005,NT,MN:MN,SCHTYP2,Private,999,288,0
schtype,MAT,4,2005,NT,PC:P1,SCHTYP2,Private,999,288,0
schtype,MAT,4,2005,NT,PC:P2,SCHTYP2,Private,999,288,0
schtype,MAT,4,2005,NT,PC:P5,SCHTYP2,Private,999,288,0
schtype,MAT,4,2005,NT,PC:P7,SCHTYP2,Private,999,288,0
schtype,MAT,4,2005,NT,PC:P9,SCHTYP2,Private,999,288,0
schtype,MAT,4,2007,NT,MN:MN,SCHTYP2,Public,239.06429300559,0,1
schtype,MAT,4,2007,NT,PC:P1,SCHTYP2,Public,201.220001220703,0,1
schtype,MAT,4,2007,NT,PC:P2,SCHTYP2,Public,220.923999023437,0,1
schtype,MAT,4,2007,NT,PC:P5,SCHTYP2,Public,240.974002075195,0,1
schtype,MAT,4,2007,NT,PC:P7,SCHTYP2,Public,259.181994628906,0,1
schtype,MAT,4,2007,NT,PC:P9,SCHTYP2,Public,274.2919921875,0,1
schtype,MAT,4,2007,NT,MN:MN,SCHTYP2,Private,246.29843635434,0,1
schtype,MAT,4,2007,NT,PC:P1,SCHTYP2,Private,213.682000732422,0,1
schtype,MAT,4,2007,NT,PC:P2,SCHTYP2,Private,230.966000366211,0,1
schtype,MAT,4,2007,NT,PC:P5,SCHTYP2,Private,247.647998046875,0,1
schtype,MAT,4,2007,NT,PC:P7,SCHTYP2,Private,263.607995605469,0,1
schtype,MAT,4,2007,NT,PC:P9,SCHTYP2,Private,277.220007324219,0,1
schtype,MAT,4,2009,NT,MN:MN,SCHTYP2,Public,239.093314491012,0,1
schtype,MAT,4,2009,NT,PC:P1,SCHTYP2,Public,201.162002563477,0,1
schtype,MAT,4,2009,NT,PC:P2,SCHTYP2,Public,220.554000854492,0,1
schtype,MAT,4,2009,NT,PC:P5,SCHTYP2,Public,240.615997314453,0,1
schtype,MAT,4,2009,NT,PC:P7,SCHTYP2,Public,259.20400390625,0,1
schtype,MAT,4,2009,NT,PC:P9,SCHTYP2,Public,274.819995117188,0,1
schtype,MAT,4,2009,NT,MN:MN,SCHTYP2,Private,245.933178136167,0,1
schtype,MAT,4,2009,NT,PC:P1,SCHTYP2,Private,212.216000366211,0,1
schtype,MAT,4,2009,NT,PC:P2,SCHTYP2,Private,229.064001464844,0,1
schtype,MAT,4,2009,NT,PC:P5,SCHTYP2,Private,247.172003173828,0,1
schtype,MAT,4,2009,NT,PC:P7,SCHTYP2,Private,263.950006103516,0,1
schtype,MAT,4,2009,NT,PC:P9,SCHTYP2,Private,278.146002197266,0,1
schtype,MAT,4,2011,NT,MN:MN,SCHTYP2,Public,240.111883013115,0,1
schtype,MAT,4,2011,NT,PC:P1,SCHTYP2,Public,202.104000854492,0,1
schtype,MAT,4,2011,NT,PC:P2,SCHTYP2,Public,221.505999755859,0,1
schtype,MAT,4,2011,NT,PC:P5,SCHTYP2,Public,241.557998657227,0,1
schtype,MAT,4,2011,NT,PC:P7,SCHTYP2,Public,260.284002685547,0,1
schtype,MAT,4,2011,NT,PC:P9,SCHTYP2,Public,275.967999267578,0,1
schtype,MAT,4,2011,NT,MN:MN,SCHTYP2,Private,247.231898751018,0,1
schtype,MAT,4,2011,NT,PC:P1,SCHTYP2,Private,211.715997314453,0,1
schtype,MAT,4,2011,NT,PC:P2,SCHTYP2,Private,230.060000610352,0,1
schtype,MAT,4,2011,NT,PC:P5,SCHTYP2,Private,248.583999633789,0,1
schtype,MAT,4,2011,NT,PC:P7,SCHTYP2,Private,265.779998779297,0,1
schtype,MAT,4,2011,NT,PC:P9,SCHTYP2,Private,280.397998046875,0,1
schtype,MAT,4,2013,NT,MN:MN,SCHTYP2,Public,241.180191279369,0,1
schtype,MAT,4,2013,NT,PC:P1,SCHTYP2,Public,202.360001373291,0,1
schtype,MAT,4,2013,NT,PC:P2,SCHTYP2,Public,221.987500762939,0,1
schtype,MAT,4,2013,NT,PC:P5,SCHTYP2,Public,242.640999603272,0,1
schtype,MAT,4,2013,NT,PC:P7,SCHTYP2,Public,261.769499206543,0,1
schtype,MAT,4,2013,NT,PC:P9,SCHTYP2,Public,277.972500610352,0,1
schtype,MAT,4,2013,NT,MN:MN,SCHTYP2,Private,246.014713067569,0,1
schtype,MAT,4,2013,NT,PC:P1,SCHTYP2,Private,208.883999633789,0,1
schtype,MAT,4,2013,NT,PC:P2,SCHTYP2,Private,228.185000610352,0,1
schtype,MAT,4,2013,NT,PC:P5,SCHTYP2,Private,247.396997833252,0,1
schtype,MAT,4,2013,NT,PC:P7,SCHTYP2,Private,265.371499633789,0,1
schtype,MAT,4,2013,NT,PC:P9,SCHTYP2,Private,280.708001708984,0,1
schtype,MAT,4,2015,NT,MN:MN,SCHTYP2,Public,999,288,0
schtype,MAT,4,2015,NT,PC:P1,SCHTYP2,Public,999,288,0
schtype,MAT,4,2015,NT,PC:P2,SCHTYP2,Public,999,288,0
schtype,MAT,4,2015,NT,PC:P5,SCHTYP2,Public,999,288,0
schtype,MAT,4,2015,NT,PC:P7,SCHTYP2,Public,999,288,0
schtype,MAT,4,2015,NT,PC:P9,SCHTYP2,Public,999,288,0
schtype,MAT,4,2015,NT,MN:MN,SCHTYP2,Private,999,288,0
schtype,MAT,4,2015,NT,PC:P1,SCHTYP2,Private,999,288,0
schtype,MAT,4,2015,NT,PC:P2,SCHTYP2,Private,999,288,0
schtype,MAT,4,2015,NT,PC:P5,SCHTYP2,Private,999,288,0
schtype,MAT,4,2015,NT,PC:P7,SCHTYP2,Private,999,288,0
schtype,MAT,4,2015,NT,PC:P9,SCHTYP2,Private,999,288,0
schtype,MAT,4,2017,NT,MN:MN,SCHTYP2,Public,999,288,0
schtype,MAT,4,2017,NT,PC:P1,SCHTYP2,Public,999,288,0
schtype,MAT,4,2017,NT,PC:P2,SCHTYP2,Public,999,288,0
schtype,MAT,4,2017,NT,PC:P5,SCHTYP2,Public,999,288,0
schtype,MAT,4,2017,NT,PC:P7,SCHTYP2,Public,999,288,0
schtype,MAT,4,2017,NT,PC:P9,SCHTYP2,Public,999,288,0
schtype,MAT,4,2017,NT,MN:MN,SCHTYP2,Private,999,288,0
schtype,MAT,4,2017,NT,PC:P1,SCHTYP2,Private,999,288,0
schtype,MAT,4,2017,NT,PC:P2,SCHTYP2,Private,999,288,0
schtype,MAT,4,2017,NT,PC:P5,SCHTYP2,Private,999,288,0
schtype,MAT,4,2017,NT,PC:P7,SCHTYP2,Private,999,288,0
schtype,MAT,4,2017,NT,PC:P9,SCHTYP2,Private,999,288,0
schtype,MAT,4,2003,NT,MN:MN,SCHTYPE,Public,233.952802361629,0,1
schtype,MAT,4,2003,NT,MN:MN,SCHTYPE,Other private,244.677308618072,0,1
schtype,MAT,4,2003,NT,MN:MN,SCHTYPE,Catholic,243.691373065687,0,1
schtype,MAT,4,2003,NT,MN:MN,SCHTYPE,Bureau of Indian Education,999,257,0
schtype,MAT,4,2003,NT,MN:MN,SCHTYPE,Department of Defense,237.396340339001,0,1
schtype,MAT,4,2005,NT,MN:MN,SCHTYPE,Public,237.101845034792,0,1
schtype,MAT,4,2005,NT,MN:MN,SCHTYPE,Other private,999,272,0
schtype,MAT,4,2005,NT,MN:MN,SCHTYPE,Catholic,243.501102557923,0,1
schtype,MAT,4,2005,NT,MN:MN,SCHTYPE,Bureau of Indian Education,209.982752088392,0,1
schtype,MAT,4,2005,NT,MN:MN,SCHTYPE,Department of Defense,238.77619261413,0,1
schtype,MAT,4,2007,NT,MN:MN,SCHTYPE,Public,239.06429300559,0,1
schtype,MAT,4,2007,NT,MN:MN,SCHTYPE,Other private,999,272,0
schtype,MAT,4,2007,NT,MN:MN,SCHTYPE,Catholic,246.291975464371,0,1
schtype,MAT,4,2007,NT,MN:MN,SCHTYPE,Bureau of Indian Education,207.550695846159,0,1
schtype,MAT,4,2007,NT,MN:MN,SCHTYPE,Department of Defense,240.084553748664,0,1
schtype,MAT,4,2009,NT,MN:MN,SCHTYPE,Public,239.093314491012,0,1
schtype,MAT,4,2009,NT,MN:MN,SCHTYPE,Other private,999,272,0
schtype,MAT,4,2009,NT,MN:MN,SCHTYPE,Catholic,244.959165107683,0,1
schtype,MAT,4,2009,NT,MN:MN,SCHTYPE,Bureau of Indian Education,206.747021869679,0,1
schtype,MAT,4,2009,NT,MN:MN,SCHTYPE,Department of Defense,240.289072598969,0,1
schtype,MAT,4,2011,NT,MN:MN,SCHTYPE,Public,240.111883013115,0,1
schtype,MAT,4,2011,NT,MN:MN,SCHTYPE,Other private,999,272,0
schtype,MAT,4,2011,NT,MN:MN,SCHTYPE,Catholic,244.751993361294,0,1
schtype,MAT,4,2011,NT,MN:MN,SCHTYPE,Bureau of Indian Education,213.223074329155,0,1
schtype,MAT,4,2011,NT,MN:MN,SCHTYPE,Department of Defense,240.820965653671,0,1
schtype,MAT,4,2013,NT,MN:MN,SCHTYPE,Public,241.180191279369,0,1
schtype,MAT,4,2013,NT,MN:MN,SCHTYPE,Other private,999,272,0
schtype,MAT,4,2013,NT,MN:MN,SCHTYPE,Catholic,246.088042104697,0,1
schtype,MAT,4,2013,NT,MN:MN,SCHTYPE,Bureau of Indian Education,212.438963443738,0,1
schtype,MAT,4,2013,NT,MN:MN,SCHTYPE,Department of Defense,245.011026513753,0,1
schtype,MAT,4,2015,NT,MN:MN,SCHTYPE,Public,239.854464419686,0,1
schtype,MAT,4,2015,NT,MN:MN,SCHTYPE,Other private,999,272,0
schtype,MAT,4,2015,NT,MN:MN,SCHTYPE,Catholic,246.904084101598,0,1
schtype,MAT,4,2015,NT,MN:MN,SCHTYPE,Bureau of Indian Education,999,272,0
schtype,MAT,4,2015,NT,MN:MN,SCHTYPE,Department of Defense,247.575135416134,0,1
schtype,MAT,4,2017,NT,MN:MN,SCHTYPE,Public,239.162886473073,0,1
schtype,MAT,4,2017,NT,MN:MN,SCHTYPE,Other private,999,272,0
schtype,MAT,4,2017,NT,MN:MN,SCHTYPE,Catholic,245.154130986877,0,1
schtype,MAT,4,2017,NT,MN:MN,SCHTYPE,Bureau of Indian Education,216.168652348688,0,1
schtype,MAT,4,2017,NT,MN:MN,SCHTYPE,Department of Defense,248.591912191478,0,1
schtype,MAT,4,2019,NT,MN:MN,SCHTYPE,Public,240.003829218706,0,1
schtype,MAT,4,2019,NT,MN:MN,SCHTYPE,Other private,999,272,0
schtype,MAT,4,2019,NT,MN:MN,SCHTYPE,Catholic,246.086908372994,0,1
schtype,MAT,4,2019,NT,MN:MN,SCHTYPE,Bureau of Indian Education,215.115184835526,0,1
schtype,MAT,4,2019,NT,MN:MN,SCHTYPE,Department of Defense,250.478561062457,0,1
schtype,MAT,4,2022,NT,MN:MN,SCHTYPE,Public,234.858970982728,0,1
schtype,MAT,4,2022,NT,MN:MN,SCHTYPE,Other private,999,272,0
schtype,MAT,4,2022,NT,MN:MN,SCHTYPE,Catholic,245.648586368988,0,1
schtype,MAT,4,2022,NT,MN:MN,SCHTYPE,Bureau of Indian Education,999,257,0
schtype,MAT,4,2022,NT,MN:MN,SCHTYPE,Department of Defense,249.601095028826,0,1
schtype,MAT,4,2024,NT,MN:MN,SCHTYPE,Public,237.304735709431,0,1
schtype,MAT,4,2024,NT,MN:MN,SCHTYPE,Other private,999,272,0
schtype,MAT,4,2024,NT,MN:MN,SCHTYPE,Catholic,247.133466537353,0,1
schtype,MAT,4,2024,NT,MN:MN,SCHTYPE,Bureau of Indian Education,205.868528232543,0,1
schtype,MAT,4,2024,NT,MN:MN,SCHTYPE,Department of Defense,250.714244001522,0,1
schtype,MAT,8,2003,NT,MN:MN,SCHTYP2,Public,276.115275580545,0,1
schtype,MAT,8,2003,NT,PC:P1,SCHTYP2,Public,228.483996582031,0,1
schtype,MAT,8,2003,NT,PC:P2,SCHTYP2,Public,252.680001831055,0,1
schtype,MAT,8,2003,NT,PC:P5,SCHTYP2,Public,277.812005615235,0,1
schtype,MAT,8,2003,NT,PC:P7,SCHTYP2,Public,301.415997314453,0,1
schtype,MAT,8,2003,NT,PC:P9,SCHTYP2,Public,321.285998535156,0,1
schtype,MAT,8,2003,NT,MN:MN,SCHTYP2,Private,291.697453007892,0,1
schtype,MAT,8,2003,NT,PC:P1,SCHTYP2,Private,248.811999511719,0,1
schtype,MAT,8,2003,NT,PC:P2,SCHTYP2,Private,270.386004638672,0,1
schtype,MAT,8,2003,NT,PC:P5,SCHTYP2,Private,293.179998779297,0,1
schtype,MAT,8,2003,NT,PC:P7,SCHTYP2,Private,314.334002685547,0,1
schtype,MAT,8,2003,NT,PC:P9,SCHTYP2,Private,332.536004638672,0,1
schtype,MAT,8,2005,NT,MN:MN,SCHTYP2,Public,999,288,0
schtype,MAT,8,2005,NT,PC:P1,SCHTYP2,Public,999,288,0
schtype,MAT,8,2005,NT,PC:P2,SCHTYP2,Public,999,288,0
schtype,MAT,8,2005,NT,PC:P5,SCHTYP2,Public,999,288,0
schtype,MAT,8,2005,NT,PC:P7,SCHTYP2,Public,999,288,0
schtype,MAT,8,2005,NT,PC:P9,SCHTYP2,Public,999,288,0
schtype,MAT,8,2005,NT,MN:MN,SCHTYP2,Private,999,288,0
schtype,MAT,8,2005,NT,PC:P1,SCHTYP2,Private,999,288,0
schtype,MAT,8,2005,NT,PC:P2,SCHTYP2,Private,999,288,0
schtype,MAT,8,2005,NT,PC:P5,SCHTYP2,Private,999,288,0
schtype,MAT,8,2005,NT,PC:P7,SCHTYP2,Private,999,288,0
schtype,MAT,8,2005,NT,PC:P9,SCHTYP2,Private,999,288,0
schtype,MAT,8,2007,NT,MN:MN,SCHTYP2,Public,280.169461427268,0,1
schtype,MAT,8,2007,NT,PC:P1,SCHTYP2,Public,233.529995727539,0,1
schtype,MAT,8,2007,NT,PC:P2,SCHTYP2,Public,256.659997558594,0,1
schtype,MAT,8,2007,NT,PC:P5,SCHTYP2,Public,281.420007324219,0,1
schtype,MAT,8,2007,NT,PC:P7,SCHTYP2,Public,305.152001953125,0,1
schtype,MAT,8,2007,NT,PC:P9,SCHTYP2,Public,325.45,0,1
schtype,MAT,8,2007,NT,MN:MN,SCHTYP2,Private,293.363391650186,0,1
schtype,MAT,8,2007,NT,PC:P1,SCHTYP2,Private,249.345999145508,0,1
schtype,MAT,8,2007,NT,PC:P2,SCHTYP2,Private,271.511999511719,0,1
schtype,MAT,8,2007,NT,PC:P5,SCHTYP2,Private,294.492004394531,0,1
schtype,MAT,8,2007,NT,PC:P7,SCHTYP2,Private,316.102001953125,0,1
schtype,MAT,8,2007,NT,PC:P9,SCHTYP2,Private,335.601995849609,0,1
schtype,MAT,8,2009,NT,MN:MN,SCHTYP2,Public,281.674781063299,0,1
schtype,MAT,8,2009,NT,PC:P1,SCHTYP2,Public,234.505999755859,0,1
schtype,MAT,8,2009,NT,PC:P2,SCHTYP2,Public,257.871997070313,0,1
schtype,MAT,8,2009,NT,PC:P5,SCHTYP2,Public,282.780004882812,0,1
schtype,MAT,8,2009,NT,PC:P7,SCHTYP2,Public,306.93798828125,0,1
schtype,MAT,8,2009,NT,PC:P9,SCHTYP2,Public,327.642004394531,0,1
schtype,MAT,8,2009,NT,MN:MN,SCHTYP2,Private,295.637027430223,0,1
schtype,MAT,8,2009,NT,PC:P1,SCHTYP2,Private,253.305996704101,0,1
schtype,MAT,8,2009,NT,PC:P2,SCHTYP2,Private,274.260003662109,0,1
schtype,MAT,8,2009,NT,PC:P5,SCHTYP2,Private,296.780004882813,0,1
schtype,MAT,8,2009,NT,PC:P7,SCHTYP2,Private,317.938000488281,0,1
schtype,MAT,8,2009,NT,PC:P9,SCHTYP2,Private,337.403997802734,0,1
schtype,MAT,8,2011,NT,MN:MN,SCHTYP2,Public,282.727131008882,0,1
schtype,MAT,8,2011,NT,PC:P1,SCHTYP2,Public,235.792004394531,0,1
schtype,MAT,8,2011,NT,PC:P2,SCHTYP2,Public,258.930004882813,0,1
schtype,MAT,8,2011,NT,PC:P5,SCHTYP2,Public,283.69800415039,0,1
schtype,MAT,8,2011,NT,PC:P7,SCHTYP2,Public,307.675994873047,0,1
schtype,MAT,8,2011,NT,PC:P9,SCHTYP2,Public,328.5,0,1
schtype,MAT,8,2011,NT,MN:MN,SCHTYP2,Private,296.209498538311,0,1
schtype,MAT,8,2011,NT,PC:P1,SCHTYP2,Private,253.138000488281,0,1
schtype,MAT,8,2011,NT,PC:P2,SCHTYP2,Private,274.611999511719,0,1
schtype,MAT,8,2011,NT,PC:P5,SCHTYP2,Private,297.216003417969,0,1
schtype,MAT,8,2011,NT,PC:P7,SCHTYP2,Private,319.021997070313,0,1
schtype,MAT,8,2011,NT,PC:P9,SCHTYP2,Private,337.761993408203,0,1
schtype,MAT,8,2013,NT,MN:MN,SCHTYP2,Public,283.615036453665,0,1
schtype,MAT,8,2013,NT,PC:P1,SCHTYP2,Public,236.473000335693,0,1
schtype,MAT,8,2013,NT,PC:P2,SCHTYP2,Public,259.836001586914,0,1
schtype,MAT,8,2013,NT,PC:P5,SCHTYP2,Public,284.612998962402,0,1
schtype,MAT,8,2013,NT,PC:P7,SCHTYP2,Public,308.693002319336,0,1
schtype,MAT,8,2013,NT,PC:P9,SCHTYP2,Public,329.56000213623,0,1
schtype,MAT,8,2013,NT,MN:MN,SCHTYP2,Private,295.729983173859,0,1
schtype,MAT,8,2013,NT,PC:P1,SCHTYP2,Private,250.22749710083,0,1
schtype,MAT,8,2013,NT,PC:P2,SCHTYP2,Private,272.553500366211,0,1
schtype,MAT,8,2013,NT,PC:P5,SCHTYP2,Private,296.660998535156,0,1
schtype,MAT,8,2013,NT,PC:P7,SCHTYP2,Private,319.715498352051,0,1
schtype,MAT,8,2013,NT,PC:P9,SCHTYP2,Private,340.625503540039,0,1
schtype,MAT,8,2015,NT,MN:MN,SCHTYP2,Public,999,288,0
schtype,MAT,8,2015,NT,PC:P1,SCHTYP2,Public,999,288,0
schtype,MAT,8,2015,NT,PC:P2,SCHTYP2,Public,999,288,0
schtype,MAT,8,2015,NT,PC:P5,SCHTYP2,Public,999,288,0
schtype,MAT,8,2015,NT,PC:P7,SCHTYP2,Public,999,288,0
schtype,MAT,8,2015,NT,PC:P9,SCHTYP2,Public,999,288,0
schtype,MAT,8,2015,NT,MN:MN,SCHTYP2,Private,999,288,0
schtype,MAT,8,2015,NT,PC:P1,SCHTYP2,Private,999,288,0
schtype,MAT,8,2015,NT,PC:P2,SCHTYP2,Private,999,288,0
schtype,MAT,8,2015,NT,PC:P5,SCHTYP2,Private,999,288,0
schtype,MAT,8,2015,NT,PC:P7,SCHTYP2,Private,999,288,0
schtype,MAT,8,2015,NT,PC:P9,SCHTYP2,Private,999,288,0
schtype,MAT,8,2017,NT,MN:MN,SCHTYP2,Public,999,288,0
schtype,MAT,8,2017,NT,PC:P1,SCHTYP2,Public,999,288,0
schtype,MAT,8,2017,NT,PC:P2,SCHTYP2,Public,999,288,0
schtype,MAT,8,2017,NT,PC:P5,SCHTYP2,Public,999,288,0
schtype,MAT,8,2017,NT,PC:P7,SCHTYP2,Public,999,288,0
schtype,MAT,8,2017,NT,PC:P9,SCHTYP2,Public,999,288,0
schtype,MAT,8,2017,NT,MN:MN,SCHTYP2,Private,999,288,0
schtype,MAT,8,2017,NT,PC:P1,SCHTYP2,Private,999,288,0
schtype,MAT,8,2017,NT,PC:P2,SCHTYP2,Private,999,288,0
schtype,MAT,8,2017,NT,PC:P5,SCHTYP2,Private,999,288,0
schtype,MAT,8,2017,NT,PC:P7,SCHTYP2,Private,999,288,0
schtype,MAT,8,2017,NT,PC:P9,SCHTYP2,Private,999,288,0
schtype,MAT,8,2003,NT,MN:MN,SCHTYPE,Public,276.115275580545,0,1
schtype,MAT,8,2003,NT,MN:MN,SCHTYPE,Other private,294.319139493417,0,1
schtype,MAT,8,2003,NT,MN:MN,SCHTYPE,Catholic,289.452884091271,0,1
schtype,MAT,8,2003,NT,MN:MN,SCHTYPE,Bureau of Indian Education,999,257,0
schtype,MAT,8,2003,NT,MN:MN,SCHTYPE,Department of Defense,285.561773781699,0,1
schtype,MAT,8,2005,NT,MN:MN,SCHTYPE,Public,277.519684495209,0,1
schtype,MAT,8,2005,NT,MN:MN,SCHTYPE,Other private,999,272,0
schtype,MAT,8,2005,NT,MN:MN,SCHTYPE,Catholic,290.149050413832,0,1
schtype,MAT,8,2005,NT,MN:MN,SCHTYPE,Bureau of Indian Education,243.344809903241,0,1
schtype,MAT,8,2005,NT,MN:MN,SCHTYPE,Department of Defense,283.902342960277,0,1
schtype,MAT,8,2007,NT,MN:MN,SCHTYPE,Public,280.169461427268,0,1
schtype,MAT,8,2007,NT,MN:MN,SCHTYPE,Other private,999,272,0
schtype,MAT,8,2007,NT,MN:MN,SCHTYPE,Catholic,291.914375209242,0,1
schtype,MAT,8,2007,NT,MN:MN,SCHTYPE,Bureau of Indian Education,243.903255504319,0,1
schtype,MAT,8,2007,NT,MN:MN,SCHTYPE,Department of Defense,285.065311847755,0,1
schtype,MAT,8,2009,NT,MN:MN,SCHTYPE,Public,281.674781063299,0,1
schtype,MAT,8,2009,NT,MN:MN,SCHTYPE,Other private,999,272,0
schtype,MAT,8,2009,NT,MN:MN,SCHTYPE,Catholic,296.736818362051,0,1
schtype,MAT,8,2009,NT,MN:MN,SCHTYPE,Bureau of Indian Education,247.767575900187,0,1
schtype,MAT,8,2009,NT,MN:MN,SCHTYPE,Department of Defense,287.149652381487,0,1
schtype,MAT,8,2011,NT,MN:MN,SCHTYPE,Public,282.727131008882,0,1
schtype,MAT,8,2011,NT,MN:MN,SCHTYPE,Other private,999,272,0
schtype,MAT,8,2011,NT,MN:MN,SCHTYPE,Catholic,295.241107957893,0,1
schtype,MAT,8,2011,NT,MN:MN,SCHTYPE,Bureau of Indian Education,249.672815205865,0,1
schtype,MAT,8,2011,NT,MN:MN,SCHTYPE,Department of Defense,287.851166349466,0,1
schtype,MAT,8,2013,NT,MN:MN,SCHTYPE,Public,283.615036453665,0,1
schtype,MAT,8,2013,NT,MN:MN,SCHTYPE,Other private,999,272,0
schtype,MAT,8,2013,NT,MN:MN,SCHTYPE,Catholic,294.884787923285,0,1
schtype,MAT,8,2013,NT,MN:MN,SCHTYPE,Bureau of Indian Education,249.745043560223,0,1
schtype,MAT,8,2013,NT,MN:MN,SCHTYPE,Department of Defense,290.426593923566,0,1
schtype,MAT,8,2015,NT,MN:MN,SCHTYPE,Public,281.279588839312,0,1
schtype,MAT,8,2015,NT,MN:MN,SCHTYPE,Other private,999,272,0
schtype,MAT,8,2015,NT,MN:MN,SCHTYPE,Catholic,293.362506735733,0,1
schtype,MAT,8,2015,NT,MN:MN,SCHTYPE,Bureau of Indian Education,252.459393761687,0,1
schtype,MAT,8,2015,NT,MN:MN,SCHTYPE,Department of Defense,290.53073618097,0,1
schtype,MAT,8,2017,NT,MN:MN,SCHTYPE,Public,281.957554900527,0,1
schtype,MAT,8,2017,NT,MN:MN,SCHTYPE,Other private,999,272,0
schtype,MAT,8,2017,NT,MN:MN,SCHTYPE,Catholic,294.200210271493,0,1
schtype,MAT,8,2017,NT,MN:MN,SCHTYPE,Bureau of Indian Education,999,257,0
schtype,MAT,8,2017,NT,MN:MN,SCHTYPE,Department of Defense,292.841575582003,0,1
schtype,MAT,8,2019,NT,MN:MN,SCHTYPE,Public,280.986598557657,0,1
schtype,MAT,8,2019,NT,MN:MN,SCHTYPE,Other private,999,272,0
schtype,MAT,8,2019,NT,MN:MN,SCHTYPE,Catholic,293.424912195914,0,1
schtype,MAT,8,2019,NT,MN:MN,SCHTYPE,Bureau of Indian Education,250.812959496976,0,1
schtype,MAT,8,2019,NT,MN:MN,SCHTYPE,Department of Defense,292.128318163976,0,1
schtype,MAT,8,2022,NT,MN:MN,SCHTYPE,Public,273.132228606731,0,1
schtype,MAT,8,2022,NT,MN:MN,SCHTYPE,Other private,999,272,0
schtype,MAT,8,2022,NT,MN:MN,SCHTYPE,Catholic,287.601929447501,0,1
schtype,MAT,8,2022,NT,MN:MN,SCHTYPE,Bureau of Indian Education,999,257,0
schtype,MAT,8,2022,NT,MN:MN,SCHTYPE,Department of Defense,291.616731847413,0,1
schtype,MAT,8,2024,NT,MN:MN,SCHTYPE,Public,272.232647011559,0,1
schtype,MAT,8,2024,NT,MN:MN,SCHTYPE,Other private,999,272,0
schtype,MAT,8,2024,NT,MN:MN,SCHTYPE,Catholic,292.547536617354,0,1
schtype,MAT,8,2024,NT,MN:MN,SCHTYPE,Bureau of Indian Education,239.279788600596,0,1
schtype,MAT,8,2024,NT,MN:MN,SCHTYPE,Department of Defense,291.412155399847,0,1
schtype,RED,4,2003,NT,MN:MN,SCHTYP2,Public,216.455999255802,0,1
schtype,RED,4,2003,NT,PC:P1,SCHTYP2,Public,166.774002075195,0,1
schtype,RED,4,2003,NT,PC:P2,SCHTYP2,Public,192.729998779297,0,1
schtype,RED,4,2003,NT,PC:P5,SCHTYP2,Public,219.120001220703,0,1
schtype,RED,4,2003,NT,PC:P7,SCHTYP2,Public,242.743997192383,0,1
schtype,RED,4,2003,NT,PC:P9,SCHTYP2,Public,261.953997802735,0,1
schtype,RED,4,2003,NT,MN:MN,SCHTYP2,Private,234.543978785782,0,1
schtype,RED,4,2003,NT,PC:P1,SCHTYP2,Private,192.207998657227,0,1
schtype,RED,4,2003,NT,PC:P2,SCHTYP2,Private,214.256002807617,0,1
schtype,RED,4,2003,NT,PC:P5,SCHTYP2,Private,236.345999145508,0,1
schtype,RED,4,2003,NT,PC:P7,SCHTYP2,Private,256.713995361328,0,1
schtype,RED,4,2003,NT,PC:P9,SCHTYP2,Private,274.120001220703,0,1
schtype,RED,4,2005,NT,MN:MN,SCHTYP2,Public,999,288,0
schtype,RED,4,2005,NT,PC:P1,SCHTYP2,Public,999,288,0
schtype,RED,4,2005,NT,PC:P2,SCHTYP2,Public,999,288,0
schtype,RED,4,2005,NT,PC:P5,SCHTYP2,Public,999,288,0
schtype,RED,4,2005,NT,PC:P7,SCHTYP2,Public,999,288,0
schtype,RED,4,2005,NT,PC:P9,SCHTYP2,Public,999,288,0
schtype,RED,4,2005,NT,MN:MN,SCHTYP2,Private,999,288,0
schtype,RED,4,2005,NT,PC:P1,SCHTYP2,Private,999,288,0
schtype,RED,4,2005,NT,PC:P2,SCHTYP2,Private,999,288,0
schtype,RED,4,2005,NT,PC:P5,SCHTYP2,Private,999,288,0
schtype,RED,4,2005,NT,PC:P7,SCHTYP2,Private,999,288,0
schtype,RED,4,2005,NT,PC:P9,SCHTYP2,Private,999,288,0
schtype,RED,4,2007,NT,MN:MN,SCHTYP2,Public,219.65707104346,0,1
schtype,RED,4,2007,NT,PC:P1,SCHTYP2,Public,172.803997802734,0,1
schtype,RED,4,2007,NT,PC:P2,SCHTYP2,Public,197.813995361328,0,1
schtype,RED,4,2007,NT,PC:P5,SCHTYP2,Public,222.243997192383,0,1
schtype,RED,4,2007,NT,PC:P7,SCHTYP2,Public,244.298001098633,0,1
schtype,RED,4,2007,NT,PC:P9,SCHTYP2,Public,262.946002197265,0,1
schtype,RED,4,2007,NT,MN:MN,SCHTYP2,Private,233.68699940255,0,1
schtype,RED,4,2007,NT,PC:P1,SCHTYP2,Private,193.158001708984,0,1
schtype,RED,4,2007,NT,PC:P2,SCHTYP2,Private,214.561999511719,0,1
schtype,RED,4,2007,NT,PC:P5,SCHTYP2,Private,235.144000244141,0,1
schtype,RED,4,2007,NT,PC:P7,SCHTYP2,Private,255.72799987793,0,1
schtype,RED,4,2007,NT,PC:P9,SCHTYP2,Private,271.691998291016,0,1
schtype,RED,4,2009,NT,MN:MN,SCHTYP2,Public,219.599030284342,0,1
schtype,RED,4,2009,NT,PC:P1,SCHTYP2,Public,173.27600402832,0,1
schtype,RED,4,2009,NT,PC:P2,SCHTYP2,Public,197.834002685547,0,1
schtype,RED,4,2009,NT,PC:P5,SCHTYP2,Public,222.103997802734,0,1
schtype,RED,4,2009,NT,PC:P7,SCHTYP2,Public,244.12600402832,0,1
schtype,RED,4,2009,NT,PC:P9,SCHTYP2,Public,262.598004150391,0,1
schtype,RED,4,2009,NT,MN:MN,SCHTYP2,Private,234.858334155378,0,1
schtype,RED,4,2009,NT,PC:P1,SCHTYP2,Private,194.421997070313,0,1
schtype,RED,4,2009,NT,PC:P2,SCHTYP2,Private,214.943994140625,0,1
schtype,RED,4,2009,NT,PC:P5,SCHTYP2,Private,236.524002075195,0,1
schtype,RED,4,2009,NT,PC:P7,SCHTYP2,Private,256.688000488281,0,1
schtype,RED,4,2009,NT,PC:P9,SCHTYP2,Private,273.133996582031,0,1
schtype,RED,4,2011,NT,MN:MN,SCHTYP2,Public,220.025911570376,0,1
schtype,RED,4,2011,NT,PC:P1,SCHTYP2,Public,173.029995727539,0,1
schtype,RED,4,2011,NT,PC:P2,SCHTYP2,Public,198.273999023438,0,1
schtype,RED,4,2011,NT,PC:P5,SCHTYP2,Public,222.951998901367,0,1
schtype,RED,4,2011,NT,PC:P7,SCHTYP2,Public,244.849996948242,0,1
schtype,RED,4,2011,NT,PC:P9,SCHTYP2,Public,263.216003417969,0,1
schtype,RED,4,2011,NT,MN:MN,SCHTYP2,Private,234.490393600925,0,1
schtype,RED,4,2011,NT,PC:P1,SCHTYP2,Private,193.041995239258,0,1
schtype,RED,4,2011,NT,PC:P2,SCHTYP2,Private,215.402001953125,0,1
schtype,RED,4,2011,NT,PC:P5,SCHTYP2,Private,236.673999023438,0,1
schtype,RED,4,2011,NT,PC:P7,SCHTYP2,Private,255.966000366211,0,1
schtype,RED,4,2011,NT,PC:P9,SCHTYP2,Private,272.677996826172,0,1
schtype,RED,4,2013,NT,MN:MN,SCHTYP2,Public,220.674711019141,0,1
schtype,RED,4,2013,NT,PC:P1,SCHTYP2,Public,172.076999664307,0,1
schtype,RED,4,2013,NT,PC:P2,SCHTYP2,Public,198.931999969482,0,1
schtype,RED,4,2013,NT,PC:P5,SCHTYP2,Public,224.25950088501,0,1
schtype,RED,4,2013,NT,PC:P7,SCHTYP2,Public,246.195999145508,0,1
schtype,RED,4,2013,NT,PC:P9,SCHTYP2,Public,264.35950012207,0,1
schtype,RED,4,2013,NT,MN:MN,SCHTYP2,Private,235.190828103283,0,1
schtype,RED,4,2013,NT,PC:P1,SCHTYP2,Private,193.880499267578,0,1
schtype,RED,4,2013,NT,PC:P2,SCHTYP2,Private,215.813501739502,0,1
schtype,RED,4,2013,NT,PC:P5,SCHTYP2,Private,237.170500946045,0,1
schtype,RED,4,2013,NT,PC:P7,SCHTYP2,Private,256.7875,0,1
schtype,RED,4,2013,NT,PC:P9,SCHTYP2,Private,273.91600189209,0,1
schtype,RED,4,2015,NT,MN:MN,SCHTYP2,Public,999,288,0
schtype,RED,4,2015,NT,PC:P1,SCHTYP2,Public,999,288,0
schtype,RED,4,2015,NT,PC:P2,SCHTYP2,Public,999,288,0
schtype,RED,4,2015,NT,PC:P5,SCHTYP2,Public,999,288,0
schtype,RED,4,2015,NT,PC:P7,SCHTYP2,Public,999,288,0
schtype,RED,4,2015,NT,PC:P9,SCHTYP2,Public,999,288,0
schtype,RED,4,2015,NT,MN:MN,SCHTYP2,Private,999,288,0
schtype,RED,4,2015,NT,PC:P1,SCHTYP2,Private,999,288,0
schtype,RED,4,2015,NT,PC:P2,SCHTYP2,Private,999,288,0
schtype,RED,4,2015,NT,PC:P5,SCHTYP2,Private,999,288,0
schtype,RED,4,2015,NT,PC:P7,SCHTYP2,Private,999,288,0
schtype,RED,4,2015,NT,PC:P9,SCHTYP2,Private,999,288,0
schtype,RED,4,2017,NT,MN:MN,SCHTYP2,Public,999,288,0
schtype,RED,4,2017,NT,PC:P1,SCHTYP2,Public,999,288,0
schtype,RED,4,2017,NT,PC:P2,SCHTYP2,Public,999,288,0
schtype,RED,4,2017,NT,PC:P5,SCHTYP2,Public,999,288,0
schtype,RED,4,2017,NT,PC:P7,SCHTYP2,Public,999,288,0
schtype,RED,4,2017,NT,PC:P9,SCHTYP2,Public,999,288,0
schtype,RED,4,2017,NT,MN:MN,SCHTYP2,Private,999,288,0
schtype,RED,4,2017,NT,PC:P1,SCHTYP2,Private,999,288,0
schtype,RED,4,2017,NT,PC:P2,SCHTYP2,Private,999,288,0
schtype,RED,4,2017,NT,PC:P5,SCHTYP2,Private,999,288,0
schtype,RED,4,2017,NT,PC:P7,SCHTYP2,Private,999,288,0
schtype,RED,4,2017,NT,PC:P9,SCHTYP2,Private,999,288,0
schtype,RED,4,2003,NT,MN:MN,SCHTYPE,Public,216.455999255802,0,1
schtype,RED,4,2003,NT,MN:MN,SCHTYPE,Other private,234.184773509576,0,1
schtype,RED,4,2003,NT,MN:MN,SCHTYPE,Catholic,234.876650388769,0,1
schtype,RED,4,2003,NT,MN:MN,SCHTYPE,Bureau of Indian Education,999,257,0
schtype,RED,4,2003,NT,MN:MN,SCHTYPE,Department of Defense,224.229080499763,0,1
schtype,RED,4,2005,NT,MN:MN,SCHTYPE,Public,217.302461151635,0,1
schtype,RED,4,2005,NT,MN:MN,SCHTYPE,Other private,999,272,0
schtype,RED,4,2005,NT,MN:MN,SCHTYPE,Catholic,233.896636018576,0,1
schtype,RED,4,2005,NT,MN:MN,SCHTYPE,Bureau of Indian Education,178.186170366752,0,1
schtype,RED,4,2005,NT,MN:MN,SCHTYPE,Department of Defense,226.128454560383,0,1
schtype,RED,4,2007,NT,MN:MN,SCHTYPE,Public,219.65707104346,0,1
schtype,RED,4,2007,NT,MN:MN,SCHTYPE,Other private,999,272,0
schtype,RED,4,2007,NT,MN:MN,SCHTYPE,Catholic,232.226275599753,0,1
schtype,RED,4,2007,NT,MN:MN,SCHTYPE,Bureau of Indian Education,180.198226831235,0,1
schtype,RED,4,2007,NT,MN:MN,SCHTYPE,Department of Defense,229.176850007604,0,1
schtype,RED,4,2009,NT,MN:MN,SCHTYPE,Public,219.599030284342,0,1
schtype,RED,4,2009,NT,MN:MN,SCHTYPE,Other private,999,272,0
schtype,RED,4,2009,NT,MN:MN,SCHTYPE,Catholic,236.049203073633,0,1
schtype,RED,4,2009,NT,MN:MN,SCHTYPE,Bureau of Indian Education,181.263569995398,0,1
schtype,RED,4,2009,NT,MN:MN,SCHTYPE,Department of Defense,228.315223698815,0,1
schtype,RED,4,2011,NT,MN:MN,SCHTYPE,Public,220.025911570376,0,1
schtype,RED,4,2011,NT,MN:MN,SCHTYPE,Other private,999,272,0
schtype,RED,4,2011,NT,MN:MN,SCHTYPE,Catholic,235.473686457684,0,1
schtype,RED,4,2011,NT,MN:MN,SCHTYPE,Bureau of Indian Education,182.150834162656,0,1
schtype,RED,4,2011,NT,MN:MN,SCHTYPE,Department of Defense,229.483530711783,0,1
schtype,RED,4,2013,NT,MN:MN,SCHTYPE,Public,220.674711019141,0,1
schtype,RED,4,2013,NT,MN:MN,SCHTYPE,Other private,999,272,0
schtype,RED,4,2013,NT,MN:MN,SCHTYPE,Catholic,235.150872444647,0,1
schtype,RED,4,2013,NT,MN:MN,SCHTYPE,Bureau of Indian Education,180.685946613031,0,1
schtype,RED,4,2013,NT,MN:MN,SCHTYPE,Department of Defense,232.112318231811,0,1
schtype,RED,4,2015,NT,MN:MN,SCHTYPE,Public,221.356119236354,0,1
schtype,RED,4,2015,NT,MN:MN,SCHTYPE,Other private,999,272,0
schtype,RED,4,2015,NT,MN:MN,SCHTYPE,Catholic,237.481597816915,0,1
schtype,RED,4,2015,NT,MN:MN,SCHTYPE,Bureau of Indian Education,999,272,0
schtype,RED,4,2015,NT,MN:MN,SCHTYPE,Department of Defense,233.759114381117,0,1
schtype,RED,4,2017,NT,MN:MN,SCHTYPE,Public,220.812272480255,0,1
schtype,RED,4,2017,NT,MN:MN,SCHTYPE,Other private,999,272,0
schtype,RED,4,2017,NT,MN:MN,SCHTYPE,Catholic,235.055486972059,0,1
schtype,RED,4,2017,NT,MN:MN,SCHTYPE,Bureau of Indian Education,179.179611382841,0,1
schtype,RED,4,2017,NT,MN:MN,SCHTYPE,Department of Defense,234.467506410105,0,1
schtype,RED,4,2019,NT,MN:MN,SCHTYPE,Public,219.440029789958,0,1
schtype,RED,4,2019,NT,MN:MN,SCHTYPE,Other private,999,272,0
schtype,RED,4,2019,NT,MN:MN,SCHTYPE,Catholic,235.060564170991,0,1
schtype,RED,4,2019,NT,MN:MN,SCHTYPE,Bureau of Indian Education,186.224598066597,0,1
schtype,RED,4,2019,NT,MN:MN,SCHTYPE,Department of Defense,234.89641237034,0,1
schtype,RED,4,2022,NT,MN:MN,SCHTYPE,Public,216.113410808617,0,1
schtype,RED,4,2022,NT,MN:MN,SCHTYPE,Other private,999,272,0
schtype,RED,4,2022,NT,MN:MN,SCHTYPE,Catholic,232.743752250635,0,1
schtype,RED,4,2022,NT,MN:MN,SCHTYPE,Bureau of Indian Education,999,257,0
schtype,RED,4,2022,NT,MN:MN,SCHTYPE,Department of Defense,235.115547082792,0,1
schtype,RED,4,2024,NT,MN:MN,SCHTYPE,Public,214.274883563924,0,1
schtype,RED,4,2024,NT,MN:MN,SCHTYPE,Other private,999,272,0
schtype,RED,4,2024,NT,MN:MN,SCHTYPE,Catholic,229.726870101114,0,1
schtype,RED,4,2024,NT,MN:MN,SCHTYPE,Bureau of Indian Education,178.787884055848,0,1
schtype,RED,4,2024,NT,MN:MN,SCHTYPE,Department of Defense,234.205640009807,0,1
schtype,RED,8,2003,NT,MN:MN,SCHTYP2,Public,261.332615070265,0,1
schtype,RED,8,2003,NT,PC:P1,SCHTYP2,Public,215.233999633789,0,1
schtype,RED,8,2003,NT,PC:P2,SCHTYP2,Public,239.721997070312,0,1
schtype,RED,8,2003,NT,PC:P5,SCHTYP2,Public,263.988000488281,0,1
schtype,RED,8,2003,NT,PC:P7,SCHTYP2,Public,285.731994628906,0,1
schtype,RED,8,2003,NT,PC:P9,SCHTYP2,Public,303.867999267578,0,1
schtype,RED,8,2003,NT,MN:MN,SCHTYP2,Private,282.476626276763,0,1
schtype,RED,8,2003,NT,PC:P1,SCHTYP2,Private,243.145999145508,0,1
schtype,RED,8,2003,NT,PC:P2,SCHTYP2,Private,262.811993408203,0,1
schtype,RED,8,2003,NT,PC:P5,SCHTYP2,Private,283.602008056641,0,1
schtype,RED,8,2003,NT,PC:P7,SCHTYP2,Private,303.068005371094,0,1
schtype,RED,8,2003,NT,PC:P9,SCHTYP2,Private,320.622003173828,0,1
schtype,RED,8,2005,NT,MN:MN,SCHTYP2,Public,999,288,0
schtype,RED,8,2005,NT,PC:P1,SCHTYP2,Public,999,288,0
schtype,RED,8,2005,NT,PC:P2,SCHTYP2,Public,999,288,0
schtype,RED,8,2005,NT,PC:P5,SCHTYP2,Public,999,288,0
schtype,RED,8,2005,NT,PC:P7,SCHTYP2,Public,999,288,0
schtype,RED,8,2005,NT,PC:P9,SCHTYP2,Public,999,288,0
schtype,RED,8,2005,NT,MN:MN,SCHTYP2,Private,999,288,0
schtype,RED,8,2005,NT,PC:P1,SCHTYP2,Private,999,288,0
schtype,RED,8,2005,NT,PC:P2,SCHTYP2,Private,999,288,0
schtype,RED,8,2005,NT,PC:P5,SCHTYP2,Private,999,288,0
schtype,RED,8,2005,NT,PC:P7,SCHTYP2,Private,999,288,0
schtype,RED,8,2005,NT,PC:P9,SCHTYP2,Private,999,288,0
schtype,RED,8,2007,NT,MN:MN,SCHTYP2,Public,261.013950653666,0,1
schtype,RED,8,2007,NT,PC:P1,SCHTYP2,Public,215.832000732422,0,1
schtype,RED,8,2007,NT,PC:P2,SCHTYP2,Public,240.195999145508,0,1
schtype,RED,8,2007,NT,PC:P5,SCHTYP2,Public,263.560003662109,0,1
schtype,RED,8,2007,NT,PC:P7,SCHTYP2,Public,284.873992919922,0,1
schtype,RED,8,2007,NT,PC:P9,SCHTYP2,Public,302.718005371094,0,1
schtype,RED,8,2007,NT,MN:MN,SCHTYP2,Private,280.402645898721,0,1
schtype,RED,8,2007,NT,PC:P1,SCHTYP2,Private,240.844000244141,0,1
schtype,RED,8,2007,NT,PC:P2,SCHTYP2,Private,261.899993896484,0,1
schtype,RED,8,2007,NT,PC:P5,SCHTYP2,Private,281.953997802735,0,1
schtype,RED,8,2007,NT,PC:P7,SCHTYP2,Private,301.722003173828,0,1
schtype,RED,8,2007,NT,PC:P9,SCHTYP2,Private,318.409997558594,0,1
schtype,RED,8,2009,NT,MN:MN,SCHTYP2,Public,262.293617740823,0,1
schtype,RED,8,2009,NT,PC:P1,SCHTYP2,Public,217.576000976563,0,1
schtype,RED,8,2009,NT,PC:P2,SCHTYP2,Public,241.551998901367,0,1
schtype,RED,8,2009,NT,PC:P5,SCHTYP2,Public,264.90599975586,0,1
schtype,RED,8,2009,NT,PC:P7,SCHTYP2,Public,285.946002197266,0,1
schtype,RED,8,2009,NT,PC:P9,SCHTYP2,Public,303.677996826172,0,1
schtype,RED,8,2009,NT,MN:MN,SCHTYP2,Private,281.622448881176,0,1
schtype,RED,8,2009,NT,PC:P1,SCHTYP2,Private,245.710000610352,0,1
schtype,RED,8,2009,NT,PC:P2,SCHTYP2,Private,263.733996582031,0,1
schtype,RED,8,2009,NT,PC:P5,SCHTYP2,Private,282.671990966797,0,1
schtype,RED,8,2009,NT,PC:P7,SCHTYP2,Private,300.932000732422,0,1
schtype,RED,8,2009,NT,PC:P9,SCHTYP2,Private,317.023999023438,0,1
schtype,RED,8,2011,NT,MN:MN,SCHTYP2,Public,263.592526330789,0,1
schtype,RED,8,2011,NT,PC:P1,SCHTYP2,Public,219.102005004883,0,1
schtype,RED,8,2011,NT,PC:P2,SCHTYP2,Public,242.601998901367,0,1
schtype,RED,8,2011,NT,PC:P5,SCHTYP2,Public,265.614001464844,0,1
schtype,RED,8,2011,NT,PC:P7,SCHTYP2,Public,287.094000244141,0,1
schtype,RED,8,2011,NT,PC:P9,SCHTYP2,Public,305.377990722656,0,1
schtype,RED,8,2011,NT,MN:MN,SCHTYP2,Private,282.435346646092,0,1
schtype,RED,8,2011,NT,PC:P1,SCHTYP2,Private,243.811999511719,0,1
schtype,RED,8,2011,NT,PC:P2,SCHTYP2,Private,263.405999755859,0,1
schtype,RED,8,2011,NT,PC:P5,SCHTYP2,Private,283.709997558594,0,1
schtype,RED,8,2011,NT,PC:P7,SCHTYP2,Private,302.827996826172,0,1
schtype,RED,8,2011,NT,PC:P9,SCHTYP2,Private,319.730004882813,0,1
schtype,RED,8,2013,NT,MN:MN,SCHTYP2,Public,266.019136091493,0,1
schtype,RED,8,2013,NT,PC:P1,SCHTYP2,Public,221.700500488281,0,1
schtype,RED,8,2013,NT,PC:P2,SCHTYP2,Public,244.879499816894,0,1
schtype,RED,8,2013,NT,PC:P5,SCHTYP2,Public,267.934497070313,0,1
schtype,RED,8,2013,NT,PC:P7,SCHTYP2,Public,289.490002441406,0,1
schtype,RED,8,2013,NT,PC:P9,SCHTYP2,Public,307.993000793457,0,1
schtype,RED,8,2013,NT,MN:MN,SCHTYP2,Private,284.701989741818,0,1
schtype,RED,8,2013,NT,PC:P1,SCHTYP2,Private,244.568502044678,0,1
schtype,RED,8,2013,NT,PC:P2,SCHTYP2,Private,264.570498657227,0,1
schtype,RED,8,2013,NT,PC:P5,SCHTYP2,Private,286.205000305176,0,1
schtype,RED,8,2013,NT,PC:P7,SCHTYP2,Private,306.379000854492,0,1
schtype,RED,8,2013,NT,PC:P9,SCHTYP2,Private,323.564999389649,0,1
schtype,RED,8,2015,NT,MN:MN,SCHTYP2,Public,999,288,0
schtype,RED,8,2015,NT,PC:P1,SCHTYP2,Public,999,288,0
schtype,RED,8,2015,NT,PC:P2,SCHTYP2,Public,999,288,0
schtype,RED,8,2015,NT,PC:P5,SCHTYP2,Public,999,288,0
schtype,RED,8,2015,NT,PC:P7,SCHTYP2,Public,999,288,0
schtype,RED,8,2015,NT,PC:P9,SCHTYP2,Public,999,288,0
schtype,RED,8,2015,NT,MN:MN,SCHTYP2,Private,999,288,0
schtype,RED,8,2015,NT,PC:P1,SCHTYP2,Private,999,288,0
schtype,RED,8,2015,NT,PC:P2,SCHTYP2,Private,999,288,0
schtype,RED,8,2015,NT,PC:P5,SCHTYP2,Private,999,288,0
schtype,RED,8,2015,NT,PC:P7,SCHTYP2,Private,999,288,0
schtype,RED,8,2015,NT,PC:P9,SCHTYP2,Private,999,288,0
schtype,RED,8,2017,NT,MN:MN,SCHTYP2,Public,999,288,0
schtype,RED,8,2017,NT,PC:P1,SCHTYP2,Public,999,288,0
schtype,RED,8,2017,NT,PC:P2,SCHTYP2,Public,999,288,0
schtype,RED,8,2017,NT,PC:P5,SCHTYP2,Public,999,288,0
schtype,RED,8,2017,NT,PC:P7,SCHTYP2,Public,999,288,0
schtype,RED,8,2017,NT,PC:P9,SCHTYP2,Public,999,288,0
schtype,RED,8,2017,NT,MN:MN,SCHTYP2,Private,999,288,0
schtype,RED,8,2017,NT,PC:P1,SCHTYP2,Private,999,288,0
schtype,RED,8,2017,NT,PC:P2,SCHTYP2,Private,999,288,0
schtype,RED,8,2017,NT,PC:P5,SCHTYP2,Private,999,288,0
schtype,RED,8,2017,NT,PC:P7,SCHTYP2,Private,999,288,0
schtype,RED,8,2017,NT,PC:P9,SCHTYP2,Private,999,288,0
schtype,RED,8,2003,NT,MN:MN,SCHTYPE,Public,261.332615070265,0,1
schtype,RED,8,2003,NT,MN:MN,SCHTYPE,Other private,283.896817243497,0,1
schtype,RED,8,2003,NT,MN:MN,SCHTYPE,Catholic,281.237485791294,0,1
schtype,RED,8,2003,NT,MN:MN,SCHTYPE,Bureau of Indian Education,999,257,0
schtype,RED,8,2003,NT,MN:MN,SCHTYPE,Department of Defense,270.057423757301,0,1
schtype,RED,8,2005,NT,MN:MN,SCHTYPE,Public,260.404509701013,0,1
schtype,RED,8,2005,NT,MN:MN,SCHTYPE,Other private,999,272,0
schtype,RED,8,2005,NT,MN:MN,SCHTYPE,Catholic,279.985512134269,0,1
schtype,RED,8,2005,NT,MN:MN,SCHTYPE,Bureau of Indian Education,230.558967741772,0,1
schtype,RED,8,2005,NT,MN:MN,SCHTYPE,Department of Defense,270.508740857412,0,1
schtype,RED,8,2007,NT,MN:MN,SCHTYPE,Public,261.013950653666,0,1
schtype,RED,8,2007,NT,MN:MN,SCHTYPE,Other private,999,272,0
schtype,RED,8,2007,NT,MN:MN,SCHTYPE,Catholic,282.005060918685,0,1
schtype,RED,8,2007,NT,MN:MN,SCHTYPE,Bureau of Indian Education,228.175797709857,0,1
schtype,RED,8,2007,NT,MN:MN,SCHTYPE,Department of Defense,272.692552866005,0,1
schtype,RED,8,2009,NT,MN:MN,SCHTYPE,Public,262.293617740823,0,1
schtype,RED,8,2009,NT,MN:MN,SCHTYPE,Other private,999,272,0
schtype,RED,8,2009,NT,MN:MN,SCHTYPE,Catholic,281.101616695572,0,1
schtype,RED,8,2009,NT,MN:MN,SCHTYPE,Bureau of Indian Education,228.685739923026,0,1
schtype,RED,8,2009,NT,MN:MN,SCHTYPE,Department of Defense,272.459316348739,0,1
schtype,RED,8,2011,NT,MN:MN,SCHTYPE,Public,263.592526330789,0,1
schtype,RED,8,2011,NT,MN:MN,SCHTYPE,Other private,999,272,0
schtype,RED,8,2011,NT,MN:MN,SCHTYPE,Catholic,283.116046886087,0,1
schtype,RED,8,2011,NT,MN:MN,SCHTYPE,Bureau of Indian Education,234.096686882286,0,1
schtype,RED,8,2011,NT,MN:MN,SCHTYPE,Department of Defense,272.349959976913,0,1
schtype,RED,8,2013,NT,MN:MN,SCHTYPE,Public,266.019136091493,0,1
schtype,RED,8,2013,NT,MN:MN,SCHTYPE,Other private,999,272,0
schtype,RED,8,2013,NT,MN:MN,SCHTYPE,Catholic,286.183442114639,0,1
schtype,RED,8,2013,NT,MN:MN,SCHTYPE,Bureau of Indian Education,234.732349515099,0,1
schtype,RED,8,2013,NT,MN:MN,SCHTYPE,Department of Defense,276.994367424941,0,1
schtype,RED,8,2015,NT,MN:MN,SCHTYPE,Public,263.993973944585,0,1
schtype,RED,8,2015,NT,MN:MN,SCHTYPE,Other private,999,272,0
schtype,RED,8,2015,NT,MN:MN,SCHTYPE,Catholic,283.80383517988,0,1
schtype,RED,8,2015,NT,MN:MN,SCHTYPE,Bureau of Indian Education,235.539999199327,0,1
schtype,RED,8,2015,NT,MN:MN,SCHTYPE,Department of Defense,277.191363427262,0,1
schtype,RED,8,2017,NT,MN:MN,SCHTYPE,Public,265.329360096521,0,1
schtype,RED,8,2017,NT,MN:MN,SCHTYPE,Other private,999,272,0
schtype,RED,8,2017,NT,MN:MN,SCHTYPE,Catholic,283.437043381107,0,1
schtype,RED,8,2017,NT,MN:MN,SCHTYPE,Bureau of Indian Education,236.530453883543,0,1
schtype,RED,8,2017,NT,MN:MN,SCHTYPE,Department of Defense,280.499129965249,0,1
schtype,RED,8,2019,NT,MN:MN,SCHTYPE,Public,261.998327054824,0,1
schtype,RED,8,2019,NT,MN:MN,SCHTYPE,Other private,999,272,0
schtype,RED,8,2019,NT,MN:MN,SCHTYPE,Catholic,278.384308159987,0,1
schtype,RED,8,2019,NT,MN:MN,SCHTYPE,Bureau of Indian Education,233.159953625309,0,1
schtype,RED,8,2019,NT,MN:MN,SCHTYPE,Department of Defense,280.281475255167,0,1
schtype,RED,8,2022,NT,MN:MN,SCHTYPE,Public,259.107725192642,0,1
schtype,RED,8,2022,NT,MN:MN,SCHTYPE,Other private,999,272,0
schtype,RED,8,2022,NT,MN:MN,SCHTYPE,Catholic,279.489516424295,0,1
schtype,RED,8,2022,NT,MN:MN,SCHTYPE,Bureau of Indian Education,999,257,0
schtype,RED,8,2022,NT,MN:MN,SCHTYPE,Department of Defense,282.30992718223,0,1
schtype,RED,8,2024,NT,MN:MN,SCHTYPE,Public,256.662789624352,0,1
schtype,RED,8,2024,NT,MN:MN,SCHTYPE,Other private,999,272,0
schtype,RED,8,2024,NT,MN:MN,SCHTYPE,Catholic,276.992745595497,0,1
schtype,RED,8,2024,NT,MN:MN,SCHTYPE,Bureau of Indian Education,229.688957450747,0,1
schtype,RED,8,2024,NT,MN:MN,SCHTYPE,Department of Defense,282.121900159531,0,1
statepct,MAT,4,2003,AK,PC:P1,TOTAL,All students,195.083999633789,0,1
statepct,MAT,4,2003,AK,PC:P2,TOTAL,All students,213.820001220703,0,1
statepct,MAT,4,2003,AK,PC:P5,TOTAL,All students,234.229998779297,0,1
statepct,MAT,4,2003,AK,PC:P9,TOTAL,All students,269.157995605469,0,1
statepct,MAT,4,2003,AL,PC:P1,TOTAL,All students,186.346005249024,0,1
statepct,MAT,4,2003,AL,PC:P2,TOTAL,All students,205.154000854492,0,1
statepct,MAT,4,2003,AL,PC:P5,TOTAL,All students,224.660000610352,0,1
statepct,MAT,4,2003,AL,PC:P9,TOTAL,All students,259.194000244141,0,1
statepct,MAT,4,2003,AR,PC:P1,TOTAL,All students,189.114001464844,0,1
statepct,MAT,4,2003,AR,PC:P2,TOTAL,All students,210.005999755859,0,1
statepct,MAT,4,2003,AR,PC:P5,TOTAL,All students,231.225997924805,0,1
statepct,MAT,4,2003,AR,PC:P9,TOTAL,All students,265.238000488281,0,1
statepct,MAT,4,2003,AZ,PC:P1,TOTAL,All students,190.4,0,1
statepct,MAT,4,2003,AZ,PC:P2,TOTAL,All students,209.192004394532,0,1
statepct,MAT,4,2003,AZ,PC:P5,TOTAL,All students,230.449996948242,0,1
statepct,MAT,4,2003,AZ,PC:P9,TOTAL,All students,264.923999023438,0,1
statepct,MAT,4,2003,CA,PC:P1,TOTAL,All students,188.226000976562,0,1
statepct,MAT,4,2003,CA,PC:P2,TOTAL,All students,206.964001464844,0,1
statepct,MAT,4,2003,CA,PC:P5,TOTAL,All students,227.68200378418,0,1
statepct,MAT,4,2003,CA,PC:P9,TOTAL,All students,266.446002197266,0,1
statepct,MAT,4,2003,CO,PC:P1,TOTAL,All students,196.17200012207,0,1
statepct,MAT,4,2003,CO,PC:P2,TOTAL,All students,216.088000488281,0,1
statepct,MAT,4,2003,CO,PC:P5,TOTAL,All students,236.86799621582,0,1
statepct,MAT,4,2003,CO,PC:P9,TOTAL,All students,271.494000244141,0,1
statepct,MAT,4,2003,CT,PC:P1,TOTAL,All students,203.086001586914,0,1
statepct,MAT,4,2003,CT,PC:P2,TOTAL,All students,222.344000244141,0,1
statepct,MAT,4,2003,CT,PC:P5,TOTAL,All students,242.810000610352,0,1
statepct,MAT,4,2003,CT,PC:P9,TOTAL,All students,274.832000732422,0,1
statepct,MAT,4,2003,DC,PC:P1,TOTAL,All students,167.938000488281,0,1
statepct,MAT,4,2003,DC,PC:P2,TOTAL,All students,185.296002197266,0,1
statepct,MAT,4,2003,DC,PC:P5,TOTAL,All students,203.810000610352,0,1
statepct,MAT,4,2003,DC,PC:P9,TOTAL,All students,242.751998901367,0,1
statepct,MAT,4,2003,DE,PC:P1,TOTAL,All students,203.066000366211,0,1
statepct,MAT,4,2003,DE,PC:P2,TOTAL,All students,219.083999633789,0,1
statepct,MAT,4,2003,DE,PC:P5,TOTAL,All students,236.570004272461,0,1
statepct,MAT,4,2003,DE,PC:P9,TOTAL,All students,268.035998535156,0,1
statepct,MAT,4,2003,FL,PC:P1,TOTAL,All students,196.17799987793,0,1
statepct,MAT,4,2003,FL,PC:P2,TOTAL,All students,214.611999511719,0,1
statepct,MAT,4,2003,FL,PC:P5,TOTAL,All students,234.961999511719,0,1
statepct,MAT,4,2003,FL,PC:P9,TOTAL,All students,269.8,0,1
statepct,MAT,4,2003,GA,PC:P1,TOTAL,All students,191.859997558594,0,1
statepct,MAT,4,2003,GA,PC:P2,TOTAL,All students,210.910000610352,0,1
statepct,MAT,4,2003,GA,PC:P5,TOTAL,All students,231.225997924805,0,1
statepct,MAT,4,2003,GA,PC:P9,TOTAL,All students,266.923999023438,0,1
statepct,MAT,4,2003,HI,PC:P1,TOTAL,All students,189.260003662109,0,1
statepct,MAT,4,2003,HI,PC:P2,TOTAL,All students,207.868002319336,0,1
statepct,MAT,4,2003,HI,PC:P5,TOTAL,All students,227.760000610352,0,1
statepct,MAT,4,2003,HI,PC:P9,TOTAL,All students,262.540002441406,0,1
statepct,MAT,4,2003,ID,PC:P1,TOTAL,All students,200.273999023438,0,1
statepct,MAT,4,2003,ID,PC:P2,TOTAL,All students,218.497998046875,0,1
statepct,MAT,4,2003,ID,PC:P5,TOTAL,All students,236.744000244141,0,1
statepct,MAT,4,2003,ID,PC:P9,TOTAL,All students,267.113995361328,0,1
statepct,MAT,4,2005,AK,PC:P1,TOTAL,All students,197.114001464844,0,1
statepct,MAT,4,2005,AK,PC:P2,TOTAL,All students,216.139999389648,0,1
statepct,MAT,4,2005,AK,PC:P5,TOTAL,All students,237.289999389648,0,1
statepct,MAT,4,2005,AK,PC:P9,TOTAL,All students,271.470001220703,0,1
statepct,MAT,4,2005,AL,PC:P1,TOTAL,All students,186.551998901367,0,1
statepct,MAT,4,2005,AL,PC:P2,TOTAL,All students,206.075997924805,0,1
statepct,MAT,4,2005,AL,PC:P5,TOTAL,All students,226.661999511719,0,1
statepct,MAT,4,2005,AL,PC:P9,TOTAL,All students,261.033996582031,0,1
statepct,MAT,4,2005,AR,PC:P1,TOTAL,All students,197.213998413086,0,1
statepct,MAT,4,2005,AR,PC:P2,TOTAL,All students,216.894000244141,0,1
statepct,MAT,4,2005,AR,PC:P5,TOTAL,All students,237.307998657227,0,1
statepct,MAT,4,2005,AR,PC:P9,TOTAL,All students,271.358001708984,0,1
statepct,MAT,4,2005,AZ,PC:P1,TOTAL,All students,189.641998291016,0,1
statepct,MAT,4,2005,AZ,PC:P2,TOTAL,All students,209.443997192383,0,1
statepct,MAT,4,2005,AZ,PC:P5,TOTAL,All students,231.59400024414,0,1
statepct,MAT,4,2005,AZ,PC:P9,TOTAL,All students,267.520001220703,0,1
statepct,MAT,4,2005,CA,PC:P1,TOTAL,All students,189.932000732422,0,1
statepct,MAT,4,2005,CA,PC:P2,TOTAL,All students,209.873999023438,0,1
statepct,MAT,4,2005,CA,PC:P5,TOTAL,All students,231.801995849609,0,1
statepct,MAT,4,2005,CA,PC:P9,TOTAL,All students,268.679998779297,0,1
statepct,MAT,4,2005,CO,PC:P1,TOTAL,All students,200.323999023438,0,1
statepct,MAT,4,2005,CO,PC:P2,TOTAL,All students,219.882000732422,0,1
statepct,MAT,4,2005,CO,PC:P5,TOTAL,All students,240.970001220703,0,1
statepct,MAT,4,2005,CO,PC:P9,TOTAL,All students,275.490002441406,0,1
statepct,MAT,4,2005,CT,PC:P1,TOTAL,All students,205.073999023437,0,1
statepct,MAT,4,2005,CT,PC:P2,TOTAL,All students,224.224002075195,0,1
statepct,MAT,4,2005,CT,PC:P5,TOTAL,All students,243.783999633789,0,1
statepct,MAT,4,2005,CT,PC:P9,TOTAL,All students,276.823999023437,0,1
statepct,MAT,4,2005,DC,PC:P1,TOTAL,All students,175.019998168945,0,1
statepct,MAT,4,2005,DC,PC:P2,TOTAL,All students,191.666000366211,0,1
statepct,MAT,4,2005,DC,PC:P5,TOTAL,All students,209.974002075195,0,1
statepct,MAT,4,2005,DC,PC:P9,TOTAL,All students,248.095999145508,0,1
statepct,MAT,4,2005,DE,PC:P1,TOTAL,All students,206.816000366211,0,1
statepct,MAT,4,2005,DE,PC:P2,TOTAL,All students,222.694003295899,0,1
statepct,MAT,4,2005,DE,PC:P5,TOTAL,All students,240.198004150391,0,1
statepct,MAT,4,2005,DE,PC:P9,TOTAL,All students,272.052001953125,0,1
statepct,MAT,4,2005,FL,PC:P1,TOTAL,All students,203.529995727539,0,1
statepct,MAT,4,2005,FL,PC:P2,TOTAL,All students,220.805999755859,0,1
statepct,MAT,4,2005,FL,PC:P5,TOTAL,All students,239.643997192383,0,1
statepct,MAT,4,2005,FL,PC:P9,TOTAL,All students,273.589996337891,0,1
statepct,MAT,4,2005,GA,PC:P1,TOTAL,All students,196.451998901367,0,1
statepct,MAT,4,2005,GA,PC:P2,TOTAL,All students,214.892001342773,0,1
statepct,MAT,4,2005,GA,PC:P5,TOTAL,All students,234.998001098633,0,1
statepct,MAT,4,2005,GA,PC:P9,TOTAL,All students,268.717999267578,0,1
statepct,MAT,4,2005,HI,PC:P1,TOTAL,All students,192.107998657227,0,1
statepct,MAT,4,2005,HI,PC:P2,TOTAL,All students,211.77799987793,0,1
statepct,MAT,4,2005,HI,PC:P5,TOTAL,All students,232.388000488281,0,1
statepct,MAT,4,2005,HI,PC:P9,TOTAL,All students,265.652001953125,0,1
statepct,MAT,4,2005,ID,PC:P1,TOTAL,All students,208.305999755859,0,1
statepct,MAT,4,2005,ID,PC:P2,TOTAL,All students,225.741998291016,0,1
statepct,MAT,4,2005,ID,PC:P5,TOTAL,All students,243.207998657227,0,1
statepct,MAT,4,2005,ID,PC:P9,TOTAL,All students,272.912005615234,0,1
statepct,MAT,4,2007,AK,PC:P1,TOTAL,All students,195.392001342774,0,1
statepct,MAT,4,2007,AK,PC:P2,TOTAL,All students,218.285998535156,0,1
statepct,MAT,4,2007,AK,PC:P5,TOTAL,All students,239.966000366211,0,1
statepct,MAT,4,2007,AK,PC:P9,TOTAL,All students,274.632000732422,0,1
statepct,MAT,4,2007,AL,PC:P1,TOTAL,All students,188.810000610352,0,1
statepct,MAT,4,2007,AL,PC:P2,TOTAL,All students,209.270001220703,0,1
statepct,MAT,4,2007,AL,PC:P5,TOTAL,All students,230.507995605469,0,1
statepct,MAT,4,2007,AL,PC:P9,TOTAL,All students,265.302001953125,0,1
statepct,MAT,4,2007,AR,PC:P1,TOTAL,All students,199.742001342774,0,1
statepct,MAT,4,2007,AR,PC:P2,TOTAL,All students,220.380001831055,0,1
statepct,MAT,4,2007,AR,PC:P5,TOTAL,All students,239.749996948242,0,1
statepct,MAT,4,2007,AR,PC:P9,TOTAL,All students,271.940002441406,0,1
statepct,MAT,4,2007,AZ,PC:P1,TOTAL,All students,191.355999755859,0,1
statepct,MAT,4,2007,AZ,PC:P2,TOTAL,All students,212.610000610352,0,1
statepct,MAT,4,2007,AZ,PC:P5,TOTAL,All students,233.912002563477,0,1
statepct,MAT,4,2007,AZ,PC:P9,TOTAL,All students,269.278002929687,0,1
statepct,MAT,4,2007,CA,PC:P1,TOTAL,All students,186.80599975586,0,1
statepct,MAT,4,2007,CA,PC:P2,TOTAL,All students,208.470001220703,0,1
statepct,MAT,4,2007,CA,PC:P5,TOTAL,All students,231.683999633789,0,1
statepct,MAT,4,2007,CA,PC:P9,TOTAL,All students,270.753997802735,0,1
statepct,MAT,4,2007,CO,PC:P1,TOTAL,All students,201.135998535156,0,1
statepct,MAT,4,2007,CO,PC:P2,TOTAL,All students,221.680001831055,0,1
statepct,MAT,4,2007,CO,PC:P5,TOTAL,All students,242.844000244141,0,1
statepct,MAT,4,2007,CO,PC:P9,TOTAL,All students,275.739996337891,0,1
statepct,MAT,4,2007,CT,PC:P1,TOTAL,All students,202.951998901367,0,1
statepct,MAT,4,2007,CT,PC:P2,TOTAL,All students,224.97200012207,0,1
statepct,MAT,4,2007,CT,PC:P5,TOTAL,All students,245.339999389649,0,1
statepct,MAT,4,2007,CT,PC:P9,TOTAL,All students,278.076000976563,0,1
statepct,MAT,4,2007,DC,PC:P1,TOTAL,All students,172.248001098633,0,1
statepct,MAT,4,2007,DC,PC:P2,TOTAL,All students,192.238003540039,0,1
statepct,MAT,4,2007,DC,PC:P5,TOTAL,All students,213.370001220703,0,1
statepct,MAT,4,2007,DC,PC:P9,TOTAL,All students,255.684002685547,0,1
statepct,MAT,4,2007,DE,PC:P1,TOTAL,All students,209.562002563477,0,1
statepct,MAT,4,2007,DE,PC:P2,TOTAL,All students,225.823999023438,0,1
statepct,MAT,4,2007,DE,PC:P5,TOTAL,All students,242.686004638672,0,1
statepct,MAT,4,2007,DE,PC:P9,TOTAL,All students,272.711999511719,0,1
statepct,MAT,4,2007,FL,PC:P1,TOTAL,All students,208.67399597168,0,1
statepct,MAT,4,2007,FL,PC:P2,TOTAL,All students,225.367999267578,0,1
statepct,MAT,4,2007,FL,PC:P5,TOTAL,All students,242.780001831055,0,1
statepct,MAT,4,2007,FL,PC:P9,TOTAL,All students,274.647998046875,0,1
statepct,MAT,4,2007,GA,PC:P1,TOTAL,All students,200.516000366211,0,1
statepct,MAT,4,2007,GA,PC:P2,TOTAL,All students,217.176000976562,0,1
statepct,MAT,4,2007,GA,PC:P5,TOTAL,All students,235.633999633789,0,1
statepct,MAT,4,2007,GA,PC:P9,TOTAL,All students,270.078002929688,0,1
statepct,MAT,4,2007,HI,PC:P1,TOTAL,All students,193.961999511719,0,1
statepct,MAT,4,2007,HI,PC:P2,TOTAL,All students,216.098001098633,0,1
statepct,MAT,4,2007,HI,PC:P5,TOTAL,All students,237.037997436523,0,1
statepct,MAT,4,2007,HI,PC:P9,TOTAL,All students,271.446002197266,0,1
statepct,MAT,4,2007,ID,PC:P1,TOTAL,All students,205.401998901367,0,1
statepct,MAT,4,2007,ID,PC:P2,TOTAL,All students,224.226000976562,0,1
statepct,MAT,4,2007,ID,PC:P5,TOTAL,All students,242.57200012207,0,1
statepct,MAT,4,2007,ID,PC:P9,TOTAL,All students,274.15,0,1
statepct,MAT,4,2009,AK,PC:P1,TOTAL,All students,195.291998291016,0,1
statepct,MAT,4,2009,AK,PC:P2,TOTAL,All students,218.251998901367,0,1
statepct,MAT,4,2009,AK,PC:P5,TOTAL,All students,240.125997924805,0,1
statepct,MAT,4,2009,AK,PC:P9,TOTAL,All students,274.791998291016,0,1
statepct,MAT,4,2009,AL,PC:P1,TOTAL,All students,189.347998046875,0,1
statepct,MAT,4,2009,AL,PC:P2,TOTAL,All students,209.551998901367,0,1
statepct,MAT,4,2009,AL,PC:P5,TOTAL,All students,229.876000976562,0,1
statepct,MAT,4,2009,AL,PC:P9,TOTAL,All students,264.116003417969,0,1
statepct,MAT,4,2009,AR,PC:P1,TOTAL,All students,199.35,0,1
statepct,MAT,4,2009,AR,PC:P2,TOTAL,All students,219.288000488281,0,1
statepct,MAT,4,2009,AR,PC:P5,TOTAL,All students,239.486001586914,0,1
statepct,MAT,4,2009,AR,PC:P9,TOTAL,All students,273.361999511719,0,1
statepct,MAT,4,2009,AZ,PC:P1,TOTAL,All students,189.183999633789,0,1
statepct,MAT,4,2009,AZ,PC:P2,TOTAL,All students,209.72600402832,0,1
statepct,MAT,4,2009,AZ,PC:P5,TOTAL,All students,231.285998535156,0,1
statepct,MAT,4,2009,AZ,PC:P9,TOTAL,All students,268.539996337891,0,1
statepct,MAT,4,2009,CA,PC:P1,TOTAL,All students,189.641998291015,0,1
statepct,MAT,4,2009,CA,PC:P2,TOTAL,All students,210.658001708984,0,1
statepct,MAT,4,2009,CA,PC:P5,TOTAL,All students,232.716000366211,0,1
statepct,MAT,4,2009,CA,PC:P9,TOTAL,All students,271.936004638672,0,1
statepct,MAT,4,2009,CO,PC:P1,TOTAL,All students,203.358001708984,0,1
statepct,MAT,4,2009,CO,PC:P2,TOTAL,All students,224.067999267578,0,1
statepct,MAT,4,2009,CO,PC:P5,TOTAL,All students,245.614001464844,0,1
statepct,MAT,4,2009,CO,PC:P9,TOTAL,All students,278.932006835937,0,1
statepct,MAT,4,2009,CT,PC:P1,TOTAL,All students,207.334002685547,0,1
statepct,MAT,4,2009,CT,PC:P2,TOTAL,All students,226.109997558594,0,1
statepct,MAT,4,2009,CT,PC:P5,TOTAL,All students,246.283996582031,0,1
statepct,MAT,4,2009,CT,PC:P9,TOTAL,All students,279.672003173828,0,1
statepct,MAT,4,2009,DC,PC:P1,TOTAL,All students,178.320001220703,0,1
statepct,MAT,4,2009,DC,PC:P2,TOTAL,All students,197.742001342773,0,1
statepct,MAT,4,2009,DC,PC:P5,TOTAL,All students,218.642004394532,0,1
statepct,MAT,4,2009,DC,PC:P9,TOTAL,All students,261.066003417969,0,1
statepct,MAT,4,2009,DE,PC:P1,TOTAL,All students,205.610000610352,0,1
statepct,MAT,4,2009,DE,PC:P2,TOTAL,All students,222.18200378418,0,1
statepct,MAT,4,2009,DE,PC:P5,TOTAL,All students,239.751998901367,0,1
statepct,MAT,4,2009,DE,PC:P9,TOTAL,All students,272.909997558594,0,1
statepct,MAT,4,2009,FL,PC:P1,TOTAL,All students,208.847998046875,0,1
statepct,MAT,4,2009,FL,PC:P2,TOTAL,All students,224.810000610351,0,1
statepct,MAT,4,2009,FL,PC:P5,TOTAL,All students,242.552001953125,0,1
statepct,MAT,4,2009,FL,PC:P9,TOTAL,All students,274.511999511719,0,1
statepct,MAT,4,2009,GA,PC:P1,TOTAL,All students,198.898001098633,0,1
statepct,MAT,4,2009,GA,PC:P2,TOTAL,All students,217.230001831055,0,1
statepct,MAT,4,2009,GA,PC:P5,TOTAL,All students,237.235995483398,0,1
statepct,MAT,4,2009,GA,PC:P9,TOTAL,All students,272.00400390625,0,1
statepct,MAT,4,2009,HI,PC:P1,TOTAL,All students,191.855999755859,0,1
statepct,MAT,4,2009,HI,PC:P2,TOTAL,All students,217.044003295899,0,1
statepct,MAT,4,2009,HI,PC:P5,TOTAL,All students,239.169998168945,0,1
statepct,MAT,4,2009,HI,PC:P9,TOTAL,All students,273.828002929688,0,1
statepct,MAT,4,2009,ID,PC:P1,TOTAL,All students,206.467999267578,0,1
statepct,MAT,4,2009,ID,PC:P2,TOTAL,All students,224.239999389649,0,1
statepct,MAT,4,2009,ID,PC:P5,TOTAL,All students,242.564001464844,0,1
statepct,MAT,4,2009,ID,PC:P9,TOTAL,All students,273.079998779297,0,1
statepct,MAT,4,2011,AK,PC:P1,TOTAL,All students,194.653997802735,0,1
statepct,MAT,4,2011,AK,PC:P2,TOTAL,All students,217.12799987793,0,1
statepct,MAT,4,2011,AK,PC:P5,TOTAL,All students,238.918002319336,0,1
statepct,MAT,4,2011,AK,PC:P9,TOTAL,All students,274.276000976563,0,1
statepct,MAT,4,2011,AL,PC:P1,TOTAL,All students,195.323999023438,0,1
statepct,MAT,4,2011,AL,PC:P2,TOTAL,All students,213.591998291016,0,1
statepct,MAT,4,2011,AL,PC:P5,TOTAL,All students,232.488003540039,0,1
statepct,MAT,4,2011,AL,PC:P9,TOTAL,All students,266.15199584961,0,1
statepct,MAT,4,2011,AR,PC:P1,TOTAL,All students,199.723999023437,0,1
statepct,MAT,4,2011,AR,PC:P2,TOTAL,All students,219.67799987793,0,1
statepct,MAT,4,2011,AR,PC:P5,TOTAL,All students,239.944000244141,0,1
statepct,MAT,4,2011,AR,PC:P9,TOTAL,All students,272.541998291016,0,1
statepct,MAT,4,2011,AZ,PC:P1,TOTAL,All students,195.91799621582,0,1
statepct,MAT,4,2011,AZ,PC:P2,TOTAL,All students,216.463998413086,0,1
statepct,MAT,4,2011,AZ,PC:P5,TOTAL,All students,237.007998657227,0,1
statepct,MAT,4,2011,AZ,PC:P9,TOTAL,All students,271.771997070313,0,1
statepct,MAT,4,2011,CA,PC:P1,TOTAL,All students,191.594000244141,0,1
statepct,MAT,4,2011,CA,PC:P2,TOTAL,All students,212.712002563477,0,1
statepct,MAT,4,2011,CA,PC:P5,TOTAL,All students,235.362002563477,0,1
statepct,MAT,4,2011,CA,PC:P9,TOTAL,All students,274.608001708984,0,1
statepct,MAT,4,2011,CO,PC:P1,TOTAL,All students,204.761999511719,0,1
statepct,MAT,4,2011,CO,PC:P2,TOTAL,All students,225.10199584961,0,1
statepct,MAT,4,2011,CO,PC:P5,TOTAL,All students,246.644000244141,0,1
statepct,MAT,4,2011,CO,PC:P9,TOTAL,All students,281.508001708984,0,1
statepct,MAT,4,2011,CT,PC:P1,TOTAL,All students,200.651995849609,0,1
statepct,MAT,4,2011,CT,PC:P2,TOTAL,All students,222.670001220703,0,1
statepct,MAT,4,2011,CT,PC:P5,TOTAL,All students,245.574002075195,0,1
statepct,MAT,4,2011,CT,PC:P9,TOTAL,All students,279.379998779297,0,1
statepct,MAT,4,2011,DC,PC:P1,TOTAL,All students,176.042001342774,0,1
statepct,MAT,4,2011,DC,PC:P2,TOTAL,All students,198.585998535156,0,1
statepct,MAT,4,2011,DC,PC:P5,TOTAL,All students,222.313998413086,0,1
statepct,MAT,4,2011,DC,PC:P9,TOTAL,All students,266.535998535156,0,1
statepct,MAT,4,2011,DE,PC:P1,TOTAL,All students,204.887997436523,0,1
statepct,MAT,4,2011,DE,PC:P2,TOTAL,All students,223.37200012207,0,1
statepct,MAT,4,2011,DE,PC:P5,TOTAL,All students,241.401998901367,0,1
statepct,MAT,4,2011,DE,PC:P9,TOTAL,All students,273.418005371094,0,1
statepct,MAT,4,2011,FL,PC:P1,TOTAL,All students,205.379998779297,0,1
statepct,MAT,4,2011,FL,PC:P2,TOTAL,All students,222.267999267578,0,1
statepct,MAT,4,2011,FL,PC:P5,TOTAL,All students,240.652001953125,0,1
statepct,MAT,4,2011,FL,PC:P9,TOTAL,All students,273.857995605469,0,1
statepct,MAT,4,2011,GA,PC:P1,TOTAL,All students,200.252001953125,0,1
statepct,MAT,4,2011,GA,PC:P2,TOTAL,All students,218.894000244141,0,1
statepct,MAT,4,2011,GA,PC:P5,TOTAL,All students,238.946002197266,0,1
statepct,MAT,4,2011,GA,PC:P9,TOTAL,All students,275.708001708984,0,1
statepct,MAT,4,2011,HI,PC:P1,TOTAL,All students,197.588000488282,0,1
statepct,MAT,4,2011,HI,PC:P2,TOTAL,All students,220.403997802734,0,1
statepct,MAT,4,2011,HI,PC:P5,TOTAL,All students,241.357998657227,0,1
statepct,MAT,4,2011,HI,PC:P9,TOTAL,All students,276.405993652344,0,1
statepct,MAT,4,2011,ID,PC:P1,TOTAL,All students,203.745999145508,0,1
statepct,MAT,4,2011,ID,PC:P2,TOTAL,All students,222.474002075196,0,1
statepct,MAT,4,2011,ID,PC:P5,TOTAL,All students,241.829998779297,0,1
statepct,MAT,4,2011,ID,PC:P9,TOTAL,All students,274.167999267578,0,1
statepct,MAT,4,2013,AK,PC:P1,TOTAL,All students,193.190000152588,0,1
statepct,MAT,4,2013,AK,PC:P2,TOTAL,All students,215.675000762939,0,1
statepct,MAT,4,2013,AK,PC:P5,TOTAL,All students,238.613001251221,0,1
statepct,MAT,4,2013,AK,PC:P9,TOTAL,All students,275.385502624512,0,1
statepct,MAT,4,2013,AL,PC:P1,TOTAL,All students,195.780497741699,0,1
statepct,MAT,4,2013,AL,PC:P2,TOTAL,All students,214.035999298096,0,1
statepct,MAT,4,2013,AL,PC:P5,TOTAL,All students,233.880999755859,0,1
statepct,MAT,4,2013,AL,PC:P9,TOTAL,All students,268.288499450684,0,1
statepct,MAT,4,2013,AR,PC:P1,TOTAL,All students,203.75299987793,0,1
statepct,MAT,4,2013,AR,PC:P2,TOTAL,All students,222.221501159668,0,1
statepct,MAT,4,2013,AR,PC:P5,TOTAL,All students,241.637998962402,0,1
statepct,MAT,4,2013,AR,PC:P9,TOTAL,All students,274.098001098633,0,1
statepct,MAT,4,2013,AZ,PC:P1,TOTAL,All students,202.015501403809,0,1
statepct,MAT,4,2013,AZ,PC:P2,TOTAL,All students,221.577501678467,0,1
statepct,MAT,4,2013,AZ,PC:P5,TOTAL,All students,241.682501220703,0,1
statepct,MAT,4,2013,AZ,PC:P9,TOTAL,All students,277.203503417969,0,1
statepct,MAT,4,2013,CA,PC:P1,TOTAL,All students,193.177001190186,0,1
statepct,MAT,4,2013,CA,PC:P2,TOTAL,All students,212.70299987793,0,1
statepct,MAT,4,2013,CA,PC:P5,TOTAL,All students,234.849000549316,0,1
statepct,MAT,4,2013,CA,PC:P9,TOTAL,All students,273.051502990723,0,1
statepct,MAT,4,2013,CO,PC:P1,TOTAL,All students,209.154999542236,0,1
statepct,MAT,4,2013,CO,PC:P2,TOTAL,All students,228.327001190186,0,1
statepct,MAT,4,2013,CO,PC:P5,TOTAL,All students,248.952001190186,0,1
statepct,MAT,4,2013,CO,PC:P9,TOTAL,All students,282.843502807617,0,1
statepct,MAT,4,2013,CT,PC:P1,TOTAL,All students,203.252500915527,0,1
statepct,MAT,4,2013,CT,PC:P2,TOTAL,All students,224.367499542236,0,1
statepct,MAT,4,2013,CT,PC:P5,TOTAL,All students,245.486500549317,0,1
statepct,MAT,4,2013,CT,PC:P9,TOTAL,All students,280.027496337891,0,1
statepct,MAT,4,2013,DC,PC:P1,TOTAL,All students,183.842001342773,0,1
statepct,MAT,4,2013,DC,PC:P2,TOTAL,All students,205.401499938965,0,1
statepct,MAT,4,2013,DC,PC:P5,TOTAL,All students,228.506000518799,0,1
statepct,MAT,4,2013,DC,PC:P9,TOTAL,All students,273.440000915528,0,1
statepct,MAT,4,2013,DE,PC:P1,TOTAL,All students,207.549999237061,0,1
statepct,MAT,4,2013,DE,PC:P2,TOTAL,All students,225.418500518799,0,1
statepct,MAT,4,2013,DE,PC:P5,TOTAL,All students,243.777500152588,0,1
statepct,MAT,4,2013,DE,PC:P9,TOTAL,All students,277.580998229981,0,1
statepct,MAT,4,2013,FL,PC:P1,TOTAL,All students,205.925499725342,0,1
statepct,MAT,4,2013,FL,PC:P2,TOTAL,All students,223.854499053955,0,1
statepct,MAT,4,2013,FL,PC:P5,TOTAL,All students,242.675998687744,0,1
statepct,MAT,4,2013,FL,PC:P9,TOTAL,All students,276.11600189209,0,1
statepct,MAT,4,2013,GA,PC:P1,TOTAL,All students,201.978500366211,0,1
statepct,MAT,4,2013,GA,PC:P2,TOTAL,All students,220.112001800537,0,1
statepct,MAT,4,2013,GA,PC:P5,TOTAL,All students,240.94400100708,0,1
statepct,MAT,4,2013,GA,PC:P9,TOTAL,All students,277.196002197266,0,1
statepct,MAT,4,2013,HI,PC:P1,TOTAL,All students,202.146000671387,0,1
statepct,MAT,4,2013,HI,PC:P2,TOTAL,All students,224.024998474121,0,1
statepct,MAT,4,2013,HI,PC:P5,TOTAL,All students,245.918999481201,0,1
statepct,MAT,4,2013,HI,PC:P9,TOTAL,All students,280.274003601074,0,1
statepct,MAT,4,2013,ID,PC:P1,TOTAL,All students,203.820000457764,0,1
statepct,MAT,4,2013,ID,PC:P2,TOTAL,All students,222.512998962402,0,1
statepct,MAT,4,2013,ID,PC:P5,TOTAL,All students,241.819999694824,0,1
statepct,MAT,4,2013,ID,PC:P9,TOTAL,All students,276.017997741699,0,1
statepct,MAT,4,2015,AK,PC:P1,TOTAL,All students,196.029000854492,0,1
statepct,MAT,4,2015,AK,PC:P2,TOTAL,All students,216.859999847412,0,1
statepct,MAT,4,2015,AK,PC:P5,TOTAL,All students,237.775499725342,0,1
statepct,MAT,4,2015,AK,PC:P9,TOTAL,All students,274.050498962402,0,1
statepct,MAT,4,2015,AL,PC:P1,TOTAL,All students,195.720500946045,0,1
statepct,MAT,4,2015,AL,PC:P2,TOTAL,All students,213.626501464844,0,1
statepct,MAT,4,2015,AL,PC:P5,TOTAL,All students,231.836000061035,0,1
statepct,MAT,4,2015,AL,PC:P9,TOTAL,All students,265.002500915527,0,1
statepct,MAT,4,2015,AR,PC:P1,TOTAL,All students,199.046500396729,0,1
statepct,MAT,4,2015,AR,PC:P2,TOTAL,All students,217.501501464844,0,1
statepct,MAT,4,2015,AR,PC:P5,TOTAL,All students,236.647500610352,0,1
statepct,MAT,4,2015,AR,PC:P9,TOTAL,All students,269.523498535156,0,1
statepct,MAT,4,2015,AZ,PC:P1,TOTAL,All students,197.863000488281,0,1
statepct,MAT,4,2015,AZ,PC:P2,TOTAL,All students,217.95000076294,0,1
statepct,MAT,4,2015,AZ,PC:P5,TOTAL,All students,239.593500518799,0,1
statepct,MAT,4,2015,AZ,PC:P9,TOTAL,All students,274.656999206543,0,1
statepct,MAT,4,2015,CA,PC:P1,TOTAL,All students,191.731001281738,0,1
statepct,MAT,4,2015,CA,PC:P2,TOTAL,All students,211.480001068115,0,1
statepct,MAT,4,2015,CA,PC:P5,TOTAL,All students,232.81249923706,0,1
statepct,MAT,4,2015,CA,PC:P9,TOTAL,All students,269.900001525879,0,1
statepct,MAT,4,2015,CO,PC:P1,TOTAL,All students,201.018499755859,0,1
statepct,MAT,4,2015,CO,PC:P2,TOTAL,All students,221.917002105713,0,1
statepct,MAT,4,2015,CO,PC:P5,TOTAL,All students,243.283000946045,0,1
statepct,MAT,4,2015,CO,PC:P9,TOTAL,All students,279.414497375488,0,1
statepct,MAT,4,2015,CT,PC:P1,TOTAL,All students,200.166500854492,0,1
statepct,MAT,4,2015,CT,PC:P2,TOTAL,All students,219.989499664307,0,1
statepct,MAT,4,2015,CT,PC:P5,TOTAL,All students,242.011999511719,0,1
statepct,MAT,4,2015,CT,PC:P9,TOTAL,All students,277.187997436524,0,1
statepct,MAT,4,2015,DC,PC:P1,TOTAL,All students,187.138999176025,0,1
statepct,MAT,4,2015,DC,PC:P2,TOTAL,All students,208.298999786377,0,1
statepct,MAT,4,2015,DC,PC:P5,TOTAL,All students,231.598999023438,0,1
statepct,MAT,4,2015,DC,PC:P9,TOTAL,All students,275.591998291016,0,1
statepct,MAT,4,2015,DE,PC:P1,TOTAL,All students,202.296501159668,0,1
statepct,MAT,4,2015,DE,PC:P2,TOTAL,All students,220.985500335694,0,1
statepct,MAT,4,2015,DE,PC:P5,TOTAL,All students,239.941999816895,0,1
statepct,MAT,4,2015,DE,PC:P9,TOTAL,All students,273.486500549316,0,1
statepct,MAT,4,2015,FL,PC:P1,TOTAL,All students,206.539999389648,0,1
statepct,MAT,4,2015,FL,PC:P2,TOTAL,All students,225.024000549316,0,1
statepct,MAT,4,2015,FL,PC:P5,TOTAL,All students,243.638000488281,0,1
statepct,MAT,4,2015,FL,PC:P9,TOTAL,All students,277.16300201416,0,1
statepct,MAT,4,2015,GA,PC:P1,TOTAL,All students,198.622999572754,0,1
statepct,MAT,4,2015,GA,PC:P2,TOTAL,All students,216.627500152588,0,1
statepct,MAT,4,2015,GA,PC:P5,TOTAL,All students,237.441500091553,0,1
statepct,MAT,4,2015,GA,PC:P9,TOTAL,All students,272.711999511719,0,1
statepct,MAT,4,2015,HI,PC:P1,TOTAL,All students,197.064498901367,0,1
statepct,MAT,4,2015,HI,PC:P2,TOTAL,All students,218.13099899292,0,1
statepct,MAT,4,2015,HI,PC:P5,TOTAL,All students,239.648999786377,0,1
statepct,MAT,4,2015,HI,PC:P9,TOTAL,All students,276.420503234863,0,1
statepct,MAT,4,2015,ID,PC:P1,TOTAL,All students,200.292500305176,0,1
statepct,MAT,4,2015,ID,PC:P2,TOTAL,All students,219.39349899292,0,1
statepct,MAT,4,2015,ID,PC:P5,TOTAL,All students,240.033500671387,0,1
statepct,MAT,4,2015,ID,PC:P9,TOTAL,All students,274.871501159668,0,1
statepct,MAT,4,2017,AK,PC:P1,TOTAL,All students,183.113498687744,0,1
statepct,MAT,4,2017,AK,PC:P2,TOTAL,All students,209.132499694824,0,1
statepct,MAT,4,2017,AK,PC:P5,TOTAL,All students,233.508499908447,0,1
statepct,MAT,4,2017,AK,PC:P9,TOTAL,All students,272.649000549317,0,1
statepct,MAT,4,2017,AL,PC:P1,TOTAL,All students,192.122999572754,0,1
statepct,MAT,4,2017,AL,PC:P2,TOTAL,All students,212.318497467041,0,1
statepct,MAT,4,2017,AL,PC:P5,TOTAL,All students,233.992500305176,0,1
statepct,MAT,4,2017,AL,PC:P9,TOTAL,All students,269.386999511719,0,1
statepct,MAT,4,2017,AR,PC:P1,TOTAL,All students,192.908001708984,0,1
statepct,MAT,4,2017,AR,PC:P2,TOTAL,All students,213.988500213623,0,1
statepct,MAT,4,2017,AR,PC:P5,TOTAL,All students,235.518499755859,0,1
statepct,MAT,4,2017,AR,PC:P9,TOTAL,All students,272.180502319336,0,1
statepct,MAT,4,2017,AZ,PC:P1,TOTAL,All students,191.49049911499,0,1
statepct,MAT,4,2017,AZ,PC:P2,TOTAL,All students,212.250498962402,0,1
statepct,MAT,4,2017,AZ,PC:P5,TOTAL,All students,235.027502441406,0,1
statepct,MAT,4,2017,AZ,PC:P9,TOTAL,All students,275.956500244141,0,1
statepct,MAT,4,2017,CA,PC:P1,TOTAL,All students,189.204998016357,0,1
statepct,MAT,4,2017,CA,PC:P2,TOTAL,All students,209.736001586914,0,1
statepct,MAT,4,2017,CA,PC:P5,TOTAL,All students,233.119500732422,0,1
statepct,MAT,4,2017,CA,PC:P9,TOTAL,All students,273.97699584961,0,1
statepct,MAT,4,2017,CO,PC:P1,TOTAL,All students,197.759999847412,0,1
statepct,MAT,4,2017,CO,PC:P2,TOTAL,All students,220.016500854492,0,1
statepct,MAT,4,2017,CO,PC:P5,TOTAL,All students,242.85950088501,0,1
statepct,MAT,4,2017,CO,PC:P9,TOTAL,All students,279.918998718262,0,1
statepct,MAT,4,2017,CT,PC:P1,TOTAL,All students,197.798001098633,0,1
statepct,MAT,4,2017,CT,PC:P2,TOTAL,All students,219.000500488281,0,1
statepct,MAT,4,2017,CT,PC:P5,TOTAL,All students,240.97799911499,0,1
statepct,MAT,4,2017,CT,PC:P9,TOTAL,All students,277.994000244141,0,1
statepct,MAT,4,2017,DC,PC:P1,TOTAL,All students,184.801999664307,0,1
statepct,MAT,4,2017,DC,PC:P2,TOTAL,All students,207.162999725342,0,1
statepct,MAT,4,2017,DC,PC:P5,TOTAL,All students,231.84700012207,0,1
statepct,MAT,4,2017,DC,PC:P9,TOTAL,All students,276.5,0,1
statepct,MAT,4,2017,DE,PC:P1,TOTAL,All students,193.750499725342,0,1
statepct,MAT,4,2017,DE,PC:P2,TOTAL,All students,215.817001342773,0,1
statepct,MAT,4,2017,DE,PC:P5,TOTAL,All students,237.811999511719,0,1
statepct,MAT,4,2017,DE,PC:P9,TOTAL,All students,276.191500854492,0,1
statepct,MAT,4,2017,FL,PC:P1,TOTAL,All students,210.970499420166,0,1
statepct,MAT,4,2017,FL,PC:P2,TOTAL,All students,228.330001068115,0,1
statepct,MAT,4,2017,FL,PC:P5,TOTAL,All students,247.284501647949,0,1
statepct,MAT,4,2017,FL,PC:P9,TOTAL,All students,280.884497070313,0,1
statepct,MAT,4,2017,GA,PC:P1,TOTAL,All students,195.780501556397,0,1
statepct,MAT,4,2017,GA,PC:P2,TOTAL,All students,215.658500671387,0,1
statepct,MAT,4,2017,GA,PC:P5,TOTAL,All students,237.449000549316,0,1
statepct,MAT,4,2017,GA,PC:P9,TOTAL,All students,275.373501586914,0,1
statepct,MAT,4,2017,HI,PC:P1,TOTAL,All students,197.007498931885,0,1
statepct,MAT,4,2017,HI,PC:P2,TOTAL,All students,217.927499389648,0,1
statepct,MAT,4,2017,HI,PC:P5,TOTAL,All students,239.938502502442,0,1
statepct,MAT,4,2017,HI,PC:P9,TOTAL,All students,275.816999816895,0,1
statepct,MAT,4,2017,ID,PC:P1,TOTAL,All students,200.816498565674,0,1
statepct,MAT,4,2017,ID,PC:P2,TOTAL,All students,220.747998809815,0,1
statepct,MAT,4,2017,ID,PC:P5,TOTAL,All students,241.873999023438,0,1
statepct,MAT,4,2017,ID,PC:P9,TOTAL,All students,276.411499023438,0,1
statepct,MAT,4,2019,AK,PC:P1,TOTAL,All students,185.563997650146,0,1
statepct,MAT,4,2019,AK,PC:P2,TOTAL,All students,211.277500152588,0,1
statepct,MAT,4,2019,AK,PC:P5,TOTAL,All students,235.853000640869,0,1
statepct,MAT,4,2019,AK,PC:P9,TOTAL,All students,273.129501342774,0,1
statepct,MAT,4,2019,AL,PC:P1,TOTAL,All students,189.148000335693,0,1
statepct,MAT,4,2019,AL,PC:P2,TOTAL,All students,210.455499267578,0,1
statepct,MAT,4,2019,AL,PC:P5,TOTAL,All students,231.775498962402,0,1
statepct,MAT,4,2019,AL,PC:P9,TOTAL,All students,268.077996826172,0,1
statepct,MAT,4,2019,AR,PC:P1,TOTAL,All students,190.055500030518,0,1
statepct,MAT,4,2019,AR,PC:P2,TOTAL,All students,214.175501251221,0,1
statepct,MAT,4,2019,AR,PC:P5,TOTAL,All students,236.373999023437,0,1
statepct,MAT,4,2019,AR,PC:P9,TOTAL,All students,271.59649810791,0,1
statepct,MAT,4,2019,AZ,PC:P1,TOTAL,All students,195.458499908447,0,1
statepct,MAT,4,2019,AZ,PC:P2,TOTAL,All students,216.804000091553,0,1
statepct,MAT,4,2019,AZ,PC:P5,TOTAL,All students,239.05650100708,0,1
statepct,MAT,4,2019,AZ,PC:P9,TOTAL,All students,277.268997192383,0,1
statepct,MAT,4,2019,CA,PC:P1,TOTAL,All students,190.857499694824,0,1
statepct,MAT,4,2019,CA,PC:P2,TOTAL,All students,213.516999816895,0,1
statepct,MAT,4,2019,CA,PC:P5,TOTAL,All students,236.168998718262,0,1
statepct,MAT,4,2019,CA,PC:P9,TOTAL,All students,276.000999450684,0,1
statepct,MAT,4,2019,CO,PC:P1,TOTAL,All students,197.457500457764,0,1
statepct,MAT,4,2019,CO,PC:P2,TOTAL,All students,220.860000610352,0,1
statepct,MAT,4,2019,CO,PC:P5,TOTAL,All students,244.591498565674,0,1
statepct,MAT,4,2019,CO,PC:P9,TOTAL,All students,282.527500915527,0,1
statepct,MAT,4,2019,CT,PC:P1,TOTAL,All students,202.189501953125,0,1
statepct,MAT,4,2019,CT,PC:P2,TOTAL,All students,222.586001586914,0,1
statepct,MAT,4,2019,CT,PC:P5,TOTAL,All students,245.079500579834,0,1
statepct,MAT,4,2019,CT,PC:P9,TOTAL,All students,282.151498413086,0,1
statepct,MAT,4,2019,DC,PC:P1,TOTAL,All students,189.650000762939,0,1
statepct,MAT,4,2019,DC,PC:P2,TOTAL,All students,212.021999359131,0,1
statepct,MAT,4,2019,DC,PC:P5,TOTAL,All students,235.410499572754,0,1
statepct,MAT,4,2019,DC,PC:P9,TOTAL,All students,278.436996459961,0,1
statepct,MAT,4,2019,DE,PC:P1,TOTAL,All students,196.973001861572,0,1
statepct,MAT,4,2019,DE,PC:P2,TOTAL,All students,218.086499786377,0,1
statepct,MAT,4,2019,DE,PC:P5,TOTAL,All students,240.361499023438,0,1
statepct,MAT,4,2019,DE,PC:P9,TOTAL,All students,280.863500976563,0,1
statepct,MAT,4,2019,FL,PC:P1,TOTAL,All students,209.616500854492,0,1
statepct,MAT,4,2019,FL,PC:P2,TOTAL,All students,227.687500762939,0,1
statepct,MAT,4,2019,FL,PC:P5,TOTAL,All students,247.262999725342,0,1
statepct,MAT,4,2019,FL,PC:P9,TOTAL,All students,280.674998474121,0,1
statepct,MAT,4,2019,GA,PC:P1,TOTAL,All students,195.931996917725,0,1
statepct,MAT,4,2019,GA,PC:P2,TOTAL,All students,216.445500183106,0,1
statepct,MAT,4,2019,GA,PC:P5,TOTAL,All students,238.03099975586,0,1
statepct,MAT,4,2019,GA,PC:P9,TOTAL,All students,278.822001647949,0,1
statepct,MAT,4,2019,HI,PC:P1,TOTAL,All students,194.70650100708,0,1
statepct,MAT,4,2019,HI,PC:P2,TOTAL,All students,217.94049987793,0,1
statepct,MAT,4,2019,HI,PC:P5,TOTAL,All students,240.79649887085,0,1
statepct,MAT,4,2019,HI,PC:P9,TOTAL,All students,278.058999633789,0,1
statepct,MAT,4,2019,ID,PC:P1,TOTAL,All students,201.830001068115,0,1
statepct,MAT,4,2019,ID,PC:P2,TOTAL,All students,221.983500671387,0,1
statepct,MAT,4,2019,ID,PC:P5,TOTAL,All students,243.931500244141,0,1
statepct,MAT,4,2019,ID,PC:P9,TOTAL,All students,279.655999755859,0,1
statepct,MAT,4,2022,AK,PC:P1,TOTAL,All students,175.718001556397,0,1
statepct,MAT,4,2022,AK,PC:P2,TOTAL,All students,201.80899887085,0,1
statepct,MAT,4,2022,AK,PC:P5,TOTAL,All students,228.725998687744,0,1
statepct,MAT,4,2022,AK,PC:P9,TOTAL,All students,270.391998291016,0,1
statepct,MAT,4,2022,AL,PC:P1,TOTAL,All students,189.815999603272,0,1
statepct,MAT,4,2022,AL,PC:P2,TOTAL,All students,210.148500823975,0,1
statepct,MAT,4,2022,AL,PC:P5,TOTAL,All students,231.323001098633,0,1
statepct,MAT,4,2022,AL,PC:P9,TOTAL,All students,268.564498901367,0,1
statepct,MAT,4,2022,AR,PC:P1,TOTAL,All students,182.626999664307,0,1
statepct,MAT,4,2022,AR,PC:P2,TOTAL,All students,207.416998291016,0,1
statepct,MAT,4,2022,AR,PC:P5,TOTAL,All students,231.251500701904,0,1
statepct,MAT,4,2022,AR,PC:P9,TOTAL,All students,268.547001647949,0,1
statepct,MAT,4,2022,AZ,PC:P1,TOTAL,All students,186.803001403809,0,1
statepct,MAT,4,2022,AZ,PC:P2,TOTAL,All students,208.684999847412,0,1
statepct,MAT,4,2022,AZ,PC:P5,TOTAL,All students,232.977500152588,0,1
statepct,MAT,4,2022,AZ,PC:P9,TOTAL,All students,275.756498718262,0,1
statepct,MAT,4,2022,CA,PC:P1,TOTAL,All students,184.667001342773,0,1
statepct,MAT,4,2022,CA,PC:P2,TOTAL,All students,205.52149887085,0,1
statepct,MAT,4,2022,CA,PC:P5,TOTAL,All students,230.273500061035,0,1
statepct,MAT,4,2022,CA,PC:P9,TOTAL,All students,275.958999633789,0,1
statepct,MAT,4,2022,CO,PC:P1,TOTAL,All students,191.911499023438,0,1
statepct,MAT,4,2022,CO,PC:P2,TOTAL,All students,214.192000579834,0,1
statepct,MAT,4,2022,CO,PC:P5,TOTAL,All students,237.673000335693,0,1
statepct,MAT,4,2022,CO,PC:P9,TOTAL,All students,277.816500854492,0,1
statepct,MAT,4,2022,CT,PC:P1,TOTAL,All students,189.527500152588,0,1
statepct,MAT,4,2022,CT,PC:P2,TOTAL,All students,212.550499725342,0,1
statepct,MAT,4,2022,CT,PC:P5,TOTAL,All students,237.866997528076,0,1
statepct,MAT,4,2022,CT,PC:P9,TOTAL,All students,281.629499816895,0,1
statepct,MAT,4,2022,DC,PC:P1,TOTAL,All students,176.849000549316,0,1
statepct,MAT,4,2022,DC,PC:P2,TOTAL,All students,197.368500518799,0,1
statepct,MAT,4,2022,DC,PC:P5,TOTAL,All students,220.4125,0,1
statepct,MAT,4,2022,DC,PC:P9,TOTAL,All students,272.27850189209,0,1
statepct,MAT,4,2022,DE,PC:P1,TOTAL,All students,180.069999694824,0,1
statepct,MAT,4,2022,DE,PC:P2,TOTAL,All students,202.021001434326,0,1
statepct,MAT,4,2022,DE,PC:P5,TOTAL,All students,226.837000274658,0,1
statepct,MAT,4,2022,DE,PC:P9,TOTAL,All students,268.288497924805,0,1
statepct,MAT,4,2022,FL,PC:P1,TOTAL,All students,200.781499481201,0,1
statepct,MAT,4,2022,FL,PC:P2,TOTAL,All students,221.231500244141,0,1
statepct,MAT,4,2022,FL,PC:P5,TOTAL,All students,242.087998962402,0,1
statepct,MAT,4,2022,FL,PC:P9,TOTAL,All students,278.788502502441,0,1
statepct,MAT,4,2022,GA,PC:P1,TOTAL,All students,194.218001556397,0,1
statepct,MAT,4,2022,GA,PC:P2,TOTAL,All students,214.460500335693,0,1
statepct,MAT,4,2022,GA,PC:P5,TOTAL,All students,236.419000244141,0,1
statepct,MAT,4,2022,GA,PC:P9,TOTAL,All students,272.889001464844,0,1
statepct,MAT,4,2022,HI,PC:P1,TOTAL,All students,193.997500610352,0,1
statepct,MAT,4,2022,HI,PC:P2,TOTAL,All students,216.06900177002,0,1
statepct,MAT,4,2022,HI,PC:P5,TOTAL,All students,238.94049911499,0,1
statepct,MAT,4,2022,HI,PC:P9,TOTAL,All students,275.777496337891,0,1
statepct,MAT,4,2022,ID,PC:P1,TOTAL,All students,192.724498748779,0,1
statepct,MAT,4,2022,ID,PC:P2,TOTAL,All students,215.245500183106,0,1
statepct,MAT,4,2022,ID,PC:P5,TOTAL,All students,238.182999420166,0,1
statepct,MAT,4,2022,ID,PC:P9,TOTAL,All students,276.61600189209,0,1
statepct,MAT,4,2024,AK,PC:P1,TOTAL,All students,172.190000152588,0,1
statepct,MAT,4,2024,AK,PC:P2,TOTAL,All students,199.376998138428,0,1
statepct,MAT,4,2024,AK,PC:P5,TOTAL,All students,229.787500762939,0,1
statepct,MAT,4,2024,AK,PC:P9,TOTAL,All students,273.977001953125,0,1
statepct,MAT,4,2024,AL,PC:P1,TOTAL,All students,192.397998809814,0,1
statepct,MAT,4,2024,AL,PC:P2,TOTAL,All students,215.628500366211,0,1
statepct,MAT,4,2024,AL,PC:P5,TOTAL,All students,238.537500762939,0,1
statepct,MAT,4,2024,AL,PC:P9,TOTAL,All students,276.696998596192,0,1
statepct,MAT,4,2024,AR,PC:P1,TOTAL,All students,183.387002563477,0,1
statepct,MAT,4,2024,AR,PC:P2,TOTAL,All students,208.455502319336,0,1
statepct,MAT,4,2024,AR,PC:P5,TOTAL,All students,233.065000152588,0,1
statepct,MAT,4,2024,AR,PC:P9,TOTAL,All students,273.090000915527,0,1
statepct,MAT,4,2024,AZ,PC:P1,TOTAL,All students,185.105500793457,0,1
statepct,MAT,4,2024,AZ,PC:P2,TOTAL,All students,208.361000061035,0,1
statepct,MAT,4,2024,AZ,PC:P5,TOTAL,All students,234.108999633789,0,1
statepct,MAT,4,2024,AZ,PC:P9,TOTAL,All students,277.194000244141,0,1
statepct,MAT,4,2024,CA,PC:P1,TOTAL,All students,184.90599975586,0,1
statepct,MAT,4,2024,CA,PC:P2,TOTAL,All students,208.60950012207,0,1
statepct,MAT,4,2024,CA,PC:P5,TOTAL,All students,234.698501586914,0,1
statepct,MAT,4,2024,CA,PC:P9,TOTAL,All students,279.044499206543,0,1
statepct,MAT,4,2024,CO,PC:P1,TOTAL,All students,192.205498504639,0,1
statepct,MAT,4,2024,CO,PC:P2,TOTAL,All students,216.266999816894,0,1
statepct,MAT,4,2024,CO,PC:P5,TOTAL,All students,241.625498962402,0,1
statepct,MAT,4,2024,CO,PC:P9,TOTAL,All students,281.473001098633,0,1
statepct,MAT,4,2024,CT,PC:P1,TOTAL,All students,189.718000030517,0,1
statepct,MAT,4,2024,CT,PC:P2,TOTAL,All students,215.105499267578,0,1
statepct,MAT,4,2024,CT,PC:P5,TOTAL,All students,241.553001403809,0,1
statepct,MAT,4,2024,CT,PC:P9,TOTAL,All students,284.331498718262,0,1
statepct,MAT,4,2024,DC,PC:P1,TOTAL,All students,178.425998687744,0,1
statepct,MAT,4,2024,DC,PC:P2,TOTAL,All students,202.660499572754,0,1
statepct,MAT,4,2024,DC,PC:P5,TOTAL,All students,230.481000518799,0,1
statepct,MAT,4,2024,DC,PC:P9,TOTAL,All students,283.158999633789,0,1
statepct,MAT,4,2024,DE,PC:P1,TOTAL,All students,184.425499725342,0,1
statepct,MAT,4,2024,DE,PC:P2,TOTAL,All students,209.864500427246,0,1
statepct,MAT,4,2024,DE,PC:P5,TOTAL,All students,235.719500732422,0,1
statepct,MAT,4,2024,DE,PC:P9,TOTAL,All students,277.968498229981,0,1
statepct,MAT,4,2024,FL,PC:P1,TOTAL,All students,199.88099822998,0,1
statepct,MAT,4,2024,FL,PC:P2,TOTAL,All students,223.014000701904,0,1
statepct,MAT,4,2024,FL,PC:P5,TOTAL,All students,245.027001190186,0,1
statepct,MAT,4,2024,FL,PC:P9,TOTAL,All students,283.717001342773,0,1
statepct,MAT,4,2024,GA,PC:P1,TOTAL,All students,189.755499267578,0,1
statepct,MAT,4,2024,GA,PC:P2,TOTAL,All students,214.492499542236,0,1
statepct,MAT,4,2024,GA,PC:P5,TOTAL,All students,238.450999450684,0,1
statepct,MAT,4,2024,GA,PC:P9,TOTAL,All students,278.179496765137,0,1
statepct,MAT,4,2024,HI,PC:P1,TOTAL,All students,191.374501037598,0,1
statepct,MAT,4,2024,HI,PC:P2,TOTAL,All students,217.098497772217,0,1
statepct,MAT,4,2024,HI,PC:P5,TOTAL,All students,242.094998931885,0,1
statepct,MAT,4,2024,HI,PC:P9,TOTAL,All students,281.881498718262,0,1
statepct,MAT,4,2024,ID,PC:P1,TOTAL,All students,191.935500335693,0,1
statepct,MAT,4,2024,ID,PC:P2,TOTAL,All students,215.6494972229,0,1
statepct,MAT,4,2024,ID,PC:P5,TOTAL,All students,240.874999237061,0,1
statepct,MAT,4,2024,ID,PC:P9,TOTAL,All students,280.845500183106,0,1
statepct,MAT,4,2003,IA,PC:P1,TOTAL,All students,204.612002563477,0,1
statepct,MAT,4,2003,IA,PC:P2,TOTAL,All students,221.980001831055,0,1
statepct,MAT,4,2003,IA,PC:P5,TOTAL,All students,239.630001831055,0,1
statepct,MAT,4,2003,IA,PC:P9,TOTAL,All students,270.203997802734,0,1
statepct,MAT,4,2003,IL,PC:P1,TOTAL,All students,192.211999511719,0,1
statepct,MAT,4,2003,IL,PC:P2,TOTAL,All students,211.908001708984,0,1
statepct,MAT,4,2003,IL,PC:P5,TOTAL,All students,234.026000976562,0,1
statepct,MAT,4,2003,IL,PC:P9,TOTAL,All students,271.920001220703,0,1
statepct,MAT,4,2003,IN,PC:P1,TOTAL,All students,203.654000854492,0,1
statepct,MAT,4,2003,IN,PC:P2,TOTAL,All students,221.12200012207,0,1
statepct,MAT,4,2003,IN,PC:P5,TOTAL,All students,239.344000244141,0,1
statepct,MAT,4,2003,IN,PC:P9,TOTAL,All students,270.686004638672,0,1
statepct,MAT,4,2003,KS,PC:P1,TOTAL,All students,206.414001464844,0,1
statepct,MAT,4,2003,KS,PC:P2,TOTAL,All students,224.693997192383,0,1
statepct,MAT,4,2003,KS,PC:P5,TOTAL,All students,242.961999511719,0,1
statepct,MAT,4,2003,KS,PC:P9,TOTAL,All students,275.076000976563,0,1
statepct,MAT,4,2003,KY,PC:P1,TOTAL,All students,194.355999755859,0,1
statepct,MAT,4,2003,KY,PC:P2,TOTAL,All students,211.651998901367,0,1
statepct,MAT,4,2003,KY,PC:P5,TOTAL,All students,229.62799987793,0,1
statepct,MAT,4,2003,KY,PC:P9,TOTAL,All students,261.542004394531,0,1
statepct,MAT,4,2003,LA,PC:P1,TOTAL,All students,190.318002319336,0,1
statepct,MAT,4,2003,LA,PC:P2,TOTAL,All students,207.57799987793,0,1
statepct,MAT,4,2003,LA,PC:P5,TOTAL,All students,226.703997802734,0,1
statepct,MAT,4,2003,LA,PC:P9,TOTAL,All students,261.732000732422,0,1
statepct,MAT,4,2003,MA,PC:P1,TOTAL,All students,206.013998413086,0,1
statepct,MAT,4,2003,MA,PC:P2,TOTAL,All students,223.524002075195,0,1
statepct,MAT,4,2003,MA,PC:P5,TOTAL,All students,242.923999023437,0,1
statepct,MAT,4,2003,MA,PC:P9,TOTAL,All students,275.158001708984,0,1
statepct,MAT,4,2003,MD,PC:P1,TOTAL,All students,192.496002197266,0,1
statepct,MAT,4,2003,MD,PC:P2,TOTAL,All students,211.57799987793,0,1
statepct,MAT,4,2003,MD,PC:P5,TOTAL,All students,233.552001953125,0,1
statepct,MAT,4,2003,MD,PC:P9,TOTAL,All students,272.734008789063,0,1
statepct,MAT,4,2003,ME,PC:P1,TOTAL,All students,204.354000854492,0,1
statepct,MAT,4,2003,ME,PC:P2,TOTAL,All students,221.27799987793,0,1
statepct,MAT,4,2003,ME,PC:P5,TOTAL,All students,238.748001098633,0,1
statepct,MAT,4,2003,ME,PC:P9,TOTAL,All students,268.681994628906,0,1
statepct,MAT,4,2003,MI,PC:P1,TOTAL,All students,196.502001953125,0,1
statepct,MAT,4,2003,MI,PC:P2,TOTAL,All students,216.143997192383,0,1
statepct,MAT,4,2003,MI,PC:P5,TOTAL,All students,237.444000244141,0,1
statepct,MAT,4,2003,MI,PC:P9,TOTAL,All students,271.926000976563,0,1
statepct,MAT,4,2003,MN,PC:P1,TOTAL,All students,204.249996948242,0,1
statepct,MAT,4,2003,MN,PC:P2,TOTAL,All students,223.776000976563,0,1
statepct,MAT,4,2003,MN,PC:P5,TOTAL,All students,243.250003051758,0,1
statepct,MAT,4,2003,MN,PC:P9,TOTAL,All students,277.153997802734,0,1
statepct,MAT,4,2003,MO,PC:P1,TOTAL,All students,201.265997314453,0,1
statepct,MAT,4,2003,MO,PC:P2,TOTAL,All students,217.805999755859,0,1
statepct,MAT,4,2003,MO,PC:P5,TOTAL,All students,235.504000854492,0,1
statepct,MAT,4,2003,MO,PC:P9,TOTAL,All students,267.152001953125,0,1
statepct,MAT,4,2003,MS,PC:P1,TOTAL,All students,188.621997070313,0,1
statepct,MAT,4,2003,MS,PC:P2,TOTAL,All students,204.554000854492,0,1
statepct,MAT,4,2003,MS,PC:P5,TOTAL,All students,222.954000854492,0,1
statepct,MAT,4,2003,MS,PC:P9,TOTAL,All students,257.560003662109,0,1
statepct,MAT,4,2005,IA,PC:P1,TOTAL,All students,206.762002563477,0,1
statepct,MAT,4,2005,IA,PC:P2,TOTAL,All students,223.338000488281,0,1
statepct,MAT,4,2005,IA,PC:P5,TOTAL,All students,241.022003173828,0,1
statepct,MAT,4,2005,IA,PC:P9,TOTAL,All students,271.611999511719,0,1
statepct,MAT,4,2005,IL,PC:P1,TOTAL,All students,191.805996704101,0,1
statepct,MAT,4,2005,IL,PC:P2,TOTAL,All students,212.901998901367,0,1
statepct,MAT,4,2005,IL,PC:P5,TOTAL,All students,234.848001098633,0,1
statepct,MAT,4,2005,IL,PC:P9,TOTAL,All students,271.45400390625,0,1
statepct,MAT,4,2005,IN,PC:P1,TOTAL,All students,205.313998413086,0,1
statepct,MAT,4,2005,IN,PC:P2,TOTAL,All students,222.909997558594,0,1
statepct,MAT,4,2005,IN,PC:P5,TOTAL,All students,240.964001464844,0,1
statepct,MAT,4,2005,IN,PC:P9,TOTAL,All students,272.970001220703,0,1
statepct,MAT,4,2005,KS,PC:P1,TOTAL,All students,210.662002563477,0,1
statepct,MAT,4,2005,KS,PC:P2,TOTAL,All students,228.22799987793,0,1
statepct,MAT,4,2005,KS,PC:P5,TOTAL,All students,246.845999145508,0,1
statepct,MAT,4,2005,KS,PC:P9,TOTAL,All students,278.917999267578,0,1
statepct,MAT,4,2005,KY,PC:P1,TOTAL,All students,196.309997558594,0,1
statepct,MAT,4,2005,KY,PC:P2,TOTAL,All students,213.970001220703,0,1
statepct,MAT,4,2005,KY,PC:P5,TOTAL,All students,232.195999145508,0,1
statepct,MAT,4,2005,KY,PC:P9,TOTAL,All students,265.138000488281,0,1
statepct,MAT,4,2005,LA,PC:P1,TOTAL,All students,196.690002441406,0,1
statepct,MAT,4,2005,LA,PC:P2,TOTAL,All students,213.067999267578,0,1
statepct,MAT,4,2005,LA,PC:P5,TOTAL,All students,230.539999389648,0,1
statepct,MAT,4,2005,LA,PC:P9,TOTAL,All students,263.623992919922,0,1
statepct,MAT,4,2005,MA,PC:P1,TOTAL,All students,214.914001464844,0,1
statepct,MAT,4,2005,MA,PC:P2,TOTAL,All students,231.16000366211,0,1
statepct,MAT,4,2005,MA,PC:P5,TOTAL,All students,248.187997436524,0,1
statepct,MAT,4,2005,MA,PC:P9,TOTAL,All students,278.99599609375,0,1
statepct,MAT,4,2005,MD,PC:P1,TOTAL,All students,197.682000732422,0,1
statepct,MAT,4,2005,MD,PC:P2,TOTAL,All students,218.024002075195,0,1
statepct,MAT,4,2005,MD,PC:P5,TOTAL,All students,240.010003662109,0,1
statepct,MAT,4,2005,MD,PC:P9,TOTAL,All students,277.05400390625,0,1
statepct,MAT,4,2005,ME,PC:P1,TOTAL,All students,205.724002075195,0,1
statepct,MAT,4,2005,ME,PC:P2,TOTAL,All students,223.764001464844,0,1
statepct,MAT,4,2005,ME,PC:P5,TOTAL,All students,241.582000732422,0,1
statepct,MAT,4,2005,ME,PC:P9,TOTAL,All students,274.466003417969,0,1
statepct,MAT,4,2005,MI,PC:P1,TOTAL,All students,197.62799987793,0,1
statepct,MAT,4,2005,MI,PC:P2,TOTAL,All students,219.142001342774,0,1
statepct,MAT,4,2005,MI,PC:P5,TOTAL,All students,240.298001098633,0,1
statepct,MAT,4,2005,MI,PC:P9,TOTAL,All students,274.063995361328,0,1
statepct,MAT,4,2005,MN,PC:P1,TOTAL,All students,210.037997436523,0,1
statepct,MAT,4,2005,MN,PC:P2,TOTAL,All students,228.616000366211,0,1
statepct,MAT,4,2005,MN,PC:P5,TOTAL,All students,247.098001098633,0,1
statepct,MAT,4,2005,MN,PC:P9,TOTAL,All students,279.59599609375,0,1
statepct,MAT,4,2005,MO,PC:P1,TOTAL,All students,200.067996215821,0,1
statepct,MAT,4,2005,MO,PC:P2,TOTAL,All students,217.209997558594,0,1
statepct,MAT,4,2005,MO,PC:P5,TOTAL,All students,236.287997436523,0,1
statepct,MAT,4,2005,MO,PC:P9,TOTAL,All students,268.294000244141,0,1
statepct,MAT,4,2005,MS,PC:P1,TOTAL,All students,193.455996704102,0,1
statepct,MAT,4,2005,MS,PC:P2,TOTAL,All students,209.226000976563,0,1
statepct,MAT,4,2005,MS,PC:P5,TOTAL,All students,227.133999633789,0,1
statepct,MAT,4,2005,MS,PC:P9,TOTAL,All students,259.524005126953,0,1
statepct,MAT,4,2007,IA,PC:P1,TOTAL,All students,208.564001464844,0,1
statepct,MAT,4,2007,IA,PC:P2,TOTAL,All students,226.662002563477,0,1
statepct,MAT,4,2007,IA,PC:P5,TOTAL,All students,244.848001098633,0,1
statepct,MAT,4,2007,IA,PC:P9,TOTAL,All students,274.160003662109,0,1
statepct,MAT,4,2007,IL,PC:P1,TOTAL,All students,198.430001831055,0,1
statepct,MAT,4,2007,IL,PC:P2,TOTAL,All students,217.897998046875,0,1
statepct,MAT,4,2007,IL,PC:P5,TOTAL,All students,238.710000610352,0,1
statepct,MAT,4,2007,IL,PC:P9,TOTAL,All students,274.455999755859,0,1
statepct,MAT,4,2007,IN,PC:P1,TOTAL,All students,212.148001098633,0,1
statepct,MAT,4,2007,IN,PC:P2,TOTAL,All students,229.489999389648,0,1
statepct,MAT,4,2007,IN,PC:P5,TOTAL,All students,246.851998901367,0,1
statepct,MAT,4,2007,IN,PC:P9,TOTAL,All students,276.823999023438,0,1
statepct,MAT,4,2007,KS,PC:P1,TOTAL,All students,212.944000244141,0,1
statepct,MAT,4,2007,KS,PC:P2,TOTAL,All students,231.351995849609,0,1
statepct,MAT,4,2007,KS,PC:P5,TOTAL,All students,249.634002685547,0,1
statepct,MAT,4,2007,KS,PC:P9,TOTAL,All students,280.264001464844,0,1
statepct,MAT,4,2007,KY,PC:P1,TOTAL,All students,200.240002441406,0,1
statepct,MAT,4,2007,KY,PC:P2,TOTAL,All students,218.020001220703,0,1
statepct,MAT,4,2007,KY,PC:P5,TOTAL,All students,236.065994262695,0,1
statepct,MAT,4,2007,KY,PC:P9,TOTAL,All students,268.411999511719,0,1
statepct,MAT,4,2007,LA,PC:P1,TOTAL,All students,195.478002929688,0,1
statepct,MAT,4,2007,LA,PC:P2,TOTAL,All students,212.081997680664,0,1
statepct,MAT,4,2007,LA,PC:P5,TOTAL,All students,230.771997070312,0,1
statepct,MAT,4,2007,LA,PC:P9,TOTAL,All students,263.974005126953,0,1
statepct,MAT,4,2007,MA,PC:P1,TOTAL,All students,220.447998046875,0,1
statepct,MAT,4,2007,MA,PC:P2,TOTAL,All students,236.990002441406,0,1
statepct,MAT,4,2007,MA,PC:P5,TOTAL,All students,253.525997924805,0,1
statepct,MAT,4,2007,MA,PC:P9,TOTAL,All students,283.00400390625,0,1
statepct,MAT,4,2007,MD,PC:P1,TOTAL,All students,200.594000244141,0,1
statepct,MAT,4,2007,MD,PC:P2,TOTAL,All students,219.781997680664,0,1
statepct,MAT,4,2007,MD,PC:P5,TOTAL,All students,241.235995483398,0,1
statepct,MAT,4,2007,MD,PC:P9,TOTAL,All students,278.915991210938,0,1
statepct,MAT,4,2007,ME,PC:P1,TOTAL,All students,207.001998901367,0,1
statepct,MAT,4,2007,ME,PC:P2,TOTAL,All students,225.158001708984,0,1
statepct,MAT,4,2007,ME,PC:P5,TOTAL,All students,243.841998291016,0,1
statepct,MAT,4,2007,ME,PC:P9,TOTAL,All students,276.042004394531,0,1
statepct,MAT,4,2007,MI,PC:P1,TOTAL,All students,198.076000976563,0,1
statepct,MAT,4,2007,MI,PC:P2,TOTAL,All students,219.292001342774,0,1
statepct,MAT,4,2007,MI,PC:P5,TOTAL,All students,240.073999023437,0,1
statepct,MAT,4,2007,MI,PC:P9,TOTAL,All students,273.418005371094,0,1
statepct,MAT,4,2007,MN,PC:P1,TOTAL,All students,209.697998046875,0,1
statepct,MAT,4,2007,MN,PC:P2,TOTAL,All students,229.664001464844,0,1
statepct,MAT,4,2007,MN,PC:P5,TOTAL,All students,249.531997680664,0,1
statepct,MAT,4,2007,MN,PC:P9,TOTAL,All students,280.95400390625,0,1
statepct,MAT,4,2007,MO,PC:P1,TOTAL,All students,202.971997070313,0,1
statepct,MAT,4,2007,MO,PC:P2,TOTAL,All students,221.27200012207,0,1
statepct,MAT,4,2007,MO,PC:P5,TOTAL,All students,240.819998168945,0,1
statepct,MAT,4,2007,MO,PC:P9,TOTAL,All students,273.724005126953,0,1
statepct,MAT,4,2007,MS,PC:P1,TOTAL,All students,193.970001220703,0,1
statepct,MAT,4,2007,MS,PC:P2,TOTAL,All students,209.817999267578,0,1
statepct,MAT,4,2007,MS,PC:P5,TOTAL,All students,228.163998413086,0,1
statepct,MAT,4,2007,MS,PC:P9,TOTAL,All students,260.572003173828,0,1
statepct,MAT,4,2009,IA,PC:P1,TOTAL,All students,209.692001342774,0,1
statepct,MAT,4,2009,IA,PC:P2,TOTAL,All students,225.938000488281,0,1
statepct,MAT,4,2009,IA,PC:P5,TOTAL,All students,243.831994628906,0,1
statepct,MAT,4,2009,IA,PC:P9,TOTAL,All students,274.222003173828,0,1
statepct,MAT,4,2009,IL,PC:P1,TOTAL,All students,198.126000976563,0,1
statepct,MAT,4,2009,IL,PC:P2,TOTAL,All students,218.802001953125,0,1
statepct,MAT,4,2009,IL,PC:P5,TOTAL,All students,239.806002807617,0,1
statepct,MAT,4,2009,IL,PC:P9,TOTAL,All students,276.379998779297,0,1
statepct,MAT,4,2009,IN,PC:P1,TOTAL,All students,209.954000854492,0,1
statepct,MAT,4,2009,IN,PC:P2,TOTAL,All students,226.339999389648,0,1
statepct,MAT,4,2009,IN,PC:P5,TOTAL,All students,243.748001098633,0,1
statepct,MAT,4,2009,IN,PC:P9,TOTAL,All students,274.327996826172,0,1
statepct,MAT,4,2009,KS,PC:P1,TOTAL,All students,212.173999023437,0,1
statepct,MAT,4,2009,KS,PC:P2,TOTAL,All students,229.306002807617,0,1
statepct,MAT,4,2009,KS,PC:P5,TOTAL,All students,246.614001464844,0,1
statepct,MAT,4,2009,KS,PC:P9,TOTAL,All students,276.603997802735,0,1
statepct,MAT,4,2009,KY,PC:P1,TOTAL,All students,202.592001342774,0,1
statepct,MAT,4,2009,KY,PC:P2,TOTAL,All students,220.276000976563,0,1
statepct,MAT,4,2009,KY,PC:P5,TOTAL,All students,239.138000488281,0,1
statepct,MAT,4,2009,KY,PC:P9,TOTAL,All students,274.189996337891,0,1
statepct,MAT,4,2009,LA,PC:P1,TOTAL,All students,195.224002075196,0,1
statepct,MAT,4,2009,LA,PC:P2,TOTAL,All students,211.786001586914,0,1
statepct,MAT,4,2009,LA,PC:P5,TOTAL,All students,229.792001342773,0,1
statepct,MAT,4,2009,LA,PC:P9,TOTAL,All students,263.083996582031,0,1
statepct,MAT,4,2009,MA,PC:P1,TOTAL,All students,218.792001342774,0,1
statepct,MAT,4,2009,MA,PC:P2,TOTAL,All students,236.285998535156,0,1
statepct,MAT,4,2009,MA,PC:P5,TOTAL,All students,253.212002563477,0,1
statepct,MAT,4,2009,MA,PC:P9,TOTAL,All students,284.608001708984,0,1
statepct,MAT,4,2009,MD,PC:P1,TOTAL,All students,206.8,0,1
statepct,MAT,4,2009,MD,PC:P2,TOTAL,All students,224.619998168946,0,1
statepct,MAT,4,2009,MD,PC:P5,TOTAL,All students,244.087997436523,0,1
statepct,MAT,4,2009,MD,PC:P9,TOTAL,All students,280.377996826172,0,1
statepct,MAT,4,2009,ME,PC:P1,TOTAL,All students,209.618002319336,0,1
statepct,MAT,4,2009,ME,PC:P2,TOTAL,All students,227.456002807617,0,1
statepct,MAT,4,2009,ME,PC:P5,TOTAL,All students,245.803997802734,0,1
statepct,MAT,4,2009,ME,PC:P9,TOTAL,All students,277.403997802735,0,1
statepct,MAT,4,2009,MI,PC:P1,TOTAL,All students,196.399996948242,0,1
statepct,MAT,4,2009,MI,PC:P2,TOTAL,All students,217.396002197266,0,1
statepct,MAT,4,2009,MI,PC:P5,TOTAL,All students,238.033999633789,0,1
statepct,MAT,4,2009,MI,PC:P9,TOTAL,All students,273.179998779297,0,1
statepct,MAT,4,2009,MN,PC:P1,TOTAL,All students,211.503997802734,0,1
statepct,MAT,4,2009,MN,PC:P2,TOTAL,All students,231.448001098633,0,1
statepct,MAT,4,2009,MN,PC:P5,TOTAL,All students,251.525997924805,0,1
statepct,MAT,4,2009,MN,PC:P9,TOTAL,All students,283.820001220703,0,1
statepct,MAT,4,2009,MO,PC:P1,TOTAL,All students,203.104000854492,0,1
statepct,MAT,4,2009,MO,PC:P2,TOTAL,All students,222.495999145508,0,1
statepct,MAT,4,2009,MO,PC:P5,TOTAL,All students,242.864001464844,0,1
statepct,MAT,4,2009,MO,PC:P9,TOTAL,All students,275.483996582031,0,1
statepct,MAT,4,2009,MS,PC:P1,TOTAL,All students,191.902001953125,0,1
statepct,MAT,4,2009,MS,PC:P2,TOTAL,All students,209.079998779297,0,1
statepct,MAT,4,2009,MS,PC:P5,TOTAL,All students,227.65,0,1
statepct,MAT,4,2009,MS,PC:P9,TOTAL,All students,261.790002441406,0,1
statepct,MAT,4,2011,IA,PC:P1,TOTAL,All students,206.983999633789,0,1
statepct,MAT,4,2011,IA,PC:P2,TOTAL,All students,225.870001220703,0,1
statepct,MAT,4,2011,IA,PC:P5,TOTAL,All students,244.591995239258,0,1
statepct,MAT,4,2011,IA,PC:P9,TOTAL,All students,274.988006591797,0,1
statepct,MAT,4,2011,IL,PC:P1,TOTAL,All students,198.97799987793,0,1
statepct,MAT,4,2011,IL,PC:P2,TOTAL,All students,219.091998291016,0,1
statepct,MAT,4,2011,IL,PC:P5,TOTAL,All students,239.937997436523,0,1
statepct,MAT,4,2011,IL,PC:P9,TOTAL,All students,276.764001464844,0,1
statepct,MAT,4,2011,IN,PC:P1,TOTAL,All students,208.826000976562,0,1
statepct,MAT,4,2011,IN,PC:P2,TOTAL,All students,226.95,0,1
statepct,MAT,4,2011,IN,PC:P5,TOTAL,All students,244.996002197265,0,1
statepct,MAT,4,2011,IN,PC:P9,TOTAL,All students,277.155999755859,0,1
statepct,MAT,4,2011,KS,PC:P1,TOTAL,All students,213.708001708984,0,1
statepct,MAT,4,2011,KS,PC:P2,TOTAL,All students,230.409997558594,0,1
statepct,MAT,4,2011,KS,PC:P5,TOTAL,All students,247.624002075195,0,1
statepct,MAT,4,2011,KS,PC:P9,TOTAL,All students,277.203997802734,0,1
statepct,MAT,4,2011,KY,PC:P1,TOTAL,All students,206.419998168945,0,1
statepct,MAT,4,2011,KY,PC:P2,TOTAL,All students,223.712002563477,0,1
statepct,MAT,4,2011,KY,PC:P5,TOTAL,All students,241.608001708984,0,1
statepct,MAT,4,2011,KY,PC:P9,TOTAL,All students,273.931994628906,0,1
statepct,MAT,4,2011,LA,PC:P1,TOTAL,All students,195.455996704102,0,1
statepct,MAT,4,2011,LA,PC:P2,TOTAL,All students,212.345999145508,0,1
statepct,MAT,4,2011,LA,PC:P5,TOTAL,All students,231.563998413086,0,1
statepct,MAT,4,2011,LA,PC:P9,TOTAL,All students,265.388000488281,0,1
statepct,MAT,4,2011,MA,PC:P1,TOTAL,All students,219.038000488281,0,1
statepct,MAT,4,2011,MA,PC:P2,TOTAL,All students,236.735998535156,0,1
statepct,MAT,4,2011,MA,PC:P5,TOTAL,All students,254.72799987793,0,1
statepct,MAT,4,2011,MA,PC:P9,TOTAL,All students,286.144000244141,0,1
statepct,MAT,4,2011,MD,PC:P1,TOTAL,All students,208.233999633789,0,1
statepct,MAT,4,2011,MD,PC:P2,TOTAL,All students,226.520001220703,0,1
statepct,MAT,4,2011,MD,PC:P5,TOTAL,All students,247.137997436524,0,1
statepct,MAT,4,2011,MD,PC:P9,TOTAL,All students,285.936004638672,0,1
statepct,MAT,4,2011,ME,PC:P1,TOTAL,All students,209.094000244141,0,1
statepct,MAT,4,2011,ME,PC:P2,TOTAL,All students,227.284002685547,0,1
statepct,MAT,4,2011,ME,PC:P5,TOTAL,All students,245.736001586914,0,1
statepct,MAT,4,2011,ME,PC:P9,TOTAL,All students,277.663995361328,0,1
statepct,MAT,4,2011,MI,PC:P1,TOTAL,All students,197.651998901367,0,1
statepct,MAT,4,2011,MI,PC:P2,TOTAL,All students,217.185998535156,0,1
statepct,MAT,4,2011,MI,PC:P5,TOTAL,All students,237.955999755859,0,1
statepct,MAT,4,2011,MI,PC:P9,TOTAL,All students,272.328002929688,0,1
statepct,MAT,4,2011,MN,PC:P1,TOTAL,All students,210.556002807617,0,1
statepct,MAT,4,2011,MN,PC:P2,TOTAL,All students,231.267999267578,0,1
statepct,MAT,4,2011,MN,PC:P5,TOTAL,All students,251.197998046875,0,1
statepct,MAT,4,2011,MN,PC:P9,TOTAL,All students,284.303997802734,0,1
statepct,MAT,4,2011,MO,PC:P1,TOTAL,All students,202.357998657227,0,1
statepct,MAT,4,2011,MO,PC:P2,TOTAL,All students,222.533999633789,0,1
statepct,MAT,4,2011,MO,PC:P5,TOTAL,All students,242.85,0,1
statepct,MAT,4,2011,MO,PC:P9,TOTAL,All students,274.797998046875,0,1
statepct,MAT,4,2011,MS,PC:P1,TOTAL,All students,193.728002929687,0,1
statepct,MAT,4,2011,MS,PC:P2,TOTAL,All students,211.646002197266,0,1
statepct,MAT,4,2011,MS,PC:P5,TOTAL,All students,230.667999267578,0,1
statepct,MAT,4,2011,MS,PC:P9,TOTAL,All students,265.000006103516,0,1
statepct,MAT,4,2013,IA,PC:P1,TOTAL,All students,208.215000152588,0,1
statepct,MAT,4,2013,IA,PC:P2,TOTAL,All students,227.658999633789,0,1
statepct,MAT,4,2013,IA,PC:P5,TOTAL,All students,247.470500183105,0,1
statepct,MAT,4,2013,IA,PC:P9,TOTAL,All students,281.179998779297,0,1
statepct,MAT,4,2013,IL,PC:P1,TOTAL,All students,197.325500488281,0,1
statepct,MAT,4,2013,IL,PC:P2,TOTAL,All students,217.931500244141,0,1
statepct,MAT,4,2013,IL,PC:P5,TOTAL,All students,239.91549987793,0,1
statepct,MAT,4,2013,IL,PC:P9,TOTAL,All students,279.175500488281,0,1
statepct,MAT,4,2013,IN,PC:P1,TOTAL,All students,213.410498046875,0,1
statepct,MAT,4,2013,IN,PC:P2,TOTAL,All students,231.595999908447,0,1
statepct,MAT,4,2013,IN,PC:P5,TOTAL,All students,250.15299987793,0,1
statepct,MAT,4,2013,IN,PC:P9,TOTAL,All students,282.154000854492,0,1
statepct,MAT,4,2013,KS,PC:P1,TOTAL,All students,212.283999633789,0,1
statepct,MAT,4,2013,KS,PC:P2,TOTAL,All students,229.552498626709,0,1
statepct,MAT,4,2013,KS,PC:P5,TOTAL,All students,247.463498687744,0,1
statepct,MAT,4,2013,KS,PC:P9,TOTAL,All students,278.600997924805,0,1
statepct,MAT,4,2013,KY,PC:P1,TOTAL,All students,204.322500610352,0,1
statepct,MAT,4,2013,KY,PC:P2,TOTAL,All students,223.32149887085,0,1
statepct,MAT,4,2013,KY,PC:P5,TOTAL,All students,242.872499847412,0,1
statepct,MAT,4,2013,KY,PC:P9,TOTAL,All students,276.091996765137,0,1
statepct,MAT,4,2013,LA,PC:P1,TOTAL,All students,196.190999603271,0,1
statepct,MAT,4,2013,LA,PC:P2,TOTAL,All students,213.64349899292,0,1
statepct,MAT,4,2013,LA,PC:P5,TOTAL,All students,232.376999664307,0,1
statepct,MAT,4,2013,LA,PC:P9,TOTAL,All students,265.657498168945,0,1
statepct,MAT,4,2013,MA,PC:P1,TOTAL,All students,214.264500427246,0,1
statepct,MAT,4,2013,MA,PC:P2,TOTAL,All students,234.698999023438,0,1
statepct,MAT,4,2013,MA,PC:P5,TOTAL,All students,255.052001190186,0,1
statepct,MAT,4,2013,MA,PC:P9,TOTAL,All students,288.699501037598,0,1
statepct,MAT,4,2013,MD,PC:P1,TOTAL,All students,201.68150177002,0,1
statepct,MAT,4,2013,MD,PC:P2,TOTAL,All students,222.862001037598,0,1
statepct,MAT,4,2013,MD,PC:P5,TOTAL,All students,245.990999603271,0,1
statepct,MAT,4,2013,MD,PC:P9,TOTAL,All students,287.277499389649,0,1
statepct,MAT,4,2013,ME,PC:P1,TOTAL,All students,209.772499084473,0,1
statepct,MAT,4,2013,ME,PC:P2,TOTAL,All students,228.659501647949,0,1
statepct,MAT,4,2013,ME,PC:P5,TOTAL,All students,247.328000640869,0,1
statepct,MAT,4,2013,ME,PC:P9,TOTAL,All students,279.897497558594,0,1
statepct,MAT,4,2013,MI,PC:P1,TOTAL,All students,194.313000488281,0,1
statepct,MAT,4,2013,MI,PC:P2,TOTAL,All students,215.943499755859,0,1
statepct,MAT,4,2013,MI,PC:P5,TOTAL,All students,238.840000152588,0,1
statepct,MAT,4,2013,MI,PC:P9,TOTAL,All students,276.026997375488,0,1
statepct,MAT,4,2013,MN,PC:P1,TOTAL,All students,214.217000579834,0,1
statepct,MAT,4,2013,MN,PC:P2,TOTAL,All students,235.395500946045,0,1
statepct,MAT,4,2013,MN,PC:P5,TOTAL,All students,256.007997894287,0,1
statepct,MAT,4,2013,MN,PC:P9,TOTAL,All students,288.98450012207,0,1
statepct,MAT,4,2013,MO,PC:P1,TOTAL,All students,202.437998962402,0,1
statepct,MAT,4,2013,MO,PC:P2,TOTAL,All students,222.387499237061,0,1
statepct,MAT,4,2013,MO,PC:P5,TOTAL,All students,241.554000854492,0,1
statepct,MAT,4,2013,MO,PC:P9,TOTAL,All students,273.623999023438,0,1
statepct,MAT,4,2013,MS,PC:P1,TOTAL,All students,196.118000793457,0,1
statepct,MAT,4,2013,MS,PC:P2,TOTAL,All students,213.14700012207,0,1
statepct,MAT,4,2013,MS,PC:P5,TOTAL,All students,231.470500183105,0,1
statepct,MAT,4,2013,MS,PC:P9,TOTAL,All students,265.700999450684,0,1
statepct,MAT,4,2015,IA,PC:P1,TOTAL,All students,204.55,0,1
statepct,MAT,4,2015,IA,PC:P2,TOTAL,All students,224.374999237061,0,1
statepct,MAT,4,2015,IA,PC:P5,TOTAL,All students,244.799498748779,0,1
statepct,MAT,4,2015,IA,PC:P9,TOTAL,All students,280.057998657227,0,1
statepct,MAT,4,2015,IL,PC:P1,TOTAL,All students,195.279999542236,0,1
statepct,MAT,4,2015,IL,PC:P2,TOTAL,All students,216.29700088501,0,1
statepct,MAT,4,2015,IL,PC:P5,TOTAL,All students,238.202499389649,0,1
statepct,MAT,4,2015,IL,PC:P9,TOTAL,All students,277.943502807617,0,1
statepct,MAT,4,2015,IN,PC:P1,TOTAL,All students,212.670499420166,0,1
statepct,MAT,4,2015,IN,PC:P2,TOTAL,All students,230.691500854492,0,1
statepct,MAT,4,2015,IN,PC:P5,TOTAL,All students,248.843500518799,0,1
statepct,MAT,4,2015,IN,PC:P9,TOTAL,All students,281.060496520996,0,1
statepct,MAT,4,2015,KS,PC:P1,TOTAL,All students,202.736499023438,0,1
statepct,MAT,4,2015,KS,PC:P2,TOTAL,All students,222.679999542236,0,1
statepct,MAT,4,2015,KS,PC:P5,TOTAL,All students,242.855500793457,0,1
statepct,MAT,4,2015,KS,PC:P9,TOTAL,All students,277.2375,0,1
statepct,MAT,4,2015,KY,PC:P1,TOTAL,All students,205.616499328613,0,1
statepct,MAT,4,2015,KY,PC:P2,TOTAL,All students,223.56849899292,0,1
statepct,MAT,4,2015,KY,PC:P5,TOTAL,All students,242.57799987793,0,1
statepct,MAT,4,2015,KY,PC:P9,TOTAL,All students,276.669505310059,0,1
statepct,MAT,4,2015,LA,PC:P1,TOTAL,All students,199.481000518799,0,1
statepct,MAT,4,2015,LA,PC:P2,TOTAL,All students,216.434498596191,0,1
statepct,MAT,4,2015,LA,PC:P5,TOTAL,All students,234.933000946045,0,1
statepct,MAT,4,2015,LA,PC:P9,TOTAL,All students,268.375498962402,0,1
statepct,MAT,4,2015,MA,PC:P1,TOTAL,All students,213.233499908447,0,1
statepct,MAT,4,2015,MA,PC:P2,TOTAL,All students,231.791999816894,0,1
statepct,MAT,4,2015,MA,PC:P5,TOTAL,All students,251.758000183106,0,1
statepct,MAT,4,2015,MA,PC:P9,TOTAL,All students,286.494497680664,0,1
statepct,MAT,4,2015,MD,PC:P1,TOTAL,All students,197.170499420166,0,1
statepct,MAT,4,2015,MD,PC:P2,TOTAL,All students,218.726502227783,0,1
statepct,MAT,4,2015,MD,PC:P5,TOTAL,All students,241.44700012207,0,1
statepct,MAT,4,2015,MD,PC:P9,TOTAL,All students,278.19049987793,0,1
statepct,MAT,4,2015,ME,PC:P1,TOTAL,All students,206.753500366211,0,1
statepct,MAT,4,2015,ME,PC:P2,TOTAL,All students,224.157498931885,0,1
statepct,MAT,4,2015,ME,PC:P5,TOTAL,All students,242.762001800537,0,1
statepct,MAT,4,2015,ME,PC:P9,TOTAL,All students,277.769999694824,0,1
statepct,MAT,4,2015,MI,PC:P1,TOTAL,All students,197,0,1
statepct,MAT,4,2015,MI,PC:P2,TOTAL,All students,216.640999603271,0,1
statepct,MAT,4,2015,MI,PC:P5,TOTAL,All students,236.930499267578,0,1
statepct,MAT,4,2015,MI,PC:P9,TOTAL,All students,272.959001159668,0,1
statepct,MAT,4,2015,MN,PC:P1,TOTAL,All students,208.642500305176,0,1
statepct,MAT,4,2015,MN,PC:P2,TOTAL,All students,230.322999572754,0,1
statepct,MAT,4,2015,MN,PC:P5,TOTAL,All students,251.653000640869,0,1
statepct,MAT,4,2015,MN,PC:P9,TOTAL,All students,287.769000244141,0,1
statepct,MAT,4,2015,MO,PC:P1,TOTAL,All students,201.430000305176,0,1
statepct,MAT,4,2015,MO,PC:P2,TOTAL,All students,221.316000366211,0,1
statepct,MAT,4,2015,MO,PC:P5,TOTAL,All students,240.827500152588,0,1
statepct,MAT,4,2015,MO,PC:P9,TOTAL,All students,274.049000549317,0,1
statepct,MAT,4,2015,MS,PC:P1,TOTAL,All students,199.229499816895,0,1
statepct,MAT,4,2015,MS,PC:P2,TOTAL,All students,216.311999511719,0,1
statepct,MAT,4,2015,MS,PC:P5,TOTAL,All students,234.857002258301,0,1
statepct,MAT,4,2015,MS,PC:P9,TOTAL,All students,268.397999572754,0,1
statepct,MAT,4,2017,IA,PC:P1,TOTAL,All students,201.114500427246,0,1
statepct,MAT,4,2017,IA,PC:P2,TOTAL,All students,223.466998291016,0,1
statepct,MAT,4,2017,IA,PC:P5,TOTAL,All students,245.579499816895,0,1
statepct,MAT,4,2017,IA,PC:P9,TOTAL,All students,280.810499572754,0,1
statepct,MAT,4,2017,IL,PC:P1,TOTAL,All students,194.397499847412,0,1
statepct,MAT,4,2017,IL,PC:P2,TOTAL,All students,215.409999847412,0,1
statepct,MAT,4,2017,IL,PC:P5,TOTAL,All students,239.283498382568,0,1
statepct,MAT,4,2017,IL,PC:P9,TOTAL,All students,280.372500610352,0,1
statepct,MAT,4,2017,IN,PC:P1,TOTAL,All students,206.226499938965,0,1
statepct,MAT,4,2017,IN,PC:P2,TOTAL,All students,226.758000946045,0,1
statepct,MAT,4,2017,IN,PC:P5,TOTAL,All students,247.526999664307,0,1
statepct,MAT,4,2017,IN,PC:P9,TOTAL,All students,285.207998657227,0,1
statepct,MAT,4,2017,KS,PC:P1,TOTAL,All students,201.793000030518,0,1
statepct,MAT,4,2017,KS,PC:P2,TOTAL,All students,222.337000274658,0,1
statepct,MAT,4,2017,KS,PC:P5,TOTAL,All students,242.924498748779,0,1
statepct,MAT,4,2017,KS,PC:P9,TOTAL,All students,277.610498046875,0,1
statepct,MAT,4,2017,KY,PC:P1,TOTAL,All students,198.933001708984,0,1
statepct,MAT,4,2017,KY,PC:P2,TOTAL,All students,219.627497863769,0,1
statepct,MAT,4,2017,KY,PC:P5,TOTAL,All students,241.348000335694,0,1
statepct,MAT,4,2017,KY,PC:P9,TOTAL,All students,276.299499511719,0,1
statepct,MAT,4,2017,LA,PC:P1,TOTAL,All students,189.063500213623,0,1
statepct,MAT,4,2017,LA,PC:P2,TOTAL,All students,209.495999908447,0,1
statepct,MAT,4,2017,LA,PC:P5,TOTAL,All students,230.774501037598,0,1
statepct,MAT,4,2017,LA,PC:P9,TOTAL,All students,266.808500671387,0,1
statepct,MAT,4,2017,MA,PC:P1,TOTAL,All students,208.977500152588,0,1
statepct,MAT,4,2017,MA,PC:P2,TOTAL,All students,229.110000610352,0,1
statepct,MAT,4,2017,MA,PC:P5,TOTAL,All students,251.298502349854,0,1
statepct,MAT,4,2017,MA,PC:P9,TOTAL,All students,286.111497497559,0,1
statepct,MAT,4,2017,MD,PC:P1,TOTAL,All students,195.529499816895,0,1
statepct,MAT,4,2017,MD,PC:P2,TOTAL,All students,217.645501708984,0,1
statepct,MAT,4,2017,MD,PC:P5,TOTAL,All students,242.328499603271,0,1
statepct,MAT,4,2017,MD,PC:P9,TOTAL,All students,283.535496520996,0,1
statepct,MAT,4,2017,ME,PC:P1,TOTAL,All students,199.692500305176,0,1
statepct,MAT,4,2017,ME,PC:P2,TOTAL,All students,221.325500488281,0,1
statepct,MAT,4,2017,ME,PC:P5,TOTAL,All students,242.102000427246,0,1
statepct,MAT,4,2017,ME,PC:P9,TOTAL,All students,276.692500305176,0,1
statepct,MAT,4,2017,MI,PC:P1,TOTAL,All students,191.978500366211,0,1
statepct,MAT,4,2017,MI,PC:P2,TOTAL,All students,213.560499572754,0,1
statepct,MAT,4,2017,MI,PC:P5,TOTAL,All students,236.943000030518,0,1
statepct,MAT,4,2017,MI,PC:P9,TOTAL,All students,276.857499694824,0,1
statepct,MAT,4,2017,MN,PC:P1,TOTAL,All students,205.452500915527,0,1
statepct,MAT,4,2017,MN,PC:P2,TOTAL,All students,229.043001556396,0,1
statepct,MAT,4,2017,MN,PC:P5,TOTAL,All students,251.039000701904,0,1
statepct,MAT,4,2017,MN,PC:P9,TOTAL,All students,288.057002258301,0,1
statepct,MAT,4,2017,MO,PC:P1,TOTAL,All students,197.962999725342,0,1
statepct,MAT,4,2017,MO,PC:P2,TOTAL,All students,218.867997741699,0,1
statepct,MAT,4,2017,MO,PC:P5,TOTAL,All students,241.587498474121,0,1
statepct,MAT,4,2017,MO,PC:P9,TOTAL,All students,277.897499084473,0,1
statepct,MAT,4,2017,MS,PC:P1,TOTAL,All students,198.239000701904,0,1
statepct,MAT,4,2017,MS,PC:P2,TOTAL,All students,216.112001037598,0,1
statepct,MAT,4,2017,MS,PC:P5,TOTAL,All students,235.450500488281,0,1
statepct,MAT,4,2017,MS,PC:P9,TOTAL,All students,269.914500427246,0,1
statepct,MAT,4,2019,IA,PC:P1,TOTAL,All students,198.875500488281,0,1
statepct,MAT,4,2019,IA,PC:P2,TOTAL,All students,221.177501678467,0,1
statepct,MAT,4,2019,IA,PC:P5,TOTAL,All students,242.720500183106,0,1
statepct,MAT,4,2019,IA,PC:P9,TOTAL,All students,279.150498962402,0,1
statepct,MAT,4,2019,IL,PC:P1,TOTAL,All students,193.624502563477,0,1
statepct,MAT,4,2019,IL,PC:P2,TOTAL,All students,216.660501861572,0,1
statepct,MAT,4,2019,IL,PC:P5,TOTAL,All students,239.92500076294,0,1
statepct,MAT,4,2019,IL,PC:P9,TOTAL,All students,278.54700012207,0,1
statepct,MAT,4,2019,IN,PC:P1,TOTAL,All students,203.898999023438,0,1
statepct,MAT,4,2019,IN,PC:P2,TOTAL,All students,225.04700088501,0,1
statepct,MAT,4,2019,IN,PC:P5,TOTAL,All students,246.772499084473,0,1
statepct,MAT,4,2019,IN,PC:P9,TOTAL,All students,283.436999511719,0,1
statepct,MAT,4,2019,KS,PC:P1,TOTAL,All students,198.004500579834,0,1
statepct,MAT,4,2019,KS,PC:P2,TOTAL,All students,218.860498046875,0,1
statepct,MAT,4,2019,KS,PC:P5,TOTAL,All students,241.287500762939,0,1
statepct,MAT,4,2019,KS,PC:P9,TOTAL,All students,278.256498718262,0,1
statepct,MAT,4,2019,KY,PC:P1,TOTAL,All students,198.116000366211,0,1
statepct,MAT,4,2019,KY,PC:P2,TOTAL,All students,220.702500915527,0,1
statepct,MAT,4,2019,KY,PC:P5,TOTAL,All students,241.495500183106,0,1
statepct,MAT,4,2019,KY,PC:P9,TOTAL,All students,277.176498413086,0,1
statepct,MAT,4,2019,LA,PC:P1,TOTAL,All students,191.088498687744,0,1
statepct,MAT,4,2019,LA,PC:P2,TOTAL,All students,212.340000915527,0,1
statepct,MAT,4,2019,LA,PC:P5,TOTAL,All students,233.605000305176,0,1
statepct,MAT,4,2019,LA,PC:P9,TOTAL,All students,268.15950012207,0,1
statepct,MAT,4,2019,MA,PC:P1,TOTAL,All students,205.325,0,1
statepct,MAT,4,2019,MA,PC:P2,TOTAL,All students,226.949001312256,0,1
statepct,MAT,4,2019,MA,PC:P5,TOTAL,All students,249.121999359131,0,1
statepct,MAT,4,2019,MA,PC:P9,TOTAL,All students,286.679000854492,0,1
statepct,MAT,4,2019,MD,PC:P1,TOTAL,All students,192.150500488281,0,1
statepct,MAT,4,2019,MD,PC:P2,TOTAL,All students,215.018997955322,0,1
statepct,MAT,4,2019,MD,PC:P5,TOTAL,All students,239.451999664307,0,1
statepct,MAT,4,2019,MD,PC:P9,TOTAL,All students,283.781001281738,0,1
statepct,MAT,4,2019,ME,PC:P1,TOTAL,All students,199.280500793457,0,1
statepct,MAT,4,2019,ME,PC:P2,TOTAL,All students,221.334000396728,0,1
statepct,MAT,4,2019,ME,PC:P5,TOTAL,All students,242.780001068115,0,1
statepct,MAT,4,2019,ME,PC:P9,TOTAL,All students,278.83699798584,0,1
statepct,MAT,4,2019,MI,PC:P1,TOTAL,All students,194.416500091553,0,1
statepct,MAT,4,2019,MI,PC:P2,TOTAL,All students,215.299499511719,0,1
statepct,MAT,4,2019,MI,PC:P5,TOTAL,All students,237.372499084473,0,1
statepct,MAT,4,2019,MI,PC:P9,TOTAL,All students,275.702000427246,0,1
statepct,MAT,4,2019,MN,PC:P1,TOTAL,All students,204.24400100708,0,1
statepct,MAT,4,2019,MN,PC:P2,TOTAL,All students,228.446500396729,0,1
statepct,MAT,4,2019,MN,PC:P5,TOTAL,All students,251.329499053955,0,1
statepct,MAT,4,2019,MN,PC:P9,TOTAL,All students,287.601002502441,0,1
statepct,MAT,4,2019,MO,PC:P1,TOTAL,All students,196.653500366211,0,1
statepct,MAT,4,2019,MO,PC:P2,TOTAL,All students,219.445999908447,0,1
statepct,MAT,4,2019,MO,PC:P5,TOTAL,All students,240.714000701904,0,1
statepct,MAT,4,2019,MO,PC:P9,TOTAL,All students,276.691500854492,0,1
statepct,MAT,4,2019,MS,PC:P1,TOTAL,All students,205.954000854492,0,1
statepct,MAT,4,2019,MS,PC:P2,TOTAL,All students,223.034001159668,0,1
statepct,MAT,4,2019,MS,PC:P5,TOTAL,All students,241.513001251221,0,1
statepct,MAT,4,2019,MS,PC:P9,TOTAL,All students,274.721000671387,0,1
statepct,MAT,4,2022,IA,PC:P1,TOTAL,All students,198.283501434326,0,1
statepct,MAT,4,2022,IA,PC:P2,TOTAL,All students,220.192998504639,0,1
statepct,MAT,4,2022,IA,PC:P5,TOTAL,All students,242.094499969482,0,1
statepct,MAT,4,2022,IA,PC:P9,TOTAL,All students,278.190997314453,0,1
statepct,MAT,4,2022,IL,PC:P1,TOTAL,All students,192.188499450684,0,1
statepct,MAT,4,2022,IL,PC:P2,TOTAL,All students,214.675998687744,0,1
statepct,MAT,4,2022,IL,PC:P5,TOTAL,All students,238.440000152588,0,1
statepct,MAT,4,2022,IL,PC:P9,TOTAL,All students,279.745500183106,0,1
statepct,MAT,4,2022,IN,PC:P1,TOTAL,All students,195.367999267578,0,1
statepct,MAT,4,2022,IN,PC:P2,TOTAL,All students,218.032001495361,0,1
statepct,MAT,4,2022,IN,PC:P5,TOTAL,All students,240.650497436524,0,1
statepct,MAT,4,2022,IN,PC:P9,TOTAL,All students,280.067498779297,0,1
statepct,MAT,4,2022,KS,PC:P1,TOTAL,All students,192.164501190186,0,1
statepct,MAT,4,2022,KS,PC:P2,TOTAL,All students,213.606499481201,0,1
statepct,MAT,4,2022,KS,PC:P5,TOTAL,All students,236.585000610352,0,1
statepct,MAT,4,2022,KS,PC:P9,TOTAL,All students,276.322000122071,0,1
statepct,MAT,4,2022,KY,PC:P1,TOTAL,All students,191.84949798584,0,1
statepct,MAT,4,2022,KY,PC:P2,TOTAL,All students,214.076500701904,0,1
statepct,MAT,4,2022,KY,PC:P5,TOTAL,All students,235.533000946045,0,1
statepct,MAT,4,2022,KY,PC:P9,TOTAL,All students,272.917498779297,0,1
statepct,MAT,4,2022,LA,PC:P1,TOTAL,All students,185.10299987793,0,1
statepct,MAT,4,2022,LA,PC:P2,TOTAL,All students,207.54049987793,0,1
statepct,MAT,4,2022,LA,PC:P5,TOTAL,All students,230.879000091553,0,1
statepct,MAT,4,2022,LA,PC:P9,TOTAL,All students,268.423999023437,0,1
statepct,MAT,4,2022,MA,PC:P1,TOTAL,All students,197.979501342773,0,1
statepct,MAT,4,2022,MA,PC:P2,TOTAL,All students,219.091000366211,0,1
statepct,MAT,4,2022,MA,PC:P5,TOTAL,All students,243.173501586914,0,1
statepct,MAT,4,2022,MA,PC:P9,TOTAL,All students,283.206001281738,0,1
statepct,MAT,4,2022,MD,PC:P1,TOTAL,All students,178.054497528076,0,1
statepct,MAT,4,2022,MD,PC:P2,TOTAL,All students,202.507999420166,0,1
statepct,MAT,4,2022,MD,PC:P5,TOTAL,All students,229.842501068115,0,1
statepct,MAT,4,2022,MD,PC:P9,TOTAL,All students,276.566998291016,0,1
statepct,MAT,4,2022,ME,PC:P1,TOTAL,All students,190.352499389648,0,1
statepct,MAT,4,2022,ME,PC:P2,TOTAL,All students,213.958499145508,0,1
statepct,MAT,4,2022,ME,PC:P5,TOTAL,All students,235.911000061035,0,1
statepct,MAT,4,2022,ME,PC:P9,TOTAL,All students,271.007502746582,0,1
statepct,MAT,4,2022,MI,PC:P1,TOTAL,All students,186.914000701904,0,1
statepct,MAT,4,2022,MI,PC:P2,TOTAL,All students,209.017000579834,0,1
statepct,MAT,4,2022,MI,PC:P5,TOTAL,All students,234.412998962402,0,1
statepct,MAT,4,2022,MI,PC:P9,TOTAL,All students,274.401504516602,0,1
statepct,MAT,4,2022,MN,PC:P1,TOTAL,All students,192.367501068115,0,1
statepct,MAT,4,2022,MN,PC:P2,TOTAL,All students,217.375499725342,0,1
statepct,MAT,4,2022,MN,PC:P5,TOTAL,All students,241.174501800537,0,1
statepct,MAT,4,2022,MN,PC:P9,TOTAL,All students,281.2375,0,1
statepct,MAT,4,2022,MO,PC:P1,TOTAL,All students,184.560498046875,0,1
statepct,MAT,4,2022,MO,PC:P2,TOTAL,All students,210.108501434326,0,1
statepct,MAT,4,2022,MO,PC:P5,TOTAL,All students,235.338999938965,0,1
statepct,MAT,4,2022,MO,PC:P9,TOTAL,All students,274.383499145508,0,1
statepct,MAT,4,2022,MS,PC:P1,TOTAL,All students,194.066498565674,0,1
statepct,MAT,4,2022,MS,PC:P2,TOTAL,All students,213.155500030518,0,1
statepct,MAT,4,2022,MS,PC:P5,TOTAL,All students,235.021499633789,0,1
statepct,MAT,4,2022,MS,PC:P9,TOTAL,All students,271.136000061035,0,1
statepct,MAT,4,2024,IA,PC:P1,TOTAL,All students,191.981999206543,0,1
statepct,MAT,4,2024,IA,PC:P2,TOTAL,All students,215.721000671387,0,1
statepct,MAT,4,2024,IA,PC:P5,TOTAL,All students,240.120499420166,0,1
statepct,MAT,4,2024,IA,PC:P9,TOTAL,All students,276.885496520996,0,1
statepct,MAT,4,2024,IL,PC:P1,TOTAL,All students,188.871500396729,0,1
statepct,MAT,4,2024,IL,PC:P2,TOTAL,All students,212.803500366211,0,1
statepct,MAT,4,2024,IL,PC:P5,TOTAL,All students,238.552001190186,0,1
statepct,MAT,4,2024,IL,PC:P9,TOTAL,All students,279.645501708984,0,1
statepct,MAT,4,2024,IN,PC:P1,TOTAL,All students,193.784000396728,0,1
statepct,MAT,4,2024,IN,PC:P2,TOTAL,All students,219.184499359131,0,1
statepct,MAT,4,2024,IN,PC:P5,TOTAL,All students,243.070999145508,0,1
statepct,MAT,4,2024,IN,PC:P9,TOTAL,All students,281.925001525879,0,1
statepct,MAT,4,2024,KS,PC:P1,TOTAL,All students,190.872500610352,0,1
statepct,MAT,4,2024,KS,PC:P2,TOTAL,All students,215.373999023437,0,1
statepct,MAT,4,2024,KS,PC:P5,TOTAL,All students,240.57250213623,0,1
statepct,MAT,4,2024,KS,PC:P9,TOTAL,All students,278.063999938965,0,1
statepct,MAT,4,2024,KY,PC:P1,TOTAL,All students,195.37799911499,0,1
statepct,MAT,4,2024,KY,PC:P2,TOTAL,All students,217.779499816895,0,1
statepct,MAT,4,2024,KY,PC:P5,TOTAL,All students,240.228499603272,0,1
statepct,MAT,4,2024,KY,PC:P9,TOTAL,All students,275.806500244141,0,1
statepct,MAT,4,2024,LA,PC:P1,TOTAL,All students,190.654001617432,0,1
statepct,MAT,4,2024,LA,PC:P2,TOTAL,All students,213.981999206543,0,1
statepct,MAT,4,2024,LA,PC:P5,TOTAL,All students,237.180999755859,0,1
statepct,MAT,4,2024,LA,PC:P9,TOTAL,All students,273.100498962402,0,1
statepct,MAT,4,2024,MA,PC:P1,TOTAL,All students,197.617499542236,0,1
statepct,MAT,4,2024,MA,PC:P2,TOTAL,All students,224.206500244141,0,1
statepct,MAT,4,2024,MA,PC:P5,TOTAL,All students,249.957999420166,0,1
statepct,MAT,4,2024,MA,PC:P9,TOTAL,All students,289.229498291016,0,1
statepct,MAT,4,2024,MD,PC:P1,TOTAL,All students,181.670000457764,0,1
statepct,MAT,4,2024,MD,PC:P2,TOTAL,All students,207.427500152588,0,1
statepct,MAT,4,2024,MD,PC:P5,TOTAL,All students,236.331999206543,0,1
statepct,MAT,4,2024,MD,PC:P9,TOTAL,All students,283.167999267578,0,1
statepct,MAT,4,2024,ME,PC:P1,TOTAL,All students,188.895499420166,0,1
statepct,MAT,4,2024,ME,PC:P2,TOTAL,All students,212.030500030518,0,1
statepct,MAT,4,2024,ME,PC:P5,TOTAL,All students,235.105500030518,0,1
statepct,MAT,4,2024,ME,PC:P9,TOTAL,All students,274.194999694824,0,1
statepct,MAT,4,2024,MI,PC:P1,TOTAL,All students,188.31549987793,0,1
statepct,MAT,4,2024,MI,PC:P2,TOTAL,All students,212.725998687744,0,1
statepct,MAT,4,2024,MI,PC:P5,TOTAL,All students,237.645500183106,0,1
statepct,MAT,4,2024,MI,PC:P9,TOTAL,All students,277.07200012207,0,1
statepct,MAT,4,2024,MN,PC:P1,TOTAL,All students,190.835501098633,0,1
statepct,MAT,4,2024,MN,PC:P2,TOTAL,All students,218.421501159668,0,1
statepct,MAT,4,2024,MN,PC:P5,TOTAL,All students,244.463501739502,0,1
statepct,MAT,4,2024,MN,PC:P9,TOTAL,All students,283.971997070313,0,1
statepct,MAT,4,2024,MO,PC:P1,TOTAL,All students,190.091499328613,0,1
statepct,MAT,4,2024,MO,PC:P2,TOTAL,All students,213.801499176025,0,1
statepct,MAT,4,2024,MO,PC:P5,TOTAL,All students,237.798999023438,0,1
statepct,MAT,4,2024,MO,PC:P9,TOTAL,All students,275.678500366211,0,1
statepct,MAT,4,2024,MS,PC:P1,TOTAL,All students,202.086502075195,0,1
statepct,MAT,4,2024,MS,PC:P2,TOTAL,All students,220.674498748779,0,1
statepct,MAT,4,2024,MS,PC:P5,TOTAL,All students,240.356999969483,0,1
statepct,MAT,4,2024,MS,PC:P9,TOTAL,All students,274.3125,0,1
statepct,MAT,4,2003,MT,PC:P1,TOTAL,All students,202.42799987793,0,1
statepct,MAT,4,2003,MT,PC:P2,TOTAL,All students,219.986001586914,0,1
statepct,MAT,4,2003,MT,PC:P5,TOTAL,All students,236.76799621582,0,1
statepct,MAT,4,2003,MT,PC:P9,TOTAL,All students,266.948004150391,0,1
statepct,MAT,4,2003,NC,PC:P1,TOTAL,All students,207.159997558594,0,1
statepct,MAT,4,2003,NC,PC:P2,TOTAL,All students,223.770001220703,0,1
statepct,MAT,4,2003,NC,PC:P5,TOTAL,All students,242.687997436524,0,1
statepct,MAT,4,2003,NC,PC:P9,TOTAL,All students,275.591998291016,0,1
statepct,MAT,4,2003,ND,PC:P1,TOTAL,All students,205.485998535156,0,1
statepct,MAT,4,2003,ND,PC:P2,TOTAL,All students,221.387997436524,0,1
statepct,MAT,4,2003,ND,PC:P5,TOTAL,All students,239.083999633789,0,1
statepct,MAT,4,2003,ND,PC:P9,TOTAL,All students,267.691998291016,0,1
statepct,MAT,4,2003,NE,PC:P1,TOTAL,All students,200.394000244141,0,1
statepct,MAT,4,2003,NE,PC:P2,TOTAL,All students,218.860000610352,0,1
statepct,MAT,4,2003,NE,PC:P5,TOTAL,All students,237.780001831055,0,1
statepct,MAT,4,2003,NE,PC:P9,TOTAL,All students,269.817993164063,0,1
statepct,MAT,4,2003,NH,PC:P1,TOTAL,All students,209.806002807617,0,1
statepct,MAT,4,2003,NH,PC:P2,TOTAL,All students,226.668002319336,0,1
statepct,MAT,4,2003,NH,PC:P5,TOTAL,All students,244.197998046875,0,1
statepct,MAT,4,2003,NH,PC:P9,TOTAL,All students,275.137994384766,0,1
statepct,MAT,4,2003,NJ,PC:P1,TOTAL,All students,199.301998901367,0,1
statepct,MAT,4,2003,NJ,PC:P2,TOTAL,All students,220.296002197266,0,1
statepct,MAT,4,2003,NJ,PC:P5,TOTAL,All students,241.05400390625,0,1
statepct,MAT,4,2003,NJ,PC:P9,TOTAL,All students,274.158001708984,0,1
statepct,MAT,4,2003,NM,PC:P1,TOTAL,All students,185.683999633789,0,1
statepct,MAT,4,2003,NM,PC:P2,TOTAL,All students,203.883999633789,0,1
statepct,MAT,4,2003,NM,PC:P5,TOTAL,All students,223.633999633789,0,1
statepct,MAT,4,2003,NM,PC:P9,TOTAL,All students,257.310003662109,0,1
statepct,MAT,4,2003,NV,PC:P1,TOTAL,All students,190.970004272461,0,1
statepct,MAT,4,2003,NV,PC:P2,TOTAL,All students,209.165997314453,0,1
statepct,MAT,4,2003,NV,PC:P5,TOTAL,All students,228.832000732422,0,1
statepct,MAT,4,2003,NV,PC:P9,TOTAL,All students,261.803997802735,0,1
statepct,MAT,4,2003,NY,PC:P1,TOTAL,All students,199.577996826172,0,1
statepct,MAT,4,2003,NY,PC:P2,TOTAL,All students,217.518002319336,0,1
statepct,MAT,4,2003,NY,PC:P5,TOTAL,All students,237.233999633789,0,1
statepct,MAT,4,2003,NY,PC:P9,TOTAL,All students,270.4,0,1
statepct,MAT,4,2003,OH,PC:P1,TOTAL,All students,202.457998657226,0,1
statepct,MAT,4,2003,OH,PC:P2,TOTAL,All students,220.139996337891,0,1
statepct,MAT,4,2003,OH,PC:P5,TOTAL,All students,239.051998901367,0,1
statepct,MAT,4,2003,OH,PC:P9,TOTAL,All students,271.280004882813,0,1
statepct,MAT,4,2003,OK,PC:P1,TOTAL,All students,195.580001831055,0,1
statepct,MAT,4,2003,OK,PC:P2,TOTAL,All students,212.654000854492,0,1
statepct,MAT,4,2003,OK,PC:P5,TOTAL,All students,230.320001220703,0,1
statepct,MAT,4,2003,OK,PC:P9,TOTAL,All students,260.611999511719,0,1
statepct,MAT,4,2003,OR,PC:P1,TOTAL,All students,200.175997924805,0,1
statepct,MAT,4,2003,OR,PC:P2,TOTAL,All students,218.078002929688,0,1
statepct,MAT,4,2003,OR,PC:P5,TOTAL,All students,237.167999267578,0,1
statepct,MAT,4,2003,OR,PC:P9,TOTAL,All students,270.961993408203,0,1
statepct,MAT,4,2003,PA,PC:P1,TOTAL,All students,195.970001220703,0,1
statepct,MAT,4,2003,PA,PC:P2,TOTAL,All students,216.753997802734,0,1
statepct,MAT,4,2003,PA,PC:P5,TOTAL,All students,238.598001098633,0,1
statepct,MAT,4,2003,PA,PC:P9,TOTAL,All students,271.275994873047,0,1
statepct,MAT,4,2005,MT,PC:P1,TOTAL,All students,207.382000732422,0,1
statepct,MAT,4,2005,MT,PC:P2,TOTAL,All students,224.663998413086,0,1
statepct,MAT,4,2005,MT,PC:P5,TOTAL,All students,241.846002197266,0,1
statepct,MAT,4,2005,MT,PC:P9,TOTAL,All students,271.19599609375,0,1
statepct,MAT,4,2005,NC,PC:P1,TOTAL,All students,205.261996459961,0,1
statepct,MAT,4,2005,NC,PC:P2,TOTAL,All students,222.660000610351,0,1
statepct,MAT,4,2005,NC,PC:P5,TOTAL,All students,241.846002197266,0,1
statepct,MAT,4,2005,NC,PC:P9,TOTAL,All students,276.15400390625,0,1
statepct,MAT,4,2005,ND,PC:P1,TOTAL,All students,212.288000488281,0,1
statepct,MAT,4,2005,ND,PC:P2,TOTAL,All students,227.961999511719,0,1
statepct,MAT,4,2005,ND,PC:P5,TOTAL,All students,243.494000244141,0,1
statepct,MAT,4,2005,ND,PC:P9,TOTAL,All students,272.428002929688,0,1
statepct,MAT,4,2005,NE,PC:P1,TOTAL,All students,200.464001464844,0,1
statepct,MAT,4,2005,NE,PC:P2,TOTAL,All students,219.703997802734,0,1
statepct,MAT,4,2005,NE,PC:P5,TOTAL,All students,239.298001098633,0,1
statepct,MAT,4,2005,NE,PC:P9,TOTAL,All students,272.124005126953,0,1
statepct,MAT,4,2005,NH,PC:P1,TOTAL,All students,212.739999389648,0,1
statepct,MAT,4,2005,NH,PC:P2,TOTAL,All students,229.45,0,1
statepct,MAT,4,2005,NH,PC:P5,TOTAL,All students,247.02200012207,0,1
statepct,MAT,4,2005,NH,PC:P9,TOTAL,All students,275.938000488281,0,1
statepct,MAT,4,2005,NJ,PC:P1,TOTAL,All students,206.838000488281,0,1
statepct,MAT,4,2005,NJ,PC:P2,TOTAL,All students,226.654000854492,0,1
statepct,MAT,4,2005,NJ,PC:P5,TOTAL,All students,245.92799987793,0,1
statepct,MAT,4,2005,NJ,PC:P9,TOTAL,All students,278.244000244141,0,1
statepct,MAT,4,2005,NM,PC:P1,TOTAL,All students,187.17200012207,0,1
statepct,MAT,4,2005,NM,PC:P2,TOTAL,All students,205.172003173828,0,1
statepct,MAT,4,2005,NM,PC:P5,TOTAL,All students,224.532000732422,0,1
statepct,MAT,4,2005,NM,PC:P9,TOTAL,All students,259.905999755859,0,1
statepct,MAT,4,2005,NV,PC:P1,TOTAL,All students,191.387997436523,0,1
statepct,MAT,4,2005,NV,PC:P2,TOTAL,All students,210.918002319336,0,1
statepct,MAT,4,2005,NV,PC:P5,TOTAL,All students,231.687997436523,0,1
statepct,MAT,4,2005,NV,PC:P9,TOTAL,All students,265.173999023438,0,1
statepct,MAT,4,2005,NY,PC:P1,TOTAL,All students,201.976000976563,0,1
statepct,MAT,4,2005,NY,PC:P2,TOTAL,All students,220.422003173828,0,1
statepct,MAT,4,2005,NY,PC:P5,TOTAL,All students,239.795999145508,0,1
statepct,MAT,4,2005,NY,PC:P9,TOTAL,All students,271.884002685547,0,1
statepct,MAT,4,2005,OH,PC:P1,TOTAL,All students,204.606002807617,0,1
statepct,MAT,4,2005,OH,PC:P2,TOTAL,All students,224.326000976563,0,1
statepct,MAT,4,2005,OH,PC:P5,TOTAL,All students,243.666000366211,0,1
statepct,MAT,4,2005,OH,PC:P9,TOTAL,All students,276.705999755859,0,1
statepct,MAT,4,2005,OK,PC:P1,TOTAL,All students,200.383999633789,0,1
statepct,MAT,4,2005,OK,PC:P2,TOTAL,All students,217.548001098633,0,1
statepct,MAT,4,2005,OK,PC:P5,TOTAL,All students,234.854000854492,0,1
statepct,MAT,4,2005,OK,PC:P9,TOTAL,All students,266.635998535156,0,1
statepct,MAT,4,2005,OR,PC:P1,TOTAL,All students,200.557998657226,0,1
statepct,MAT,4,2005,OR,PC:P2,TOTAL,All students,219.414001464844,0,1
statepct,MAT,4,2005,OR,PC:P5,TOTAL,All students,239.481997680664,0,1
statepct,MAT,4,2005,OR,PC:P9,TOTAL,All students,273.896002197266,0,1
statepct,MAT,4,2005,PA,PC:P1,TOTAL,All students,201.399996948242,0,1
statepct,MAT,4,2005,PA,PC:P2,TOTAL,All students,222.573999023438,0,1
statepct,MAT,4,2005,PA,PC:P5,TOTAL,All students,243.124002075195,0,1
statepct,MAT,4,2005,PA,PC:P9,TOTAL,All students,275.615997314453,0,1
statepct,MAT,4,2007,MT,PC:P1,TOTAL,All students,210.245999145508,0,1
statepct,MAT,4,2007,MT,PC:P2,TOTAL,All students,227.761999511719,0,1
statepct,MAT,4,2007,MT,PC:P5,TOTAL,All students,245.625997924805,0,1
statepct,MAT,4,2007,MT,PC:P9,TOTAL,All students,274.470001220703,0,1
statepct,MAT,4,2007,NC,PC:P1,TOTAL,All students,206.42799987793,0,1
statepct,MAT,4,2007,NC,PC:P2,TOTAL,All students,224.084002685547,0,1
statepct,MAT,4,2007,NC,PC:P5,TOTAL,All students,242.938000488281,0,1
statepct,MAT,4,2007,NC,PC:P9,TOTAL,All students,275.214001464844,0,1
statepct,MAT,4,2007,ND,PC:P1,TOTAL,All students,215.196002197266,0,1
statepct,MAT,4,2007,ND,PC:P2,TOTAL,All students,230.552001953125,0,1
statepct,MAT,4,2007,ND,PC:P5,TOTAL,All students,246.506002807617,0,1
statepct,MAT,4,2007,ND,PC:P9,TOTAL,All students,274.29800415039,0,1
statepct,MAT,4,2007,NE,PC:P1,TOTAL,All students,199.616000366211,0,1
statepct,MAT,4,2007,NE,PC:P2,TOTAL,All students,219.544000244141,0,1
statepct,MAT,4,2007,NE,PC:P5,TOTAL,All students,240.373999023438,0,1
statepct,MAT,4,2007,NE,PC:P9,TOTAL,All students,272.917999267578,0,1
statepct,MAT,4,2007,NH,PC:P1,TOTAL,All students,216.22799987793,0,1
statepct,MAT,4,2007,NH,PC:P2,TOTAL,All students,233.27200012207,0,1
statepct,MAT,4,2007,NH,PC:P5,TOTAL,All students,250.043997192383,0,1
statepct,MAT,4,2007,NH,PC:P9,TOTAL,All students,278.629998779297,0,1
statepct,MAT,4,2007,NJ,PC:P1,TOTAL,All students,213.202001953125,0,1
statepct,MAT,4,2007,NJ,PC:P2,TOTAL,All students,231.588000488281,0,1
statepct,MAT,4,2007,NJ,PC:P5,TOTAL,All students,250.180001831055,0,1
statepct,MAT,4,2007,NJ,PC:P9,TOTAL,All students,281.314001464844,0,1
statepct,MAT,4,2007,NM,PC:P1,TOTAL,All students,189.033999633789,0,1
statepct,MAT,4,2007,NM,PC:P2,TOTAL,All students,209.410000610352,0,1
statepct,MAT,4,2007,NM,PC:P5,TOTAL,All students,229.932000732422,0,1
statepct,MAT,4,2007,NM,PC:P9,TOTAL,All students,264.105993652344,0,1
statepct,MAT,4,2007,NV,PC:P1,TOTAL,All students,192.016000366211,0,1
statepct,MAT,4,2007,NV,PC:P2,TOTAL,All students,212.62399597168,0,1
statepct,MAT,4,2007,NV,PC:P5,TOTAL,All students,234.2,0,1
statepct,MAT,4,2007,NV,PC:P9,TOTAL,All students,267.929998779297,0,1
statepct,MAT,4,2007,NY,PC:P1,TOTAL,All students,205.534002685547,0,1
statepct,MAT,4,2007,NY,PC:P2,TOTAL,All students,225.17799987793,0,1
statepct,MAT,4,2007,NY,PC:P5,TOTAL,All students,244.660000610352,0,1
statepct,MAT,4,2007,NY,PC:P9,TOTAL,All students,276.361999511719,0,1
statepct,MAT,4,2007,OH,PC:P1,TOTAL,All students,209.82600402832,0,1
statepct,MAT,4,2007,OH,PC:P2,TOTAL,All students,227.288000488281,0,1
statepct,MAT,4,2007,OH,PC:P5,TOTAL,All students,246.203997802734,0,1
statepct,MAT,4,2007,OH,PC:P9,TOTAL,All students,276.934002685547,0,1
statepct,MAT,4,2007,OK,PC:P1,TOTAL,All students,204.211999511719,0,1
statepct,MAT,4,2007,OK,PC:P2,TOTAL,All students,220.923999023437,0,1
statepct,MAT,4,2007,OK,PC:P5,TOTAL,All students,238.328002929688,0,1
statepct,MAT,4,2007,OK,PC:P9,TOTAL,All students,267.773999023438,0,1
statepct,MAT,4,2007,OR,PC:P1,TOTAL,All students,197.288000488281,0,1
statepct,MAT,4,2007,OR,PC:P2,TOTAL,All students,217.718002319336,0,1
statepct,MAT,4,2007,OR,PC:P5,TOTAL,All students,238.169998168945,0,1
statepct,MAT,4,2007,OR,PC:P9,TOTAL,All students,271.717999267578,0,1
statepct,MAT,4,2007,PA,PC:P1,TOTAL,All students,206.370001220703,0,1
statepct,MAT,4,2007,PA,PC:P2,TOTAL,All students,226.543997192383,0,1
statepct,MAT,4,2007,PA,PC:P5,TOTAL,All students,246.964001464844,0,1
statepct,MAT,4,2007,PA,PC:P9,TOTAL,All students,277.842004394531,0,1
statepct,MAT,4,2009,MT,PC:P1,TOTAL,All students,211.688000488281,0,1
statepct,MAT,4,2009,MT,PC:P2,TOTAL,All students,228.15,0,1
statepct,MAT,4,2009,MT,PC:P5,TOTAL,All students,245.803997802735,0,1
statepct,MAT,4,2009,MT,PC:P9,TOTAL,All students,275.203997802735,0,1
statepct,MAT,4,2009,NC,PC:P1,TOTAL,All students,208.875997924805,0,1
statepct,MAT,4,2009,NC,PC:P2,TOTAL,All students,226.259997558594,0,1
statepct,MAT,4,2009,NC,PC:P5,TOTAL,All students,244.3,0,1
statepct,MAT,4,2009,NC,PC:P9,TOTAL,All students,279.016003417969,0,1
statepct,MAT,4,2009,ND,PC:P1,TOTAL,All students,215.602001953125,0,1
statepct,MAT,4,2009,ND,PC:P2,TOTAL,All students,230.223999023437,0,1
statepct,MAT,4,2009,ND,PC:P5,TOTAL,All students,245.829995727539,0,1
statepct,MAT,4,2009,ND,PC:P9,TOTAL,All students,274.453997802735,0,1
statepct,MAT,4,2009,NE,PC:P1,TOTAL,All students,202.416000366211,0,1
statepct,MAT,4,2009,NE,PC:P2,TOTAL,All students,221.730001831055,0,1
statepct,MAT,4,2009,NE,PC:P5,TOTAL,All students,240.794000244141,0,1
statepct,MAT,4,2009,NE,PC:P9,TOTAL,All students,272.047998046875,0,1
statepct,MAT,4,2009,NH,PC:P1,TOTAL,All students,217.800003051758,0,1
statepct,MAT,4,2009,NH,PC:P2,TOTAL,All students,234.864001464844,0,1
statepct,MAT,4,2009,NH,PC:P5,TOTAL,All students,252.624002075195,0,1
statepct,MAT,4,2009,NH,PC:P9,TOTAL,All students,282.152001953125,0,1
statepct,MAT,4,2009,NJ,PC:P1,TOTAL,All students,209.585998535156,0,1
statepct,MAT,4,2009,NJ,PC:P2,TOTAL,All students,228.619998168945,0,1
statepct,MAT,4,2009,NJ,PC:P5,TOTAL,All students,248.160003662109,0,1
statepct,MAT,4,2009,NJ,PC:P9,TOTAL,All students,280.411999511719,0,1
statepct,MAT,4,2009,NM,PC:P1,TOTAL,All students,192.328002929688,0,1
statepct,MAT,4,2009,NM,PC:P2,TOTAL,All students,210.995999145508,0,1
statepct,MAT,4,2009,NM,PC:P5,TOTAL,All students,230.766000366211,0,1
statepct,MAT,4,2009,NM,PC:P9,TOTAL,All students,266.776000976562,0,1
statepct,MAT,4,2009,NV,PC:P1,TOTAL,All students,198.860000610352,0,1
statepct,MAT,4,2009,NV,PC:P2,TOTAL,All students,217.473999023438,0,1
statepct,MAT,4,2009,NV,PC:P5,TOTAL,All students,236.886004638672,0,1
statepct,MAT,4,2009,NV,PC:P9,TOTAL,All students,269.026000976563,0,1
statepct,MAT,4,2009,NY,PC:P1,TOTAL,All students,204.432000732422,0,1
statepct,MAT,4,2009,NY,PC:P2,TOTAL,All students,222.996002197266,0,1
statepct,MAT,4,2009,NY,PC:P5,TOTAL,All students,242.204000854492,0,1
statepct,MAT,4,2009,NY,PC:P9,TOTAL,All students,274.259997558594,0,1
statepct,MAT,4,2009,OH,PC:P1,TOTAL,All students,206.712002563477,0,1
statepct,MAT,4,2009,OH,PC:P2,TOTAL,All students,225.432000732422,0,1
statepct,MAT,4,2009,OH,PC:P5,TOTAL,All students,245.459997558594,0,1
statepct,MAT,4,2009,OH,PC:P9,TOTAL,All students,278.166003417969,0,1
statepct,MAT,4,2009,OK,PC:P1,TOTAL,All students,203.961999511719,0,1
statepct,MAT,4,2009,OK,PC:P2,TOTAL,All students,220.145999145508,0,1
statepct,MAT,4,2009,OK,PC:P5,TOTAL,All students,238.048001098633,0,1
statepct,MAT,4,2009,OK,PC:P9,TOTAL,All students,268.183996582031,0,1
statepct,MAT,4,2009,OR,PC:P1,TOTAL,All students,199.38200378418,0,1
statepct,MAT,4,2009,OR,PC:P2,TOTAL,All students,219.334002685547,0,1
statepct,MAT,4,2009,OR,PC:P5,TOTAL,All students,239.717999267578,0,1
statepct,MAT,4,2009,OR,PC:P9,TOTAL,All students,273.428002929687,0,1
statepct,MAT,4,2009,PA,PC:P1,TOTAL,All students,205.676000976563,0,1
statepct,MAT,4,2009,PA,PC:P2,TOTAL,All students,224.861996459961,0,1
statepct,MAT,4,2009,PA,PC:P5,TOTAL,All students,245.730001831055,0,1
statepct,MAT,4,2009,PA,PC:P9,TOTAL,All students,278.766009521485,0,1
statepct,MAT,4,2011,MT,PC:P1,TOTAL,All students,208.604000854492,0,1
statepct,MAT,4,2011,MT,PC:P2,TOTAL,All students,228.042001342773,0,1
statepct,MAT,4,2011,MT,PC:P5,TOTAL,All students,245.989999389648,0,1
statepct,MAT,4,2011,MT,PC:P9,TOTAL,All students,275.388006591797,0,1
statepct,MAT,4,2011,NC,PC:P1,TOTAL,All students,211.217999267578,0,1
statepct,MAT,4,2011,NC,PC:P2,TOTAL,All students,227.389999389648,0,1
statepct,MAT,4,2011,NC,PC:P5,TOTAL,All students,245.332000732422,0,1
statepct,MAT,4,2011,NC,PC:P9,TOTAL,All students,277.333996582031,0,1
statepct,MAT,4,2011,ND,PC:P1,TOTAL,All students,213.486001586914,0,1
statepct,MAT,4,2011,ND,PC:P2,TOTAL,All students,229.964001464844,0,1
statepct,MAT,4,2011,ND,PC:P5,TOTAL,All students,246.987997436523,0,1
statepct,MAT,4,2011,ND,PC:P9,TOTAL,All students,275.028002929687,0,1
statepct,MAT,4,2011,NE,PC:P1,TOTAL,All students,203.093997192383,0,1
statepct,MAT,4,2011,NE,PC:P2,TOTAL,All students,221.711996459961,0,1
statepct,MAT,4,2011,NE,PC:P5,TOTAL,All students,241.802001953125,0,1
statepct,MAT,4,2011,NE,PC:P9,TOTAL,All students,273.689996337891,0,1
statepct,MAT,4,2011,NH,PC:P1,TOTAL,All students,218.87600402832,0,1
statepct,MAT,4,2011,NH,PC:P2,TOTAL,All students,236.198001098633,0,1
statepct,MAT,4,2011,NH,PC:P5,TOTAL,All students,253.597998046875,0,1
statepct,MAT,4,2011,NH,PC:P9,TOTAL,All students,282.6,0,1
statepct,MAT,4,2011,NJ,PC:P1,TOTAL,All students,212.224002075195,0,1
statepct,MAT,4,2011,NJ,PC:P2,TOTAL,All students,231.313998413086,0,1
statepct,MAT,4,2011,NJ,PC:P5,TOTAL,All students,249.597998046875,0,1
statepct,MAT,4,2011,NJ,PC:P9,TOTAL,All students,281.814001464844,0,1
statepct,MAT,4,2011,NM,PC:P1,TOTAL,All students,195.039996337891,0,1
statepct,MAT,4,2011,NM,PC:P2,TOTAL,All students,213.933999633789,0,1
statepct,MAT,4,2011,NM,PC:P5,TOTAL,All students,233.82200012207,0,1
statepct,MAT,4,2011,NM,PC:P9,TOTAL,All students,269.103997802735,0,1
statepct,MAT,4,2011,NV,PC:P1,TOTAL,All students,199.438000488281,0,1
statepct,MAT,4,2011,NV,PC:P2,TOTAL,All students,218.288000488281,0,1
statepct,MAT,4,2011,NV,PC:P5,TOTAL,All students,238.591998291016,0,1
statepct,MAT,4,2011,NV,PC:P9,TOTAL,All students,272.275994873047,0,1
statepct,MAT,4,2011,NY,PC:P1,TOTAL,All students,199.539999389649,0,1
statepct,MAT,4,2011,NY,PC:P2,TOTAL,All students,218.916000366211,0,1
statepct,MAT,4,2011,NY,PC:P5,TOTAL,All students,239.011999511719,0,1
statepct,MAT,4,2011,NY,PC:P9,TOTAL,All students,273.037994384765,0,1
statepct,MAT,4,2011,OH,PC:P1,TOTAL,All students,208.116003417969,0,1
statepct,MAT,4,2011,OH,PC:P2,TOTAL,All students,226.444000244141,0,1
statepct,MAT,4,2011,OH,PC:P5,TOTAL,All students,245.811999511719,0,1
statepct,MAT,4,2011,OH,PC:P9,TOTAL,All students,277.361999511719,0,1
statepct,MAT,4,2011,OK,PC:P1,TOTAL,All students,204.847998046875,0,1
statepct,MAT,4,2011,OK,PC:P2,TOTAL,All students,221.157998657227,0,1
statepct,MAT,4,2011,OK,PC:P5,TOTAL,All students,238.544000244141,0,1
statepct,MAT,4,2011,OK,PC:P9,TOTAL,All students,268.925994873047,0,1
statepct,MAT,4,2011,OR,PC:P1,TOTAL,All students,197.02799987793,0,1
statepct,MAT,4,2011,OR,PC:P2,TOTAL,All students,216.179998779297,0,1
statepct,MAT,4,2011,OR,PC:P5,TOTAL,All students,238.037997436523,0,1
statepct,MAT,4,2011,OR,PC:P9,TOTAL,All students,275.720001220703,0,1
statepct,MAT,4,2011,PA,PC:P1,TOTAL,All students,207.839999389648,0,1
statepct,MAT,4,2011,PA,PC:P2,TOTAL,All students,227.971997070313,0,1
statepct,MAT,4,2011,PA,PC:P5,TOTAL,All students,247.666003417969,0,1
statepct,MAT,4,2011,PA,PC:P9,TOTAL,All students,280.696002197266,0,1
statepct,MAT,4,2013,MT,PC:P1,TOTAL,All students,207.283499908447,0,1
statepct,MAT,4,2013,MT,PC:P2,TOTAL,All students,226.43450012207,0,1
statepct,MAT,4,2013,MT,PC:P5,TOTAL,All students,245.74349899292,0,1
statepct,MAT,4,2013,MT,PC:P9,TOTAL,All students,277.025,0,1
statepct,MAT,4,2013,NC,PC:P1,TOTAL,All students,209.302499389648,0,1
statepct,MAT,4,2013,NC,PC:P2,TOTAL,All students,226.843500518799,0,1
statepct,MAT,4,2013,NC,PC:P5,TOTAL,All students,245.781500244141,0,1
statepct,MAT,4,2013,NC,PC:P9,TOTAL,All students,279.090000915528,0,1
statepct,MAT,4,2013,ND,PC:P1,TOTAL,All students,212.778499603272,0,1
statepct,MAT,4,2013,ND,PC:P2,TOTAL,All students,230.080000305176,0,1
statepct,MAT,4,2013,ND,PC:P5,TOTAL,All students,247.774997711182,0,1
statepct,MAT,4,2013,ND,PC:P9,TOTAL,All students,278.083502197266,0,1
statepct,MAT,4,2013,NE,PC:P1,TOTAL,All students,204.660000610352,0,1
statepct,MAT,4,2013,NE,PC:P2,TOTAL,All students,224.756500244141,0,1
statepct,MAT,4,2013,NE,PC:P5,TOTAL,All students,245.102500915527,0,1
statepct,MAT,4,2013,NE,PC:P9,TOTAL,All students,279.063502502441,0,1
statepct,MAT,4,2013,NH,PC:P1,TOTAL,All students,219.486501312256,0,1
statepct,MAT,4,2013,NH,PC:P2,TOTAL,All students,237.207500457764,0,1
statepct,MAT,4,2013,NH,PC:P5,TOTAL,All students,254.509000396728,0,1
statepct,MAT,4,2013,NH,PC:P9,TOTAL,All students,284.757498168945,0,1
statepct,MAT,4,2013,NJ,PC:P1,TOTAL,All students,208.773501586914,0,1
statepct,MAT,4,2013,NJ,PC:P2,TOTAL,All students,228.659999847412,0,1
statepct,MAT,4,2013,NJ,PC:P5,TOTAL,All students,248.548001098633,0,1
statepct,MAT,4,2013,NJ,PC:P9,TOTAL,All students,282.62149810791,0,1
statepct,MAT,4,2013,NM,PC:P1,TOTAL,All students,194.163999176025,0,1
statepct,MAT,4,2013,NM,PC:P2,TOTAL,All students,212.996000671387,0,1
statepct,MAT,4,2013,NM,PC:P5,TOTAL,All students,234.026999664307,0,1
statepct,MAT,4,2013,NM,PC:P9,TOTAL,All students,270.072998046875,0,1
statepct,MAT,4,2013,NV,PC:P1,TOTAL,All students,199.401499176025,0,1
statepct,MAT,4,2013,NV,PC:P2,TOTAL,All students,219.01549911499,0,1
statepct,MAT,4,2013,NV,PC:P5,TOTAL,All students,238.340999603272,0,1
statepct,MAT,4,2013,NV,PC:P9,TOTAL,All students,270.402000427246,0,1
statepct,MAT,4,2013,NY,PC:P1,TOTAL,All students,202.693500518799,0,1
statepct,MAT,4,2013,NY,PC:P2,TOTAL,All students,222.048999023438,0,1
statepct,MAT,4,2013,NY,PC:P5,TOTAL,All students,241.635499572754,0,1
statepct,MAT,4,2013,NY,PC:P9,TOTAL,All students,276.201000976563,0,1
statepct,MAT,4,2013,OH,PC:P1,TOTAL,All students,206.418499755859,0,1
statepct,MAT,4,2013,OH,PC:P2,TOTAL,All students,227.170999145508,0,1
statepct,MAT,4,2013,OH,PC:P5,TOTAL,All students,247.60950012207,0,1
statepct,MAT,4,2013,OH,PC:P9,TOTAL,All students,281.580000305176,0,1
statepct,MAT,4,2013,OK,PC:P1,TOTAL,All students,204.191499328613,0,1
statepct,MAT,4,2013,OK,PC:P2,TOTAL,All students,221.636999511719,0,1
statepct,MAT,4,2013,OK,PC:P5,TOTAL,All students,240.050999450684,0,1
statepct,MAT,4,2013,OK,PC:P9,TOTAL,All students,272.202499389648,0,1
statepct,MAT,4,2013,OR,PC:P1,TOTAL,All students,200.569000244141,0,1
statepct,MAT,4,2013,OR,PC:P2,TOTAL,All students,220.289499664307,0,1
statepct,MAT,4,2013,OR,PC:P5,TOTAL,All students,241.38800201416,0,1
statepct,MAT,4,2013,OR,PC:P9,TOTAL,All students,277.970501708984,0,1
statepct,MAT,4,2013,PA,PC:P1,TOTAL,All students,206.437000274658,0,1
statepct,MAT,4,2013,PA,PC:P2,TOTAL,All students,225.601998138428,0,1
statepct,MAT,4,2013,PA,PC:P5,TOTAL,All students,245.086500549316,0,1
statepct,MAT,4,2013,PA,PC:P9,TOTAL,All students,279.60950012207,0,1
statepct,MAT,4,2015,MT,PC:P1,TOTAL,All students,205.0375,0,1
statepct,MAT,4,2015,MT,PC:P2,TOTAL,All students,223.210498809814,0,1
statepct,MAT,4,2015,MT,PC:P5,TOTAL,All students,242.625999450684,0,1
statepct,MAT,4,2015,MT,PC:P9,TOTAL,All students,276.174998474121,0,1
statepct,MAT,4,2015,NC,PC:P1,TOTAL,All students,206.338498687744,0,1
statepct,MAT,4,2015,NC,PC:P2,TOTAL,All students,225.651500701905,0,1
statepct,MAT,4,2015,NC,PC:P5,TOTAL,All students,244.954999542236,0,1
statepct,MAT,4,2015,NC,PC:P9,TOTAL,All students,278.969499206543,0,1
statepct,MAT,4,2015,ND,PC:P1,TOTAL,All students,210.207498931885,0,1
statepct,MAT,4,2015,ND,PC:P2,TOTAL,All students,227.708499908447,0,1
statepct,MAT,4,2015,ND,PC:P5,TOTAL,All students,245.515000915527,0,1
statepct,MAT,4,2015,ND,PC:P9,TOTAL,All students,278.801997375488,0,1
statepct,MAT,4,2015,NE,PC:P1,TOTAL,All students,206.67200012207,0,1
statepct,MAT,4,2015,NE,PC:P2,TOTAL,All students,226.631999206543,0,1
statepct,MAT,4,2015,NE,PC:P5,TOTAL,All students,246.092500305176,0,1
statepct,MAT,4,2015,NE,PC:P9,TOTAL,All students,277.499499511719,0,1
statepct,MAT,4,2015,NH,PC:P1,TOTAL,All students,215.817998504639,0,1
statepct,MAT,4,2015,NH,PC:P2,TOTAL,All students,232.473999786377,0,1
statepct,MAT,4,2015,NH,PC:P5,TOTAL,All students,249.946499633789,0,1
statepct,MAT,4,2015,NH,PC:P9,TOTAL,All students,282.03450012207,0,1
statepct,MAT,4,2015,NJ,PC:P1,TOTAL,All students,207.845999908447,0,1
statepct,MAT,4,2015,NJ,PC:P2,TOTAL,All students,227.138500213623,0,1
statepct,MAT,4,2015,NJ,PC:P5,TOTAL,All students,246.798000335693,0,1
statepct,MAT,4,2015,NJ,PC:P9,TOTAL,All students,281.071499633789,0,1
statepct,MAT,4,2015,NM,PC:P1,TOTAL,All students,194.564499664307,0,1
statepct,MAT,4,2015,NM,PC:P2,TOTAL,All students,212.643000030518,0,1
statepct,MAT,4,2015,NM,PC:P5,TOTAL,All students,232.077998352051,0,1
statepct,MAT,4,2015,NM,PC:P9,TOTAL,All students,266.787501525879,0,1
statepct,MAT,4,2015,NV,PC:P1,TOTAL,All students,194.774998474121,0,1
statepct,MAT,4,2015,NV,PC:P2,TOTAL,All students,214.929499816895,0,1
statepct,MAT,4,2015,NV,PC:P5,TOTAL,All students,235.643000793457,0,1
statepct,MAT,4,2015,NV,PC:P9,TOTAL,All students,270.263000488281,0,1
statepct,MAT,4,2015,NY,PC:P1,TOTAL,All students,198.918998718262,0,1
statepct,MAT,4,2015,NY,PC:P2,TOTAL,All students,217.945000457764,0,1
statepct,MAT,4,2015,NY,PC:P5,TOTAL,All students,237.965000152588,0,1
statepct,MAT,4,2015,NY,PC:P9,TOTAL,All students,272.810499572754,0,1
statepct,MAT,4,2015,OH,PC:P1,TOTAL,All students,206.449499511719,0,1
statepct,MAT,4,2015,OH,PC:P2,TOTAL,All students,225.234499359131,0,1
statepct,MAT,4,2015,OH,PC:P5,TOTAL,All students,244.990998840332,0,1
statepct,MAT,4,2015,OH,PC:P9,TOTAL,All students,278.693000793457,0,1
statepct,MAT,4,2015,OK,PC:P1,TOTAL,All students,206.359001159668,0,1
statepct,MAT,4,2015,OK,PC:P2,TOTAL,All students,222.854499816895,0,1
statepct,MAT,4,2015,OK,PC:P5,TOTAL,All students,239.937998962402,0,1
statepct,MAT,4,2015,OK,PC:P9,TOTAL,All students,273.355001831055,0,1
statepct,MAT,4,2015,OR,PC:P1,TOTAL,All students,198.128502655029,0,1
statepct,MAT,4,2015,OR,PC:P2,TOTAL,All students,218.259999847412,0,1
statepct,MAT,4,2015,OR,PC:P5,TOTAL,All students,239.213000488281,0,1
statepct,MAT,4,2015,OR,PC:P9,TOTAL,All students,274.79049987793,0,1
statepct,MAT,4,2015,PA,PC:P1,TOTAL,All students,202.473999786377,0,1
statepct,MAT,4,2015,PA,PC:P2,TOTAL,All students,223.227499389648,0,1
statepct,MAT,4,2015,PA,PC:P5,TOTAL,All students,245.108501434326,0,1
statepct,MAT,4,2015,PA,PC:P9,TOTAL,All students,281.455503845215,0,1
statepct,MAT,4,2017,MT,PC:P1,TOTAL,All students,202.576000976563,0,1
statepct,MAT,4,2017,MT,PC:P2,TOTAL,All students,222.731001281738,0,1
statepct,MAT,4,2017,MT,PC:P5,TOTAL,All students,242.767498779297,0,1
statepct,MAT,4,2017,MT,PC:P9,TOTAL,All students,276.077995300293,0,1
statepct,MAT,4,2017,NC,PC:P1,TOTAL,All students,199.219500732422,0,1
statepct,MAT,4,2017,NC,PC:P2,TOTAL,All students,220.695499420166,0,1
statepct,MAT,4,2017,NC,PC:P5,TOTAL,All students,242.805498504639,0,1
statepct,MAT,4,2017,NC,PC:P9,TOTAL,All students,279.591999816895,0,1
statepct,MAT,4,2017,ND,PC:P1,TOTAL,All students,206.64400177002,0,1
statepct,MAT,4,2017,ND,PC:P2,TOTAL,All students,226.175999450683,0,1
statepct,MAT,4,2017,ND,PC:P5,TOTAL,All students,246.157999420166,0,1
statepct,MAT,4,2017,ND,PC:P9,TOTAL,All students,278.952001953125,0,1
statepct,MAT,4,2017,NE,PC:P1,TOTAL,All students,205.734000396728,0,1
statepct,MAT,4,2017,NE,PC:P2,TOTAL,All students,226.959000396729,0,1
statepct,MAT,4,2017,NE,PC:P5,TOTAL,All students,248.070999908447,0,1
statepct,MAT,4,2017,NE,PC:P9,TOTAL,All students,281.7125,0,1
statepct,MAT,4,2017,NH,PC:P1,TOTAL,All students,206.101499938965,0,1
statepct,MAT,4,2017,NH,PC:P2,TOTAL,All students,226.608000183106,0,1
statepct,MAT,4,2017,NH,PC:P5,TOTAL,All students,247.210499572754,0,1
statepct,MAT,4,2017,NH,PC:P9,TOTAL,All students,281.731500244141,0,1
statepct,MAT,4,2017,NJ,PC:P1,TOTAL,All students,209.326499938965,0,1
statepct,MAT,4,2017,NJ,PC:P2,TOTAL,All students,228.686500549317,0,1
statepct,MAT,4,2017,NJ,PC:P5,TOTAL,All students,248.962499237061,0,1
statepct,MAT,4,2017,NJ,PC:P9,TOTAL,All students,285.264002990723,0,1
statepct,MAT,4,2017,NM,PC:P1,TOTAL,All students,189.687001037598,0,1
statepct,MAT,4,2017,NM,PC:P2,TOTAL,All students,208.585499572754,0,1
statepct,MAT,4,2017,NM,PC:P5,TOTAL,All students,230.151499938965,0,1
statepct,MAT,4,2017,NM,PC:P9,TOTAL,All students,268.878503417969,0,1
statepct,MAT,4,2017,NV,PC:P1,TOTAL,All students,188.988499450684,0,1
statepct,MAT,4,2017,NV,PC:P2,TOTAL,All students,211.709000396729,0,1
statepct,MAT,4,2017,NV,PC:P5,TOTAL,All students,234.029499816895,0,1
statepct,MAT,4,2017,NV,PC:P9,TOTAL,All students,269.871000671387,0,1
statepct,MAT,4,2017,NY,PC:P1,TOTAL,All students,193.119499969482,0,1
statepct,MAT,4,2017,NY,PC:P2,TOTAL,All students,215.188000488281,0,1
statepct,MAT,4,2017,NY,PC:P5,TOTAL,All students,237.904499816894,0,1
statepct,MAT,4,2017,NY,PC:P9,TOTAL,All students,273.387001037598,0,1
statepct,MAT,4,2017,OH,PC:P1,TOTAL,All students,200.85650177002,0,1
statepct,MAT,4,2017,OH,PC:P2,TOTAL,All students,220.813999938965,0,1
statepct,MAT,4,2017,OH,PC:P5,TOTAL,All students,242.403500366211,0,1
statepct,MAT,4,2017,OH,PC:P9,TOTAL,All students,278.836001586914,0,1
statepct,MAT,4,2017,OK,PC:P1,TOTAL,All students,200.243500518799,0,1
statepct,MAT,4,2017,OK,PC:P2,TOTAL,All students,219.638999176025,0,1
statepct,MAT,4,2017,OK,PC:P5,TOTAL,All students,239.073999023437,0,1
statepct,MAT,4,2017,OK,PC:P9,TOTAL,All students,271.804501342774,0,1
statepct,MAT,4,2017,OR,PC:P1,TOTAL,All students,188.263999938965,0,1
statepct,MAT,4,2017,OR,PC:P2,TOTAL,All students,211.528498840332,0,1
statepct,MAT,4,2017,OR,PC:P5,TOTAL,All students,234.75299911499,0,1
statepct,MAT,4,2017,OR,PC:P9,TOTAL,All students,275.179495239258,0,1
statepct,MAT,4,2017,PA,PC:P1,TOTAL,All students,197.90299911499,0,1
statepct,MAT,4,2017,PA,PC:P2,TOTAL,All students,220.263999176025,0,1
statepct,MAT,4,2017,PA,PC:P5,TOTAL,All students,243.76549987793,0,1
statepct,MAT,4,2017,PA,PC:P9,TOTAL,All students,282.148999023438,0,1
statepct,MAT,4,2019,MT,PC:P1,TOTAL,All students,200.994502258301,0,1
statepct,MAT,4,2019,MT,PC:P2,TOTAL,All students,223.013999176025,0,1
statepct,MAT,4,2019,MT,PC:P5,TOTAL,All students,243.693500518799,0,1
statepct,MAT,4,2019,MT,PC:P9,TOTAL,All students,277.095001220703,0,1
statepct,MAT,4,2019,NC,PC:P1,TOTAL,All students,202.073999023438,0,1
statepct,MAT,4,2019,NC,PC:P2,TOTAL,All students,221.867001342774,0,1
statepct,MAT,4,2019,NC,PC:P5,TOTAL,All students,242.666000366211,0,1
statepct,MAT,4,2019,NC,PC:P9,TOTAL,All students,279.388000488281,0,1
statepct,MAT,4,2019,ND,PC:P1,TOTAL,All students,204.50299987793,0,1
statepct,MAT,4,2019,ND,PC:P2,TOTAL,All students,224.709501647949,0,1
statepct,MAT,4,2019,ND,PC:P5,TOTAL,All students,245.000498199463,0,1
statepct,MAT,4,2019,ND,PC:P9,TOTAL,All students,277.917999267578,0,1
statepct,MAT,4,2019,NE,PC:P1,TOTAL,All students,203.163000488281,0,1
statepct,MAT,4,2019,NE,PC:P2,TOTAL,All students,225.272999572754,0,1
statepct,MAT,4,2019,NE,PC:P5,TOTAL,All students,245.704998016357,0,1
statepct,MAT,4,2019,NE,PC:P9,TOTAL,All students,281.623999023437,0,1
statepct,MAT,4,2019,NH,PC:P1,TOTAL,All students,206.243999481201,0,1
statepct,MAT,4,2019,NH,PC:P2,TOTAL,All students,226.650000762939,0,1
statepct,MAT,4,2019,NH,PC:P5,TOTAL,All students,246.028500366211,0,1
statepct,MAT,4,2019,NH,PC:P9,TOTAL,All students,280.527494812012,0,1
statepct,MAT,4,2019,NJ,PC:P1,TOTAL,All students,205.404999542237,0,1
statepct,MAT,4,2019,NJ,PC:P2,TOTAL,All students,226.711500549317,0,1
statepct,MAT,4,2019,NJ,PC:P5,TOTAL,All students,247.682501220703,0,1
statepct,MAT,4,2019,NJ,PC:P9,TOTAL,All students,284.234001159668,0,1
statepct,MAT,4,2019,NM,PC:P1,TOTAL,All students,190.351499938965,0,1
statepct,MAT,4,2019,NM,PC:P2,TOTAL,All students,211.392498779297,0,1
statepct,MAT,4,2019,NM,PC:P5,TOTAL,All students,232.502000427246,0,1
statepct,MAT,4,2019,NM,PC:P9,TOTAL,All students,269.388500976563,0,1
statepct,MAT,4,2019,NV,PC:P1,TOTAL,All students,195.558000183106,0,1
statepct,MAT,4,2019,NV,PC:P2,TOTAL,All students,216.095498657227,0,1
statepct,MAT,4,2019,NV,PC:P5,TOTAL,All students,237.152000427246,0,1
statepct,MAT,4,2019,NV,PC:P9,TOTAL,All students,273.376498413086,0,1
statepct,MAT,4,2019,NY,PC:P1,TOTAL,All students,193.184997558594,0,1
statepct,MAT,4,2019,NY,PC:P2,TOTAL,All students,215.648000335693,0,1
statepct,MAT,4,2019,NY,PC:P5,TOTAL,All students,238.603999328613,0,1
statepct,MAT,4,2019,NY,PC:P9,TOTAL,All students,277.859996032715,0,1
statepct,MAT,4,2019,OH,PC:P1,TOTAL,All students,201.966996765137,0,1
statepct,MAT,4,2019,OH,PC:P2,TOTAL,All students,221.779000854492,0,1
statepct,MAT,4,2019,OH,PC:P5,TOTAL,All students,242.60299911499,0,1
statepct,MAT,4,2019,OH,PC:P9,TOTAL,All students,278.018002319336,0,1
statepct,MAT,4,2019,OK,PC:P1,TOTAL,All students,200.714499664307,0,1
statepct,MAT,4,2019,OK,PC:P2,TOTAL,All students,219.393000030518,0,1
statepct,MAT,4,2019,OK,PC:P5,TOTAL,All students,238.364501190186,0,1
statepct,MAT,4,2019,OK,PC:P9,TOTAL,All students,272.280999755859,0,1
statepct,MAT,4,2019,OR,PC:P1,TOTAL,All students,190.675500488281,0,1
statepct,MAT,4,2019,OR,PC:P2,TOTAL,All students,214.413999938965,0,1
statepct,MAT,4,2019,OR,PC:P5,TOTAL,All students,238.069999694824,0,1
statepct,MAT,4,2019,OR,PC:P9,TOTAL,All students,279.479000854492,0,1
statepct,MAT,4,2019,PA,PC:P1,TOTAL,All students,197.604999542236,0,1
statepct,MAT,4,2019,PA,PC:P2,TOTAL,All students,222.570999908447,0,1
statepct,MAT,4,2019,PA,PC:P5,TOTAL,All students,246.775999450684,0,1
statepct,MAT,4,2019,PA,PC:P9,TOTAL,All students,285.97200012207,0,1
statepct,MAT,4,2022,MT,PC:P1,TOTAL,All students,198.975499725342,0,1
statepct,MAT,4,2022,MT,PC:P2,TOTAL,All students,220.031500244141,0,1
statepct,MAT,4,2022,MT,PC:P5,TOTAL,All students,240.462999725342,0,1
statepct,MAT,4,2022,MT,PC:P9,TOTAL,All students,275.340000915527,0,1
statepct,MAT,4,2022,NC,PC:P1,TOTAL,All students,192.31250076294,0,1
statepct,MAT,4,2022,NC,PC:P2,TOTAL,All students,214.073500061035,0,1
statepct,MAT,4,2022,NC,PC:P5,TOTAL,All students,236.995499420166,0,1
statepct,MAT,4,2022,NC,PC:P9,TOTAL,All students,278.350500488281,0,1
statepct,MAT,4,2022,ND,PC:P1,TOTAL,All students,200.333498382568,0,1
statepct,MAT,4,2022,ND,PC:P2,TOTAL,All students,221.000498199463,0,1
statepct,MAT,4,2022,ND,PC:P5,TOTAL,All students,242.015500640869,0,1
statepct,MAT,4,2022,ND,PC:P9,TOTAL,All students,276.79349975586,0,1
statepct,MAT,4,2022,NE,PC:P1,TOTAL,All students,197.108500671387,0,1
statepct,MAT,4,2022,NE,PC:P2,TOTAL,All students,220.467499542236,0,1
statepct,MAT,4,2022,NE,PC:P5,TOTAL,All students,243.438000488281,0,1
statepct,MAT,4,2022,NE,PC:P9,TOTAL,All students,282.353498840332,0,1
statepct,MAT,4,2022,NH,PC:P1,TOTAL,All students,197.645999145508,0,1
statepct,MAT,4,2022,NH,PC:P2,TOTAL,All students,219.820500946045,0,1
statepct,MAT,4,2022,NH,PC:P5,TOTAL,All students,241.457000732422,0,1
statepct,MAT,4,2022,NH,PC:P9,TOTAL,All students,277.312001037598,0,1
statepct,MAT,4,2022,NJ,PC:P1,TOTAL,All students,194.011998748779,0,1
statepct,MAT,4,2022,NJ,PC:P2,TOTAL,All students,216.365999603271,0,1
statepct,MAT,4,2022,NJ,PC:P5,TOTAL,All students,240.017498016357,0,1
statepct,MAT,4,2022,NJ,PC:P9,TOTAL,All students,282.88699798584,0,1
statepct,MAT,4,2022,NM,PC:P1,TOTAL,All students,180.725499725342,0,1
statepct,MAT,4,2022,NM,PC:P2,TOTAL,All students,200.30000076294,0,1
statepct,MAT,4,2022,NM,PC:P5,TOTAL,All students,221.862998962402,0,1
statepct,MAT,4,2022,NM,PC:P9,TOTAL,All students,261.39700012207,0,1
statepct,MAT,4,2022,NV,PC:P1,TOTAL,All students,185.407999420166,0,1
statepct,MAT,4,2022,NV,PC:P2,TOTAL,All students,207.972498321533,0,1
statepct,MAT,4,2022,NV,PC:P5,TOTAL,All students,231.223500061035,0,1
statepct,MAT,4,2022,NV,PC:P9,TOTAL,All students,269.782501220703,0,1
statepct,MAT,4,2022,NY,PC:P1,TOTAL,All students,178.654999542236,0,1
statepct,MAT,4,2022,NY,PC:P2,TOTAL,All students,203.659001159668,0,1
statepct,MAT,4,2022,NY,PC:P5,TOTAL,All students,229.433499145508,0,1
statepct,MAT,4,2022,NY,PC:P9,TOTAL,All students,271.390998840332,0,1
statepct,MAT,4,2022,OH,PC:P1,TOTAL,All students,190.915999603272,0,1
statepct,MAT,4,2022,OH,PC:P2,TOTAL,All students,215.798501586914,0,1
statepct,MAT,4,2022,OH,PC:P5,TOTAL,All students,240.934999084473,0,1
statepct,MAT,4,2022,OH,PC:P9,TOTAL,All students,279.624499511719,0,1
statepct,MAT,4,2022,OK,PC:P1,TOTAL,All students,189.217500305176,0,1
statepct,MAT,4,2022,OK,PC:P2,TOTAL,All students,209.411000061035,0,1
statepct,MAT,4,2022,OK,PC:P5,TOTAL,All students,231.080000305176,0,1
statepct,MAT,4,2022,OK,PC:P9,TOTAL,All students,267.515998840332,0,1
statepct,MAT,4,2022,OR,PC:P1,TOTAL,All students,182.513999938965,0,1
statepct,MAT,4,2022,OR,PC:P2,TOTAL,All students,204.826502990723,0,1
statepct,MAT,4,2022,OR,PC:P5,TOTAL,All students,228.959999847412,0,1
statepct,MAT,4,2022,OR,PC:P9,TOTAL,All students,272.077499389648,0,1
statepct,MAT,4,2022,PA,PC:P1,TOTAL,All students,189.953499603271,0,1
statepct,MAT,4,2022,PA,PC:P2,TOTAL,All students,215.363000488281,0,1
statepct,MAT,4,2022,PA,PC:P5,TOTAL,All students,240.55950012207,0,1
statepct,MAT,4,2022,PA,PC:P9,TOTAL,All students,279.646499633789,0,1
statepct,MAT,4,2024,MT,PC:P1,TOTAL,All students,193.343999481201,0,1
statepct,MAT,4,2024,MT,PC:P2,TOTAL,All students,217.858499908447,0,1
statepct,MAT,4,2024,MT,PC:P5,TOTAL,All students,241.477001190186,0,1
statepct,MAT,4,2024,MT,PC:P9,TOTAL,All students,279.112496948242,0,1
statepct,MAT,4,2024,NC,PC:P1,TOTAL,All students,191.872999572754,0,1
statepct,MAT,4,2024,NC,PC:P2,TOTAL,All students,216.964499664307,0,1
statepct,MAT,4,2024,NC,PC:P5,TOTAL,All students,241.726001739502,0,1
statepct,MAT,4,2024,NC,PC:P9,TOTAL,All students,280.848999023438,0,1
statepct,MAT,4,2024,ND,PC:P1,TOTAL,All students,199.407500457764,0,1
statepct,MAT,4,2024,ND,PC:P2,TOTAL,All students,221.458000946045,0,1
statepct,MAT,4,2024,ND,PC:P5,TOTAL,All students,243.913499450684,0,1
statepct,MAT,4,2024,ND,PC:P9,TOTAL,All students,279.185997009277,0,1
statepct,MAT,4,2024,NE,PC:P1,TOTAL,All students,193.321501159668,0,1
statepct,MAT,4,2024,NE,PC:P2,TOTAL,All students,217.785000610352,0,1
statepct,MAT,4,2024,NE,PC:P5,TOTAL,All students,240.952001190186,0,1
statepct,MAT,4,2024,NE,PC:P9,TOTAL,All students,278.025500488281,0,1
statepct,MAT,4,2024,NH,PC:P1,TOTAL,All students,199.922500610352,0,1
statepct,MAT,4,2024,NH,PC:P2,TOTAL,All students,221.077500152588,0,1
statepct,MAT,4,2024,NH,PC:P5,TOTAL,All students,243.30599899292,0,1
statepct,MAT,4,2024,NH,PC:P9,TOTAL,All students,280.603500366211,0,1
statepct,MAT,4,2024,NJ,PC:P1,TOTAL,All students,190.472999572754,0,1
statepct,MAT,4,2024,NJ,PC:P2,TOTAL,All students,217.481499481201,0,1
statepct,MAT,4,2024,NJ,PC:P5,TOTAL,All students,243.809000396728,0,1
statepct,MAT,4,2024,NJ,PC:P9,TOTAL,All students,283.993499755859,0,1
statepct,MAT,4,2024,NM,PC:P1,TOTAL,All students,179.087999725342,0,1
statepct,MAT,4,2024,NM,PC:P2,TOTAL,All students,200.677500152588,0,1
statepct,MAT,4,2024,NM,PC:P5,TOTAL,All students,225.303500366211,0,1
statepct,MAT,4,2024,NM,PC:P9,TOTAL,All students,266.353999328613,0,1
statepct,MAT,4,2024,NV,PC:P1,TOTAL,All students,183.657498931885,0,1
statepct,MAT,4,2024,NV,PC:P2,TOTAL,All students,209.852998352051,0,1
statepct,MAT,4,2024,NV,PC:P5,TOTAL,All students,236.652000427246,0,1
statepct,MAT,4,2024,NV,PC:P9,TOTAL,All students,277.079499816895,0,1
statepct,MAT,4,2024,NY,PC:P1,TOTAL,All students,184.769000244141,0,1
statepct,MAT,4,2024,NY,PC:P2,TOTAL,All students,210.622498321533,0,1
statepct,MAT,4,2024,NY,PC:P5,TOTAL,All students,236.839500427246,0,1
statepct,MAT,4,2024,NY,PC:P9,TOTAL,All students,278.515498352051,0,1
statepct,MAT,4,2024,OH,PC:P1,TOTAL,All students,192.370498657227,0,1
statepct,MAT,4,2024,OH,PC:P2,TOTAL,All students,217.390000915527,0,1
statepct,MAT,4,2024,OH,PC:P5,TOTAL,All students,242.605000305176,0,1
statepct,MAT,4,2024,OH,PC:P9,TOTAL,All students,280.463496398926,0,1
statepct,MAT,4,2024,OK,PC:P1,TOTAL,All students,189.302000427246,0,1
statepct,MAT,4,2024,OK,PC:P2,TOTAL,All students,212.645999908447,0,1
statepct,MAT,4,2024,OK,PC:P5,TOTAL,All students,234.124001312256,0,1
statepct,MAT,4,2024,OK,PC:P9,TOTAL,All students,272.963499450684,0,1
statepct,MAT,4,2024,OR,PC:P1,TOTAL,All students,178.465501403808,0,1
statepct,MAT,4,2024,OR,PC:P2,TOTAL,All students,204.326000976563,0,1
statepct,MAT,4,2024,OR,PC:P5,TOTAL,All students,231.076999664307,0,1
statepct,MAT,4,2024,OR,PC:P9,TOTAL,All students,274.081498718262,0,1
statepct,MAT,4,2024,PA,PC:P1,TOTAL,All students,189.690999603271,0,1
statepct,MAT,4,2024,PA,PC:P2,TOTAL,All students,214.344000244141,0,1
statepct,MAT,4,2024,PA,PC:P5,TOTAL,All students,241.04649887085,0,1
statepct,MAT,4,2024,PA,PC:P9,TOTAL,All students,281.97749786377,0,1
statepct,MAT,4,2003,RI,PC:P1,TOTAL,All students,190.346002197266,0,1
statepct,MAT,4,2003,RI,PC:P2,TOTAL,All students,210.498001098633,0,1
statepct,MAT,4,2003,RI,PC:P5,TOTAL,All students,232.008004760742,0,1
statepct,MAT,4,2003,RI,PC:P9,TOTAL,All students,267.555993652344,0,1
statepct,MAT,4,2003,SC,PC:P1,TOTAL,All students,201.208001708984,0,1
statepct,MAT,4,2003,SC,PC:P2,TOTAL,All students,217.760000610351,0,1
statepct,MAT,4,2003,SC,PC:P5,TOTAL,All students,235.72799987793,0,1
statepct,MAT,4,2003,SC,PC:P9,TOTAL,All students,270.385992431641,0,1
statepct,MAT,4,2003,SD,PC:P1,TOTAL,All students,203.769998168945,0,1
statepct,MAT,4,2003,SD,PC:P2,TOTAL,All students,220.995999145508,0,1
statepct,MAT,4,2003,SD,PC:P5,TOTAL,All students,238.636001586914,0,1
statepct,MAT,4,2003,SD,PC:P9,TOTAL,All students,268.738000488281,0,1
statepct,MAT,4,2003,TN,PC:P1,TOTAL,All students,188.996002197266,0,1
statepct,MAT,4,2003,TN,PC:P2,TOTAL,All students,208.646002197266,0,1
statepct,MAT,4,2003,TN,PC:P5,TOTAL,All students,228.784002685547,0,1
statepct,MAT,4,2003,TN,PC:P9,TOTAL,All students,264.400006103516,0,1
statepct,MAT,4,2003,TX,PC:P1,TOTAL,All students,204.382000732422,0,1
statepct,MAT,4,2003,TX,PC:P2,TOTAL,All students,220.484002685547,0,1
statepct,MAT,4,2003,TX,PC:P5,TOTAL,All students,237.812002563477,0,1
statepct,MAT,4,2003,TX,PC:P9,TOTAL,All students,269.589996337891,0,1
statepct,MAT,4,2003,UT,PC:P1,TOTAL,All students,200.188003540039,0,1
statepct,MAT,4,2003,UT,PC:P2,TOTAL,All students,217.867999267578,0,1
statepct,MAT,4,2003,UT,PC:P5,TOTAL,All students,236.554000854492,0,1
statepct,MAT,4,2003,UT,PC:P9,TOTAL,All students,266.847998046875,0,1
statepct,MAT,4,2003,VA,PC:P1,TOTAL,All students,204.810000610352,0,1
statepct,MAT,4,2003,VA,PC:P2,TOTAL,All students,221.325997924805,0,1
statepct,MAT,4,2003,VA,PC:P5,TOTAL,All students,239.866000366211,0,1
statepct,MAT,4,2003,VA,PC:P9,TOTAL,All students,273.007995605469,0,1
statepct,MAT,4,2003,VT,PC:P1,TOTAL,All students,206.318002319336,0,1
statepct,MAT,4,2003,VT,PC:P2,TOTAL,All students,224.141998291016,0,1
statepct,MAT,4,2003,VT,PC:P5,TOTAL,All students,243.633999633789,0,1
statepct,MAT,4,2003,VT,PC:P9,TOTAL,All students,274.923992919922,0,1
statepct,MAT,4,2003,WA,PC:P1,TOTAL,All students,201.689999389648,0,1
statepct,MAT,4,2003,WA,PC:P2,TOTAL,All students,220.420001220703,0,1
statepct,MAT,4,2003,WA,PC:P5,TOTAL,All students,239.379998779297,0,1
statepct,MAT,4,2003,WA,PC:P9,TOTAL,All students,272.750006103516,0,1
statepct,MAT,4,2003,WI,PC:P1,TOTAL,All students,198.814001464844,0,1
statepct,MAT,4,2003,WI,PC:P2,TOTAL,All students,218.663998413086,0,1
statepct,MAT,4,2003,WI,PC:P5,TOTAL,All students,238.604000854492,0,1
statepct,MAT,4,2003,WI,PC:P9,TOTAL,All students,271.790002441406,0,1
statepct,MAT,4,2003,WV,PC:P1,TOTAL,All students,198.136001586914,0,1
statepct,MAT,4,2003,WV,PC:P2,TOTAL,All students,214.186001586914,0,1
statepct,MAT,4,2003,WV,PC:P5,TOTAL,All students,231.360000610352,0,1
statepct,MAT,4,2003,WV,PC:P9,TOTAL,All students,262.176000976562,0,1
statepct,MAT,4,2003,WY,PC:P1,TOTAL,All students,209.942001342774,0,1
statepct,MAT,4,2003,WY,PC:P2,TOTAL,All students,225.776000976562,0,1
statepct,MAT,4,2003,WY,PC:P5,TOTAL,All students,242.449996948242,0,1
statepct,MAT,4,2003,WY,PC:P9,TOTAL,All students,270.532000732422,0,1
statepct,MAT,4,2005,RI,PC:P1,TOTAL,All students,194.883999633789,0,1
statepct,MAT,4,2005,RI,PC:P2,TOTAL,All students,215.260000610352,0,1
statepct,MAT,4,2005,RI,PC:P5,TOTAL,All students,235.516000366211,0,1
statepct,MAT,4,2005,RI,PC:P9,TOTAL,All students,268.865997314453,0,1
statepct,MAT,4,2005,SC,PC:P1,TOTAL,All students,203.094000244141,0,1
statepct,MAT,4,2005,SC,PC:P2,TOTAL,All students,220.02799987793,0,1
statepct,MAT,4,2005,SC,PC:P5,TOTAL,All students,239.055999755859,0,1
statepct,MAT,4,2005,SC,PC:P9,TOTAL,All students,272.720001220703,0,1
statepct,MAT,4,2005,SD,PC:P1,TOTAL,All students,208.044000244141,0,1
statepct,MAT,4,2005,SD,PC:P2,TOTAL,All students,226.318002319336,0,1
statepct,MAT,4,2005,SD,PC:P5,TOTAL,All students,243.455996704102,0,1
statepct,MAT,4,2005,SD,PC:P9,TOTAL,All students,272.320001220703,0,1
statepct,MAT,4,2005,TN,PC:P1,TOTAL,All students,194.997998046875,0,1
statepct,MAT,4,2005,TN,PC:P2,TOTAL,All students,212.932000732422,0,1
statepct,MAT,4,2005,TN,PC:P5,TOTAL,All students,232.560000610351,0,1
statepct,MAT,4,2005,TN,PC:P9,TOTAL,All students,267.466003417969,0,1
statepct,MAT,4,2005,TX,PC:P1,TOTAL,All students,209.57799987793,0,1
statepct,MAT,4,2005,TX,PC:P2,TOTAL,All students,225.394000244141,0,1
statepct,MAT,4,2005,TX,PC:P5,TOTAL,All students,242.311999511719,0,1
statepct,MAT,4,2005,TX,PC:P9,TOTAL,All students,273.396002197266,0,1
statepct,MAT,4,2005,UT,PC:P1,TOTAL,All students,203.623999023437,0,1
statepct,MAT,4,2005,UT,PC:P2,TOTAL,All students,221.802001953125,0,1
statepct,MAT,4,2005,UT,PC:P5,TOTAL,All students,240.763998413086,0,1
statepct,MAT,4,2005,UT,PC:P9,TOTAL,All students,271.153997802734,0,1
statepct,MAT,4,2005,VA,PC:P1,TOTAL,All students,204.133996582031,0,1
statepct,MAT,4,2005,VA,PC:P2,TOTAL,All students,222.160000610352,0,1
statepct,MAT,4,2005,VA,PC:P5,TOTAL,All students,241.665997314453,0,1
statepct,MAT,4,2005,VA,PC:P9,TOTAL,All students,274.488006591797,0,1
statepct,MAT,4,2005,VT,PC:P1,TOTAL,All students,209.186004638672,0,1
statepct,MAT,4,2005,VT,PC:P2,TOTAL,All students,226.666000366211,0,1
statepct,MAT,4,2005,VT,PC:P5,TOTAL,All students,244.851998901367,0,1
statepct,MAT,4,2005,VT,PC:P9,TOTAL,All students,275.858001708984,0,1
statepct,MAT,4,2005,WA,PC:P1,TOTAL,All students,205.386001586914,0,1
statepct,MAT,4,2005,WA,PC:P2,TOTAL,All students,223.551998901367,0,1
statepct,MAT,4,2005,WA,PC:P5,TOTAL,All students,243.1,0,1
statepct,MAT,4,2005,WA,PC:P9,TOTAL,All students,275.766003417969,0,1
statepct,MAT,4,2005,WI,PC:P1,TOTAL,All students,203.836001586914,0,1
statepct,MAT,4,2005,WI,PC:P2,TOTAL,All students,223.724002075195,0,1
statepct,MAT,4,2005,WI,PC:P5,TOTAL,All students,242.670001220703,0,1
statepct,MAT,4,2005,WI,PC:P9,TOTAL,All students,273.232000732422,0,1
statepct,MAT,4,2005,WV,PC:P1,TOTAL,All students,196.37799987793,0,1
statepct,MAT,4,2005,WV,PC:P2,TOTAL,All students,214.283999633789,0,1
statepct,MAT,4,2005,WV,PC:P5,TOTAL,All students,232.524002075195,0,1
statepct,MAT,4,2005,WV,PC:P9,TOTAL,All students,262.438006591797,0,1
statepct,MAT,4,2005,WY,PC:P1,TOTAL,All students,209.894000244141,0,1
statepct,MAT,4,2005,WY,PC:P2,TOTAL,All students,227.201998901367,0,1
statepct,MAT,4,2005,WY,PC:P5,TOTAL,All students,244.210000610352,0,1
statepct,MAT,4,2005,WY,PC:P9,TOTAL,All students,274.032006835937,0,1
statepct,MAT,4,2007,RI,PC:P1,TOTAL,All students,198.636001586914,0,1
statepct,MAT,4,2007,RI,PC:P2,TOTAL,All students,218.791995239258,0,1
statepct,MAT,4,2007,RI,PC:P5,TOTAL,All students,238.467999267578,0,1
statepct,MAT,4,2007,RI,PC:P9,TOTAL,All students,270.036004638672,0,1
statepct,MAT,4,2007,SC,PC:P1,TOTAL,All students,199.026000976562,0,1
statepct,MAT,4,2007,SC,PC:P2,TOTAL,All students,219.038000488281,0,1
statepct,MAT,4,2007,SC,PC:P5,TOTAL,All students,238.95,0,1
statepct,MAT,4,2007,SC,PC:P9,TOTAL,All students,272.920001220703,0,1
statepct,MAT,4,2007,SD,PC:P1,TOTAL,All students,207.470001220703,0,1
statepct,MAT,4,2007,SD,PC:P2,TOTAL,All students,225.826000976563,0,1
statepct,MAT,4,2007,SD,PC:P5,TOTAL,All students,243.248001098633,0,1
statepct,MAT,4,2007,SD,PC:P9,TOTAL,All students,272.167993164062,0,1
statepct,MAT,4,2007,TN,PC:P1,TOTAL,All students,196.633999633789,0,1
statepct,MAT,4,2007,TN,PC:P2,TOTAL,All students,215.028002929687,0,1
statepct,MAT,4,2007,TN,PC:P5,TOTAL,All students,234.424002075195,0,1
statepct,MAT,4,2007,TN,PC:P9,TOTAL,All students,266.840002441406,0,1
statepct,MAT,4,2007,TX,PC:P1,TOTAL,All students,210.189999389648,0,1
statepct,MAT,4,2007,TX,PC:P2,TOTAL,All students,226.216000366211,0,1
statepct,MAT,4,2007,TX,PC:P5,TOTAL,All students,242.716000366211,0,1
statepct,MAT,4,2007,TX,PC:P9,TOTAL,All students,273.764001464844,0,1
statepct,MAT,4,2007,UT,PC:P1,TOTAL,All students,202.373999023437,0,1
statepct,MAT,4,2007,UT,PC:P2,TOTAL,All students,222.265997314453,0,1
statepct,MAT,4,2007,UT,PC:P5,TOTAL,All students,242.070001220703,0,1
statepct,MAT,4,2007,UT,PC:P9,TOTAL,All students,272.502001953125,0,1
statepct,MAT,4,2007,VA,PC:P1,TOTAL,All students,209.985998535156,0,1
statepct,MAT,4,2007,VA,PC:P2,TOTAL,All students,226.433999633789,0,1
statepct,MAT,4,2007,VA,PC:P5,TOTAL,All students,244.154000854492,0,1
statepct,MAT,4,2007,VA,PC:P9,TOTAL,All students,276.473999023438,0,1
statepct,MAT,4,2007,VT,PC:P1,TOTAL,All students,211.992001342774,0,1
statepct,MAT,4,2007,VT,PC:P2,TOTAL,All students,230.357998657227,0,1
statepct,MAT,4,2007,VT,PC:P5,TOTAL,All students,248.466000366211,0,1
statepct,MAT,4,2007,VT,PC:P9,TOTAL,All students,278.148004150391,0,1
statepct,MAT,4,2007,WA,PC:P1,TOTAL,All students,204.397998046875,0,1
statepct,MAT,4,2007,WA,PC:P2,TOTAL,All students,224.810000610352,0,1
statepct,MAT,4,2007,WA,PC:P5,TOTAL,All students,244.755999755859,0,1
statepct,MAT,4,2007,WA,PC:P9,TOTAL,All students,277.415997314453,0,1
statepct,MAT,4,2007,WI,PC:P1,TOTAL,All students,205.948001098633,0,1
statepct,MAT,4,2007,WI,PC:P2,TOTAL,All students,227.448001098633,0,1
statepct,MAT,4,2007,WI,PC:P5,TOTAL,All students,246.973999023438,0,1
statepct,MAT,4,2007,WI,PC:P9,TOTAL,All students,277.384002685547,0,1
statepct,MAT,4,2007,WV,PC:P1,TOTAL,All students,202.582000732422,0,1
statepct,MAT,4,2007,WV,PC:P2,TOTAL,All students,219.545999145508,0,1
statepct,MAT,4,2007,WV,PC:P5,TOTAL,All students,237.46799621582,0,1
statepct,MAT,4,2007,WV,PC:P9,TOTAL,All students,268.35199584961,0,1
statepct,MAT,4,2007,WY,PC:P1,TOTAL,All students,211.396002197266,0,1
statepct,MAT,4,2007,WY,PC:P2,TOTAL,All students,228.227996826172,0,1
statepct,MAT,4,2007,WY,PC:P5,TOTAL,All students,245.520001220703,0,1
statepct,MAT,4,2007,WY,PC:P9,TOTAL,All students,273.698004150391,0,1
statepct,MAT,4,2009,RI,PC:P1,TOTAL,All students,199.170001220703,0,1
statepct,MAT,4,2009,RI,PC:P2,TOTAL,All students,220.619998168945,0,1
statepct,MAT,4,2009,RI,PC:P5,TOTAL,All students,241.444000244141,0,1
statepct,MAT,4,2009,RI,PC:P9,TOTAL,All students,273.876000976563,0,1
statepct,MAT,4,2009,SC,PC:P1,TOTAL,All students,197.124002075195,0,1
statepct,MAT,4,2009,SC,PC:P2,TOTAL,All students,216.82799987793,0,1
statepct,MAT,4,2009,SC,PC:P5,TOTAL,All students,237.2,0,1
statepct,MAT,4,2009,SC,PC:P9,TOTAL,All students,272.066003417969,0,1
statepct,MAT,4,2009,SD,PC:P1,TOTAL,All students,207.945999145508,0,1
statepct,MAT,4,2009,SD,PC:P2,TOTAL,All students,226.563998413086,0,1
statepct,MAT,4,2009,SD,PC:P5,TOTAL,All students,243.942001342773,0,1
statepct,MAT,4,2009,SD,PC:P9,TOTAL,All students,273.777996826172,0,1
statepct,MAT,4,2009,TN,PC:P1,TOTAL,All students,194.929998779297,0,1
statepct,MAT,4,2009,TN,PC:P2,TOTAL,All students,213.219998168945,0,1
statepct,MAT,4,2009,TN,PC:P5,TOTAL,All students,233.069998168945,0,1
statepct,MAT,4,2009,TN,PC:P9,TOTAL,All students,266.626000976562,0,1
statepct,MAT,4,2009,TX,PC:P1,TOTAL,All students,207.455999755859,0,1
statepct,MAT,4,2009,TX,PC:P2,TOTAL,All students,223.862002563477,0,1
statepct,MAT,4,2009,TX,PC:P5,TOTAL,All students,241.483999633789,0,1
statepct,MAT,4,2009,TX,PC:P9,TOTAL,All students,272.298004150391,0,1
statepct,MAT,4,2009,UT,PC:P1,TOTAL,All students,200.798001098633,0,1
statepct,MAT,4,2009,UT,PC:P2,TOTAL,All students,221.460000610352,0,1
statepct,MAT,4,2009,UT,PC:P5,TOTAL,All students,242.873999023438,0,1
statepct,MAT,4,2009,UT,PC:P9,TOTAL,All students,276.019995117188,0,1
statepct,MAT,4,2009,VA,PC:P1,TOTAL,All students,207.792001342773,0,1
statepct,MAT,4,2009,VA,PC:P2,TOTAL,All students,224.45,0,1
statepct,MAT,4,2009,VA,PC:P5,TOTAL,All students,243.538000488281,0,1
statepct,MAT,4,2009,VA,PC:P9,TOTAL,All students,277.792004394531,0,1
statepct,MAT,4,2009,VT,PC:P1,TOTAL,All students,211.648001098633,0,1
statepct,MAT,4,2009,VT,PC:P2,TOTAL,All students,230.62799987793,0,1
statepct,MAT,4,2009,VT,PC:P5,TOTAL,All students,249.439999389648,0,1
statepct,MAT,4,2009,VT,PC:P9,TOTAL,All students,281.105999755859,0,1
statepct,MAT,4,2009,WA,PC:P1,TOTAL,All students,203.969998168945,0,1
statepct,MAT,4,2009,WA,PC:P2,TOTAL,All students,224.057998657227,0,1
statepct,MAT,4,2009,WA,PC:P5,TOTAL,All students,244.42799987793,0,1
statepct,MAT,4,2009,WA,PC:P9,TOTAL,All students,277.446002197266,0,1
statepct,MAT,4,2009,WI,PC:P1,TOTAL,All students,205.77799987793,0,1
statepct,MAT,4,2009,WI,PC:P2,TOTAL,All students,225.620001220703,0,1
statepct,MAT,4,2009,WI,PC:P5,TOTAL,All students,245.457998657226,0,1
statepct,MAT,4,2009,WI,PC:P9,TOTAL,All students,278.292004394531,0,1
statepct,MAT,4,2009,WV,PC:P1,TOTAL,All students,199.197998046875,0,1
statepct,MAT,4,2009,WV,PC:P2,TOTAL,All students,216.162002563477,0,1
statepct,MAT,4,2009,WV,PC:P5,TOTAL,All students,233.983996582032,0,1
statepct,MAT,4,2009,WV,PC:P9,TOTAL,All students,265.723999023438,0,1
statepct,MAT,4,2009,WY,PC:P1,TOTAL,All students,209.984002685547,0,1
statepct,MAT,4,2009,WY,PC:P2,TOTAL,All students,226.209997558594,0,1
statepct,MAT,4,2009,WY,PC:P5,TOTAL,All students,242.925997924805,0,1
statepct,MAT,4,2009,WY,PC:P9,TOTAL,All students,272.264001464844,0,1
statepct,MAT,4,2011,RI,PC:P1,TOTAL,All students,202.633999633789,0,1
statepct,MAT,4,2011,RI,PC:P2,TOTAL,All students,224.032000732422,0,1
statepct,MAT,4,2011,RI,PC:P5,TOTAL,All students,243.968005371094,0,1
statepct,MAT,4,2011,RI,PC:P9,TOTAL,All students,277.498004150391,0,1
statepct,MAT,4,2011,SC,PC:P1,TOTAL,All students,199.910000610352,0,1
statepct,MAT,4,2011,SC,PC:P2,TOTAL,All students,217.916000366211,0,1
statepct,MAT,4,2011,SC,PC:P5,TOTAL,All students,238.103997802734,0,1
statepct,MAT,4,2011,SC,PC:P9,TOTAL,All students,274.046002197266,0,1
statepct,MAT,4,2011,SD,PC:P1,TOTAL,All students,207.154000854492,0,1
statepct,MAT,4,2011,SD,PC:P2,TOTAL,All students,225.179998779297,0,1
statepct,MAT,4,2011,SD,PC:P5,TOTAL,All students,242.546002197266,0,1
statepct,MAT,4,2011,SD,PC:P9,TOTAL,All students,272.947998046875,0,1
statepct,MAT,4,2011,TN,PC:P1,TOTAL,All students,195.545999145508,0,1
statepct,MAT,4,2011,TN,PC:P2,TOTAL,All students,214.306002807617,0,1
statepct,MAT,4,2011,TN,PC:P5,TOTAL,All students,233.864001464844,0,1
statepct,MAT,4,2011,TN,PC:P9,TOTAL,All students,269.342004394531,0,1
statepct,MAT,4,2011,TX,PC:P1,TOTAL,All students,207.761996459961,0,1
statepct,MAT,4,2011,TX,PC:P2,TOTAL,All students,224.427996826172,0,1
statepct,MAT,4,2011,TX,PC:P5,TOTAL,All students,241.900003051758,0,1
statepct,MAT,4,2011,TX,PC:P9,TOTAL,All students,272.7919921875,0,1
statepct,MAT,4,2011,UT,PC:P1,TOTAL,All students,205.839999389649,0,1
statepct,MAT,4,2011,UT,PC:P2,TOTAL,All students,224.643997192383,0,1
statepct,MAT,4,2011,UT,PC:P5,TOTAL,All students,244.292001342773,0,1
statepct,MAT,4,2011,UT,PC:P9,TOTAL,All students,277.684008789063,0,1
statepct,MAT,4,2011,VA,PC:P1,TOTAL,All students,209.709997558594,0,1
statepct,MAT,4,2011,VA,PC:P2,TOTAL,All students,226.976000976563,0,1
statepct,MAT,4,2011,VA,PC:P5,TOTAL,All students,246.111999511719,0,1
statepct,MAT,4,2011,VA,PC:P9,TOTAL,All students,279.965997314453,0,1
statepct,MAT,4,2011,VT,PC:P1,TOTAL,All students,211.672003173828,0,1
statepct,MAT,4,2011,VT,PC:P2,TOTAL,All students,230.479998779297,0,1
statepct,MAT,4,2011,VT,PC:P5,TOTAL,All students,248.414001464844,0,1
statepct,MAT,4,2011,VT,PC:P9,TOTAL,All students,278.943994140625,0,1
statepct,MAT,4,2011,WA,PC:P1,TOTAL,All students,202.489996337891,0,1
statepct,MAT,4,2011,WA,PC:P2,TOTAL,All students,223.882000732422,0,1
statepct,MAT,4,2011,WA,PC:P5,TOTAL,All students,245.273999023438,0,1
statepct,MAT,4,2011,WA,PC:P9,TOTAL,All students,280.567999267578,0,1
statepct,MAT,4,2011,WI,PC:P1,TOTAL,All students,207.234002685547,0,1
statepct,MAT,4,2011,WI,PC:P2,TOTAL,All students,226.567999267578,0,1
statepct,MAT,4,2011,WI,PC:P5,TOTAL,All students,246.668002319336,0,1
statepct,MAT,4,2011,WI,PC:P9,TOTAL,All students,279.114001464844,0,1
statepct,MAT,4,2011,WV,PC:P1,TOTAL,All students,199.480001831055,0,1
statepct,MAT,4,2011,WV,PC:P2,TOTAL,All students,216.894000244141,0,1
statepct,MAT,4,2011,WV,PC:P5,TOTAL,All students,235.820001220703,0,1
statepct,MAT,4,2011,WV,PC:P9,TOTAL,All students,268.990002441406,0,1
statepct,MAT,4,2011,WY,PC:P1,TOTAL,All students,211.010000610351,0,1
statepct,MAT,4,2011,WY,PC:P2,TOTAL,All students,227.685998535156,0,1
statepct,MAT,4,2011,WY,PC:P5,TOTAL,All students,245.266000366211,0,1
statepct,MAT,4,2011,WY,PC:P9,TOTAL,All students,274.980004882813,0,1
statepct,MAT,4,2013,RI,PC:P1,TOTAL,All students,202.080500030518,0,1
statepct,MAT,4,2013,RI,PC:P2,TOTAL,All students,223.138501739502,0,1
statepct,MAT,4,2013,RI,PC:P5,TOTAL,All students,243.71900100708,0,1
statepct,MAT,4,2013,RI,PC:P9,TOTAL,All students,277.689500427246,0,1
statepct,MAT,4,2013,SC,PC:P1,TOTAL,All students,198.407999420166,0,1
statepct,MAT,4,2013,SC,PC:P2,TOTAL,All students,217.897499847412,0,1
statepct,MAT,4,2013,SC,PC:P5,TOTAL,All students,238.073500061035,0,1
statepct,MAT,4,2013,SC,PC:P9,TOTAL,All students,273.037001037598,0,1
statepct,MAT,4,2013,SD,PC:P1,TOTAL,All students,205.233000183105,0,1
statepct,MAT,4,2013,SD,PC:P2,TOTAL,All students,224.107000732422,0,1
statepct,MAT,4,2013,SD,PC:P5,TOTAL,All students,242.785999298096,0,1
statepct,MAT,4,2013,SD,PC:P9,TOTAL,All students,273.910502624512,0,1
statepct,MAT,4,2013,TN,PC:P1,TOTAL,All students,200.179498291016,0,1
statepct,MAT,4,2013,TN,PC:P2,TOTAL,All students,219.826998901367,0,1
statepct,MAT,4,2013,TN,PC:P5,TOTAL,All students,241.604999542236,0,1
statepct,MAT,4,2013,TN,PC:P9,TOTAL,All students,276.795501708985,0,1
statepct,MAT,4,2013,TX,PC:P1,TOTAL,All students,205.75299987793,0,1
statepct,MAT,4,2013,TX,PC:P2,TOTAL,All students,223.558499908447,0,1
statepct,MAT,4,2013,TX,PC:P5,TOTAL,All students,242.834001159668,0,1
statepct,MAT,4,2013,TX,PC:P9,TOTAL,All students,277.077505493164,0,1
statepct,MAT,4,2013,UT,PC:P1,TOTAL,All students,203.380001068115,0,1
statepct,MAT,4,2013,UT,PC:P2,TOTAL,All students,223.875501251221,0,1
statepct,MAT,4,2013,UT,PC:P5,TOTAL,All students,244.599499511719,0,1
statepct,MAT,4,2013,UT,PC:P9,TOTAL,All students,279.161499023438,0,1
statepct,MAT,4,2013,VA,PC:P1,TOTAL,All students,210.430001068115,0,1
statepct,MAT,4,2013,VA,PC:P2,TOTAL,All students,228.078998565674,0,1
statepct,MAT,4,2013,VA,PC:P5,TOTAL,All students,247.106000518799,0,1
statepct,MAT,4,2013,VA,PC:P9,TOTAL,All students,280.940998840332,0,1
statepct,MAT,4,2013,VT,PC:P1,TOTAL,All students,209.483499145508,0,1
statepct,MAT,4,2013,VT,PC:P2,TOTAL,All students,229.346499633789,0,1
statepct,MAT,4,2013,VT,PC:P5,TOTAL,All students,250.005001068115,0,1
statepct,MAT,4,2013,VT,PC:P9,TOTAL,All students,283.084001159668,0,1
statepct,MAT,4,2013,WA,PC:P1,TOTAL,All students,207.47500076294,0,1
statepct,MAT,4,2013,WA,PC:P2,TOTAL,All students,227.435999298096,0,1
statepct,MAT,4,2013,WA,PC:P5,TOTAL,All students,247.858999633789,0,1
statepct,MAT,4,2013,WA,PC:P9,TOTAL,All students,282.826998901367,0,1
statepct,MAT,4,2013,WI,PC:P1,TOTAL,All students,206.045499420166,0,1
statepct,MAT,4,2013,WI,PC:P2,TOTAL,All students,225.913500976562,0,1
statepct,MAT,4,2013,WI,PC:P5,TOTAL,All students,246.975498962402,0,1
statepct,MAT,4,2013,WI,PC:P9,TOTAL,All students,280.847999572754,0,1
statepct,MAT,4,2013,WV,PC:P1,TOTAL,All students,201.55950012207,0,1
statepct,MAT,4,2013,WV,PC:P2,TOTAL,All students,219.811000061035,0,1
statepct,MAT,4,2013,WV,PC:P5,TOTAL,All students,238.757000732422,0,1
statepct,MAT,4,2013,WV,PC:P9,TOTAL,All students,271.45350189209,0,1
statepct,MAT,4,2013,WY,PC:P1,TOTAL,All students,214.319499206543,0,1
statepct,MAT,4,2013,WY,PC:P2,TOTAL,All students,230.604998779297,0,1
statepct,MAT,4,2013,WY,PC:P5,TOTAL,All students,247.624000549316,0,1
statepct,MAT,4,2013,WY,PC:P9,TOTAL,All students,276.94700012207,0,1
statepct,MAT,4,2015,RI,PC:P1,TOTAL,All students,198.915000915527,0,1
statepct,MAT,4,2015,RI,PC:P2,TOTAL,All students,219.441500854492,0,1
statepct,MAT,4,2015,RI,PC:P5,TOTAL,All students,239.867000579834,0,1
statepct,MAT,4,2015,RI,PC:P9,TOTAL,All students,274.460003662109,0,1
statepct,MAT,4,2015,SC,PC:P1,TOTAL,All students,198.098001098633,0,1
statepct,MAT,4,2015,SC,PC:P2,TOTAL,All students,218.239999389649,0,1
statepct,MAT,4,2015,SC,PC:P5,TOTAL,All students,238.931000518799,0,1
statepct,MAT,4,2015,SC,PC:P9,TOTAL,All students,273.94700012207,0,1
statepct,MAT,4,2015,SD,PC:P1,TOTAL,All students,202.939498901367,0,1
statepct,MAT,4,2015,SD,PC:P2,TOTAL,All students,222.870000457764,0,1
statepct,MAT,4,2015,SD,PC:P5,TOTAL,All students,242.053001403809,0,1
statepct,MAT,4,2015,SD,PC:P9,TOTAL,All students,272.559999084473,0,1
statepct,MAT,4,2015,TN,PC:P1,TOTAL,All students,202.799501037598,0,1
statepct,MAT,4,2015,TN,PC:P2,TOTAL,All students,222.402499389649,0,1
statepct,MAT,4,2015,TN,PC:P5,TOTAL,All students,242.263500213623,0,1
statepct,MAT,4,2015,TN,PC:P9,TOTAL,All students,275.979997253418,0,1
statepct,MAT,4,2015,TX,PC:P1,TOTAL,All students,207.154000091553,0,1
statepct,MAT,4,2015,TX,PC:P2,TOTAL,All students,226.077499389648,0,1
statepct,MAT,4,2015,TX,PC:P5,TOTAL,All students,244.964000701904,0,1
statepct,MAT,4,2015,TX,PC:P9,TOTAL,All students,279.142999267578,0,1
statepct,MAT,4,2015,UT,PC:P1,TOTAL,All students,204.212999725342,0,1
statepct,MAT,4,2015,UT,PC:P2,TOTAL,All students,224.480500793457,0,1
statepct,MAT,4,2015,UT,PC:P5,TOTAL,All students,244.636000061035,0,1
statepct,MAT,4,2015,UT,PC:P9,TOTAL,All students,277.914498901367,0,1
statepct,MAT,4,2015,VA,PC:P1,TOTAL,All students,209.839999389649,0,1
statepct,MAT,4,2015,VA,PC:P2,TOTAL,All students,227.705500030518,0,1
statepct,MAT,4,2015,VA,PC:P5,TOTAL,All students,247.068502807617,0,1
statepct,MAT,4,2015,VA,PC:P9,TOTAL,All students,282.502499389648,0,1
statepct,MAT,4,2015,VT,PC:P1,TOTAL,All students,205.936498260498,0,1
statepct,MAT,4,2015,VT,PC:P2,TOTAL,All students,223.845999908447,0,1
statepct,MAT,4,2015,VT,PC:P5,TOTAL,All students,243.839000701904,0,1
statepct,MAT,4,2015,VT,PC:P9,TOTAL,All students,280.128004455566,0,1
statepct,MAT,4,2015,WA,PC:P1,TOTAL,All students,202.531999206543,0,1
statepct,MAT,4,2015,WA,PC:P2,TOTAL,All students,223.725000762939,0,1
statepct,MAT,4,2015,WA,PC:P5,TOTAL,All students,246.329000854492,0,1
statepct,MAT,4,2015,WA,PC:P9,TOTAL,All students,285.261499023438,0,1
statepct,MAT,4,2015,WI,PC:P1,TOTAL,All students,202.417999267578,0,1
statepct,MAT,4,2015,WI,PC:P2,TOTAL,All students,223.229499816895,0,1
statepct,MAT,4,2015,WI,PC:P5,TOTAL,All students,245.340998840332,0,1
statepct,MAT,4,2015,WI,PC:P9,TOTAL,All students,280.727001953125,0,1
statepct,MAT,4,2015,WV,PC:P1,TOTAL,All students,197.688500213623,0,1
statepct,MAT,4,2015,WV,PC:P2,TOTAL,All students,216.661499023438,0,1
statepct,MAT,4,2015,WV,PC:P5,TOTAL,All students,236.313001251221,0,1
statepct,MAT,4,2015,WV,PC:P9,TOTAL,All students,271.091497802735,0,1
statepct,MAT,4,2015,WY,PC:P1,TOTAL,All students,211.232000732422,0,1
statepct,MAT,4,2015,WY,PC:P2,TOTAL,All students,229.542498779297,0,1
statepct,MAT,4,2015,WY,PC:P5,TOTAL,All students,247.881002044678,0,1
statepct,MAT,4,2015,WY,PC:P9,TOTAL,All students,280.408502197266,0,1
statepct,MAT,4,2017,RI,PC:P1,TOTAL,All students,194.998999786377,0,1
statepct,MAT,4,2017,RI,PC:P2,TOTAL,All students,218.127998352051,0,1
statepct,MAT,4,2017,RI,PC:P5,TOTAL,All students,240.386501312256,0,1
statepct,MAT,4,2017,RI,PC:P9,TOTAL,All students,276.11900177002,0,1
statepct,MAT,4,2017,SC,PC:P1,TOTAL,All students,194.485499572754,0,1
statepct,MAT,4,2017,SC,PC:P2,TOTAL,All students,213.796999359131,0,1
statepct,MAT,4,2017,SC,PC:P5,TOTAL,All students,234.876000213623,0,1
statepct,MAT,4,2017,SC,PC:P9,TOTAL,All students,273.487002563477,0,1
statepct,MAT,4,2017,SD,PC:P1,TOTAL,All students,203.243499755859,0,1
statepct,MAT,4,2017,SD,PC:P2,TOTAL,All students,223.235001373291,0,1
statepct,MAT,4,2017,SD,PC:P5,TOTAL,All students,243.845998382568,0,1
statepct,MAT,4,2017,SD,PC:P9,TOTAL,All students,276.794000244141,0,1
statepct,MAT,4,2017,TN,PC:P1,TOTAL,All students,195.448000335693,0,1
statepct,MAT,4,2017,TN,PC:P2,TOTAL,All students,216.217998504639,0,1
statepct,MAT,4,2017,TN,PC:P5,TOTAL,All students,237.989999389649,0,1
statepct,MAT,4,2017,TN,PC:P9,TOTAL,All students,275.686000061035,0,1
statepct,MAT,4,2017,TX,PC:P1,TOTAL,All students,200.904499816894,0,1
statepct,MAT,4,2017,TX,PC:P2,TOTAL,All students,221.101500701904,0,1
statepct,MAT,4,2017,TX,PC:P5,TOTAL,All students,242.060999298096,0,1
statepct,MAT,4,2017,TX,PC:P9,TOTAL,All students,279.484497070313,0,1
statepct,MAT,4,2017,UT,PC:P1,TOTAL,All students,198.982499694824,0,1
statepct,MAT,4,2017,UT,PC:P2,TOTAL,All students,222.308000183106,0,1
statepct,MAT,4,2017,UT,PC:P5,TOTAL,All students,245.45650100708,0,1
statepct,MAT,4,2017,UT,PC:P9,TOTAL,All students,281.127998352051,0,1
statepct,MAT,4,2017,VA,PC:P1,TOTAL,All students,208.670500946045,0,1
statepct,MAT,4,2017,VA,PC:P2,TOTAL,All students,228.310499572754,0,1
statepct,MAT,4,2017,VA,PC:P5,TOTAL,All students,249.185998535156,0,1
statepct,MAT,4,2017,VA,PC:P9,TOTAL,All students,285.208996582031,0,1
statepct,MAT,4,2017,VT,PC:P1,TOTAL,All students,198.116500091553,0,1
statepct,MAT,4,2017,VT,PC:P2,TOTAL,All students,221.117501068115,0,1
statepct,MAT,4,2017,VT,PC:P5,TOTAL,All students,242.726000213623,0,1
statepct,MAT,4,2017,VT,PC:P9,TOTAL,All students,280.030001831055,0,1
statepct,MAT,4,2017,WA,PC:P1,TOTAL,All students,198.651501464844,0,1
statepct,MAT,4,2017,WA,PC:P2,TOTAL,All students,220.43999786377,0,1
statepct,MAT,4,2017,WA,PC:P5,TOTAL,All students,242.927500915527,0,1
statepct,MAT,4,2017,WA,PC:P9,TOTAL,All students,282.870500183106,0,1
statepct,MAT,4,2017,WI,PC:P1,TOTAL,All students,196.567501831055,0,1
statepct,MAT,4,2017,WI,PC:P2,TOTAL,All students,219.524500274658,0,1
statepct,MAT,4,2017,WI,PC:P5,TOTAL,All students,242.584000396729,0,1
statepct,MAT,4,2017,WI,PC:P9,TOTAL,All students,280.202502441406,0,1
statepct,MAT,4,2017,WV,PC:P1,TOTAL,All students,196.119998931885,0,1
statepct,MAT,4,2017,WV,PC:P2,TOTAL,All students,217.761000061035,0,1
statepct,MAT,4,2017,WV,PC:P5,TOTAL,All students,238.260000610352,0,1
statepct,MAT,4,2017,WV,PC:P9,TOTAL,All students,272.827000427246,0,1
statepct,MAT,4,2017,WY,PC:P1,TOTAL,All students,211.553501129151,0,1
statepct,MAT,4,2017,WY,PC:P2,TOTAL,All students,230.299500274658,0,1
statepct,MAT,4,2017,WY,PC:P5,TOTAL,All students,249.561999511719,0,1
statepct,MAT,4,2017,WY,PC:P9,TOTAL,All students,282.074998474121,0,1
statepct,MAT,4,2019,RI,PC:P1,TOTAL,All students,197.996001434326,0,1
statepct,MAT,4,2019,RI,PC:P2,TOTAL,All students,220.735499572754,0,1
statepct,MAT,4,2019,RI,PC:P5,TOTAL,All students,241.963000488281,0,1
statepct,MAT,4,2019,RI,PC:P9,TOTAL,All students,276.352500915527,0,1
statepct,MAT,4,2019,SC,PC:P1,TOTAL,All students,195.245500946045,0,1
statepct,MAT,4,2019,SC,PC:P2,TOTAL,All students,215.792500305176,0,1
statepct,MAT,4,2019,SC,PC:P5,TOTAL,All students,237.876000213623,0,1
statepct,MAT,4,2019,SC,PC:P9,TOTAL,All students,276.86350402832,0,1
statepct,MAT,4,2019,SD,PC:P1,TOTAL,All students,201.479000091553,0,1
statepct,MAT,4,2019,SD,PC:P2,TOTAL,All students,223.622501373291,0,1
statepct,MAT,4,2019,SD,PC:P5,TOTAL,All students,244.169000244141,0,1
statepct,MAT,4,2019,SD,PC:P9,TOTAL,All students,276.92600402832,0,1
statepct,MAT,4,2019,TN,PC:P1,TOTAL,All students,198.565501403809,0,1
statepct,MAT,4,2019,TN,PC:P2,TOTAL,All students,218.923998260498,0,1
statepct,MAT,4,2019,TN,PC:P5,TOTAL,All students,241.004499816895,0,1
statepct,MAT,4,2019,TN,PC:P9,TOTAL,All students,279.44599609375,0,1
statepct,MAT,4,2019,TX,PC:P1,TOTAL,All students,205.419999694824,0,1
statepct,MAT,4,2019,TX,PC:P2,TOTAL,All students,224.250498962402,0,1
statepct,MAT,4,2019,TX,PC:P5,TOTAL,All students,244.503499603271,0,1
statepct,MAT,4,2019,TX,PC:P9,TOTAL,All students,280.749998474121,0,1
statepct,MAT,4,2019,UT,PC:P1,TOTAL,All students,201.051500701904,0,1
statepct,MAT,4,2019,UT,PC:P2,TOTAL,All students,223.24700012207,0,1
statepct,MAT,4,2019,UT,PC:P5,TOTAL,All students,246.141999816894,0,1
statepct,MAT,4,2019,UT,PC:P9,TOTAL,All students,283.127998352051,0,1
statepct,MAT,4,2019,VA,PC:P1,TOTAL,All students,208.59349899292,0,1
statepct,MAT,4,2019,VA,PC:P2,TOTAL,All students,227.946501922608,0,1
statepct,MAT,4,2019,VA,PC:P5,TOTAL,All students,247.469499969482,0,1
statepct,MAT,4,2019,VA,PC:P9,TOTAL,All students,285.007499694824,0,1
statepct,MAT,4,2019,VT,PC:P1,TOTAL,All students,198.019499206543,0,1
statepct,MAT,4,2019,VT,PC:P2,TOTAL,All students,220.590500640869,0,1
statepct,MAT,4,2019,VT,PC:P5,TOTAL,All students,240.687999725342,0,1
statepct,MAT,4,2019,VT,PC:P9,TOTAL,All students,276.79100189209,0,1
statepct,MAT,4,2019,WA,PC:P1,TOTAL,All students,196.913999176025,0,1
statepct,MAT,4,2019,WA,PC:P2,TOTAL,All students,218.409998321533,0,1
statepct,MAT,4,2019,WA,PC:P5,TOTAL,All students,240.844998931885,0,1
statepct,MAT,4,2019,WA,PC:P9,TOTAL,All students,280.989001464844,0,1
statepct,MAT,4,2019,WI,PC:P1,TOTAL,All students,194.735501861572,0,1
statepct,MAT,4,2019,WI,PC:P2,TOTAL,All students,220.444499969483,0,1
statepct,MAT,4,2019,WI,PC:P5,TOTAL,All students,244.578998565674,0,1
statepct,MAT,4,2019,WI,PC:P9,TOTAL,All students,282.915998840332,0,1
statepct,MAT,4,2019,WV,PC:P1,TOTAL,All students,190.767999267578,0,1
statepct,MAT,4,2019,WV,PC:P2,TOTAL,All students,213.008000946045,0,1
statepct,MAT,4,2019,WV,PC:P5,TOTAL,All students,234.363500213623,0,1
statepct,MAT,4,2019,WV,PC:P9,TOTAL,All students,268.202499389648,0,1
statepct,MAT,4,2019,WY,PC:P1,TOTAL,All students,209.087000274658,0,1
statepct,MAT,4,2019,WY,PC:P2,TOTAL,All students,228.351999664307,0,1
statepct,MAT,4,2019,WY,PC:P5,TOTAL,All students,247.458500671387,0,1
statepct,MAT,4,2019,WY,PC:P9,TOTAL,All students,280.448498535156,0,1
statepct,MAT,4,2022,RI,PC:P1,TOTAL,All students,190.970500183106,0,1
statepct,MAT,4,2022,RI,PC:P2,TOTAL,All students,212.423999023437,0,1
statepct,MAT,4,2022,RI,PC:P5,TOTAL,All students,235.954501342773,0,1
statepct,MAT,4,2022,RI,PC:P9,TOTAL,All students,274.534503173828,0,1
statepct,MAT,4,2022,SC,PC:P1,TOTAL,All students,190.641500854492,0,1
statepct,MAT,4,2022,SC,PC:P2,TOTAL,All students,213.421500396729,0,1
statepct,MAT,4,2022,SC,PC:P5,TOTAL,All students,236.111000061035,0,1
statepct,MAT,4,2022,SC,PC:P9,TOTAL,All students,274.877998352051,0,1
statepct,MAT,4,2022,SD,PC:P1,TOTAL,All students,196.798499298096,0,1
statepct,MAT,4,2022,SD,PC:P2,TOTAL,All students,219.538000488281,0,1
statepct,MAT,4,2022,SD,PC:P5,TOTAL,All students,241.784000396729,0,1
statepct,MAT,4,2022,SD,PC:P9,TOTAL,All students,276.267501831055,0,1
statepct,MAT,4,2022,TN,PC:P1,TOTAL,All students,193.758000946045,0,1
statepct,MAT,4,2022,TN,PC:P2,TOTAL,All students,214.895499420166,0,1
statepct,MAT,4,2022,TN,PC:P5,TOTAL,All students,237.8375,0,1
statepct,MAT,4,2022,TN,PC:P9,TOTAL,All students,277.40499420166,0,1
statepct,MAT,4,2022,TX,PC:P1,TOTAL,All students,197.058000946045,0,1
statepct,MAT,4,2022,TX,PC:P2,TOTAL,All students,218.072499084473,0,1
statepct,MAT,4,2022,TX,PC:P5,TOTAL,All students,239.621998596191,0,1
statepct,MAT,4,2022,TX,PC:P9,TOTAL,All students,278.077502441406,0,1
statepct,MAT,4,2022,UT,PC:P1,TOTAL,All students,192.390501403809,0,1
statepct,MAT,4,2022,UT,PC:P2,TOTAL,All students,218.296000671387,0,1
statepct,MAT,4,2022,UT,PC:P5,TOTAL,All students,242.433500671387,0,1
statepct,MAT,4,2022,UT,PC:P9,TOTAL,All students,282.031001281738,0,1
statepct,MAT,4,2022,VA,PC:P1,TOTAL,All students,190.26549911499,0,1
statepct,MAT,4,2022,VA,PC:P2,TOTAL,All students,213.913999938965,0,1
statepct,MAT,4,2022,VA,PC:P5,TOTAL,All students,238.238999176025,0,1
statepct,MAT,4,2022,VA,PC:P9,TOTAL,All students,278.678001403809,0,1
statepct,MAT,4,2022,VT,PC:P1,TOTAL,All students,190.507500457764,0,1
statepct,MAT,4,2022,VT,PC:P2,TOTAL,All students,212.611998748779,0,1
statepct,MAT,4,2022,VT,PC:P5,TOTAL,All students,236.180500030518,0,1
statepct,MAT,4,2022,VT,PC:P9,TOTAL,All students,274.337498474121,0,1
statepct,MAT,4,2022,WA,PC:P1,TOTAL,All students,189.934999084473,0,1
statepct,MAT,4,2022,WA,PC:P2,TOTAL,All students,212.719500732422,0,1
statepct,MAT,4,2022,WA,PC:P5,TOTAL,All students,236.228498840332,0,1
statepct,MAT,4,2022,WA,PC:P9,TOTAL,All students,277.764503479004,0,1
statepct,MAT,4,2022,WI,PC:P1,TOTAL,All students,192.979998779297,0,1
statepct,MAT,4,2022,WI,PC:P2,TOTAL,All students,219.437998962402,0,1
statepct,MAT,4,2022,WI,PC:P5,TOTAL,All students,243.295000457764,0,1
statepct,MAT,4,2022,WI,PC:P9,TOTAL,All students,282.408995056152,0,1
statepct,MAT,4,2022,WV,PC:P1,TOTAL,All students,185.257001495361,0,1
statepct,MAT,4,2022,WV,PC:P2,TOTAL,All students,206.943997955322,0,1
statepct,MAT,4,2022,WV,PC:P5,TOTAL,All students,227.640500640869,0,1
statepct,MAT,4,2022,WV,PC:P9,TOTAL,All students,264.054499816895,0,1
statepct,MAT,4,2022,WY,PC:P1,TOTAL,All students,203.312000274658,0,1
statepct,MAT,4,2022,WY,PC:P2,TOTAL,All students,224.112499237061,0,1
statepct,MAT,4,2022,WY,PC:P5,TOTAL,All students,244.744000244141,0,1
statepct,MAT,4,2022,WY,PC:P9,TOTAL,All students,279.791500854492,0,1
statepct,MAT,4,2024,RI,PC:P1,TOTAL,All students,190.151498413086,0,1
statepct,MAT,4,2024,RI,PC:P2,TOTAL,All students,215.019497680664,0,1
statepct,MAT,4,2024,RI,PC:P5,TOTAL,All students,239.291498565674,0,1
statepct,MAT,4,2024,RI,PC:P9,TOTAL,All students,280.257998657227,0,1
statepct,MAT,4,2024,SC,PC:P1,TOTAL,All students,191.326998901367,0,1
statepct,MAT,4,2024,SC,PC:P2,TOTAL,All students,215.154001617432,0,1
statepct,MAT,4,2024,SC,PC:P5,TOTAL,All students,240.37799987793,0,1
statepct,MAT,4,2024,SC,PC:P9,TOTAL,All students,279.486001586914,0,1
statepct,MAT,4,2024,SD,PC:P1,TOTAL,All students,195.482000732422,0,1
statepct,MAT,4,2024,SD,PC:P2,TOTAL,All students,219.636000061035,0,1
statepct,MAT,4,2024,SD,PC:P5,TOTAL,All students,243.163499450684,0,1
statepct,MAT,4,2024,SD,PC:P9,TOTAL,All students,278.596501159668,0,1
statepct,MAT,4,2024,TN,PC:P1,TOTAL,All students,192.623500823975,0,1
statepct,MAT,4,2024,TN,PC:P2,TOTAL,All students,218.438999176025,0,1
statepct,MAT,4,2024,TN,PC:P5,TOTAL,All students,242.626998901367,0,1
statepct,MAT,4,2024,TN,PC:P9,TOTAL,All students,280.544999694824,0,1
statepct,MAT,4,2024,TX,PC:P1,TOTAL,All students,195.981502532959,0,1
statepct,MAT,4,2024,TX,PC:P2,TOTAL,All students,219.384501647949,0,1
statepct,MAT,4,2024,TX,PC:P5,TOTAL,All students,243.140000152588,0,1
statepct,MAT,4,2024,TX,PC:P9,TOTAL,All students,279.895999145508,0,1
statepct,MAT,4,2024,UT,PC:P1,TOTAL,All students,193.865000915527,0,1
statepct,MAT,4,2024,UT,PC:P2,TOTAL,All students,220.101000976563,0,1
statepct,MAT,4,2024,UT,PC:P5,TOTAL,All students,245.00299987793,0,1
statepct,MAT,4,2024,UT,PC:P9,TOTAL,All students,282.210499572754,0,1
statepct,MAT,4,2024,VA,PC:P1,TOTAL,All students,190.395500946045,0,1
statepct,MAT,4,2024,VA,PC:P2,TOTAL,All students,215.750000762939,0,1
statepct,MAT,4,2024,VA,PC:P5,TOTAL,All students,240.413000488281,0,1
statepct,MAT,4,2024,VA,PC:P9,TOTAL,All students,281.374502563477,0,1
statepct,MAT,4,2024,VT,PC:P1,TOTAL,All students,191.013000488281,0,1
statepct,MAT,4,2024,VT,PC:P2,TOTAL,All students,213.584998321533,0,1
statepct,MAT,4,2024,VT,PC:P5,TOTAL,All students,236.695500183105,0,1
statepct,MAT,4,2024,VT,PC:P9,TOTAL,All students,275.61300201416,0,1
statepct,MAT,4,2024,WA,PC:P1,TOTAL,All students,189.873999786377,0,1
statepct,MAT,4,2024,WA,PC:P2,TOTAL,All students,213.550001525879,0,1
statepct,MAT,4,2024,WA,PC:P5,TOTAL,All students,239.446998596191,0,1
statepct,MAT,4,2024,WA,PC:P9,TOTAL,All students,281.864498901367,0,1
statepct,MAT,4,2024,WI,PC:P1,TOTAL,All students,190.866501617432,0,1
statepct,MAT,4,2024,WI,PC:P2,TOTAL,All students,216.867997741699,0,1
statepct,MAT,4,2024,WI,PC:P5,TOTAL,All students,242.134999084473,0,1
statepct,MAT,4,2024,WI,PC:P9,TOTAL,All students,282.521496582031,0,1
statepct,MAT,4,2024,WV,PC:P1,TOTAL,All students,186.556000518799,0,1
statepct,MAT,4,2024,WV,PC:P2,TOTAL,All students,210.646500396728,0,1
statepct,MAT,4,2024,WV,PC:P5,TOTAL,All students,234.140000152588,0,1
statepct,MAT,4,2024,WV,PC:P9,TOTAL,All students,271.158995056152,0,1
statepct,MAT,4,2024,WY,PC:P1,TOTAL,All students,202.120001220703,0,1
statepct,MAT,4,2024,WY,PC:P2,TOTAL,All students,224.620498657226,0,1
statepct,MAT,4,2024,WY,PC:P5,TOTAL,All students,245.85950088501,0,1
statepct,MAT,4,2024,WY,PC:P9,TOTAL,All students,280.263996887207,0,1
statepct,MAT,8,2003,AK,PC:P1,TOTAL,All students,230.417999267578,0,1
statepct,MAT,8,2003,AK,PC:P2,TOTAL,All students,255.816000366211,0,1
statepct,MAT,8,2003,AK,PC:P5,TOTAL,All students,280.959997558594,0,1
statepct,MAT,8,2003,AK,PC:P9,TOTAL,All students,323.923999023438,0,1
statepct,MAT,8,2003,AL,PC:P1,TOTAL,All students,212.339999389649,0,1
statepct,MAT,8,2003,AL,PC:P2,TOTAL,All students,238.915997314453,0,1
statepct,MAT,8,2003,AL,PC:P5,TOTAL,All students,264.65,0,1
statepct,MAT,8,2003,AL,PC:P9,TOTAL,All students,307.166003417969,0,1
statepct,MAT,8,2003,AR,PC:P1,TOTAL,All students,214.805999755859,0,1
statepct,MAT,8,2003,AR,PC:P2,TOTAL,All students,242.101998901367,0,1
statepct,MAT,8,2003,AR,PC:P5,TOTAL,All students,269.870001220703,0,1
statepct,MAT,8,2003,AR,PC:P9,TOTAL,All students,311.160003662109,0,1
statepct,MAT,8,2003,AZ,PC:P1,TOTAL,All students,227.248001098633,0,1
statepct,MAT,8,2003,AZ,PC:P2,TOTAL,All students,248.269998168945,0,1
statepct,MAT,8,2003,AZ,PC:P5,TOTAL,All students,272.366003417969,0,1
statepct,MAT,8,2003,AZ,PC:P9,TOTAL,All students,314.538006591797,0,1
statepct,MAT,8,2003,CA,PC:P1,TOTAL,All students,215.325997924805,0,1
statepct,MAT,8,2003,CA,PC:P2,TOTAL,All students,240.69599609375,0,1
statepct,MAT,8,2003,CA,PC:P5,TOTAL,All students,267.877996826172,0,1
statepct,MAT,8,2003,CA,PC:P9,TOTAL,All students,317.515997314453,0,1
statepct,MAT,8,2003,CO,PC:P1,TOTAL,All students,235.423999023438,0,1
statepct,MAT,8,2003,CO,PC:P2,TOTAL,All students,260.615991210938,0,1
statepct,MAT,8,2003,CO,PC:P5,TOTAL,All students,285.014007568359,0,1
statepct,MAT,8,2003,CO,PC:P9,TOTAL,All students,328.148004150391,0,1
statepct,MAT,8,2003,CT,PC:P1,TOTAL,All students,235.562002563476,0,1
statepct,MAT,8,2003,CT,PC:P2,TOTAL,All students,260.173999023438,0,1
statepct,MAT,8,2003,CT,PC:P5,TOTAL,All students,284.870001220703,0,1
statepct,MAT,8,2003,CT,PC:P9,TOTAL,All students,329.964001464844,0,1
statepct,MAT,8,2003,DC,PC:P1,TOTAL,All students,197.779995727539,0,1
statepct,MAT,8,2003,DC,PC:P2,TOTAL,All students,219.094000244141,0,1
statepct,MAT,8,2003,DC,PC:P5,TOTAL,All students,243.17200012207,0,1
statepct,MAT,8,2003,DC,PC:P9,TOTAL,All students,287.786004638672,0,1
statepct,MAT,8,2003,DE,PC:P1,TOTAL,All students,234.488000488281,0,1
statepct,MAT,8,2003,DE,PC:P2,TOTAL,All students,255.491998291016,0,1
statepct,MAT,8,2003,DE,PC:P5,TOTAL,All students,278.108001708984,0,1
statepct,MAT,8,2003,DE,PC:P9,TOTAL,All students,319.235992431641,0,1
statepct,MAT,8,2003,FL,PC:P1,TOTAL,All students,222.546002197266,0,1
statepct,MAT,8,2003,FL,PC:P2,TOTAL,All students,247.734002685547,0,1
statepct,MAT,8,2003,FL,PC:P5,TOTAL,All students,272.970001220703,0,1
statepct,MAT,8,2003,FL,PC:P9,TOTAL,All students,318.276000976563,0,1
statepct,MAT,8,2003,GA,PC:P1,TOTAL,All students,221.624002075195,0,1
statepct,MAT,8,2003,GA,PC:P2,TOTAL,All students,245.743997192383,0,1
statepct,MAT,8,2003,GA,PC:P5,TOTAL,All students,270.779998779297,0,1
statepct,MAT,8,2003,GA,PC:P9,TOTAL,All students,316.648004150391,0,1
statepct,MAT,8,2003,HI,PC:P1,TOTAL,All students,220.362002563477,0,1
statepct,MAT,8,2003,HI,PC:P2,TOTAL,All students,242.674002075195,0,1
statepct,MAT,8,2003,HI,PC:P5,TOTAL,All students,267.025994873047,0,1
statepct,MAT,8,2003,HI,PC:P9,TOTAL,All students,309.508001708984,0,1
statepct,MAT,8,2003,ID,PC:P1,TOTAL,All students,237.298001098633,0,1
statepct,MAT,8,2003,ID,PC:P2,TOTAL,All students,259.426000976563,0,1
statepct,MAT,8,2003,ID,PC:P5,TOTAL,All students,281.916003417969,0,1
statepct,MAT,8,2003,ID,PC:P9,TOTAL,All students,320.933996582031,0,1
statepct,MAT,8,2005,AK,PC:P1,TOTAL,All students,234.437997436523,0,1
statepct,MAT,8,2005,AK,PC:P2,TOTAL,All students,255.596002197266,0,1
statepct,MAT,8,2005,AK,PC:P5,TOTAL,All students,279.59599609375,0,1
statepct,MAT,8,2005,AK,PC:P9,TOTAL,All students,323.389996337891,0,1
statepct,MAT,8,2005,AL,PC:P1,TOTAL,All students,212.810003662109,0,1
statepct,MAT,8,2005,AL,PC:P2,TOTAL,All students,239.516000366211,0,1
statepct,MAT,8,2005,AL,PC:P5,TOTAL,All students,264.65,0,1
statepct,MAT,8,2005,AL,PC:P9,TOTAL,All students,307.629998779297,0,1
statepct,MAT,8,2005,AR,PC:P1,TOTAL,All students,225.003997802735,0,1
statepct,MAT,8,2005,AR,PC:P2,TOTAL,All students,250.483996582031,0,1
statepct,MAT,8,2005,AR,PC:P5,TOTAL,All students,274.252001953125,0,1
statepct,MAT,8,2005,AR,PC:P9,TOTAL,All students,314.718005371094,0,1
statepct,MAT,8,2005,AZ,PC:P1,TOTAL,All students,226.504000854492,0,1
statepct,MAT,8,2005,AZ,PC:P2,TOTAL,All students,250.164001464844,0,1
statepct,MAT,8,2005,AZ,PC:P5,TOTAL,All students,275.596002197266,0,1
statepct,MAT,8,2005,AZ,PC:P9,TOTAL,All students,320.181994628906,0,1
statepct,MAT,8,2005,CA,PC:P1,TOTAL,All students,218.889999389648,0,1
statepct,MAT,8,2005,CA,PC:P2,TOTAL,All students,243.051998901367,0,1
statepct,MAT,8,2005,CA,PC:P5,TOTAL,All students,268.967999267578,0,1
statepct,MAT,8,2005,CA,PC:P9,TOTAL,All students,318.168005371094,0,1
statepct,MAT,8,2005,CO,PC:P1,TOTAL,All students,233.742001342773,0,1
statepct,MAT,8,2005,CO,PC:P2,TOTAL,All students,257.064001464844,0,1
statepct,MAT,8,2005,CO,PC:P5,TOTAL,All students,282.587994384766,0,1
statepct,MAT,8,2005,CO,PC:P9,TOTAL,All students,325.535998535157,0,1
statepct,MAT,8,2005,CT,PC:P1,TOTAL,All students,229.951998901367,0,1
statepct,MAT,8,2005,CT,PC:P2,TOTAL,All students,255.621997070313,0,1
statepct,MAT,8,2005,CT,PC:P5,TOTAL,All students,283.291998291016,0,1
statepct,MAT,8,2005,CT,PC:P9,TOTAL,All students,329.135998535156,0,1
statepct,MAT,8,2005,DC,PC:P1,TOTAL,All students,200.360000610352,0,1
statepct,MAT,8,2005,DC,PC:P2,TOTAL,All students,221.70599975586,0,1
statepct,MAT,8,2005,DC,PC:P5,TOTAL,All students,244.439999389649,0,1
statepct,MAT,8,2005,DC,PC:P9,TOTAL,All students,290.609997558594,0,1
statepct,MAT,8,2005,DE,PC:P1,TOTAL,All students,239.933996582031,0,1
statepct,MAT,8,2005,DE,PC:P2,TOTAL,All students,259.607995605469,0,1
statepct,MAT,8,2005,DE,PC:P5,TOTAL,All students,281.034002685547,0,1
statepct,MAT,8,2005,DE,PC:P9,TOTAL,All students,322.113995361328,0,1
statepct,MAT,8,2005,FL,PC:P1,TOTAL,All students,224.800003051758,0,1
statepct,MAT,8,2005,FL,PC:P2,TOTAL,All students,250.857995605469,0,1
statepct,MAT,8,2005,FL,PC:P5,TOTAL,All students,276.240002441406,0,1
statepct,MAT,8,2005,FL,PC:P9,TOTAL,All students,319.80599975586,0,1
statepct,MAT,8,2005,GA,PC:P1,TOTAL,All students,225.894000244141,0,1
statepct,MAT,8,2005,GA,PC:P2,TOTAL,All students,248.274002075195,0,1
statepct,MAT,8,2005,GA,PC:P5,TOTAL,All students,272.64599609375,0,1
statepct,MAT,8,2005,GA,PC:P9,TOTAL,All students,318.714001464844,0,1
statepct,MAT,8,2005,HI,PC:P1,TOTAL,All students,218.104000854492,0,1
statepct,MAT,8,2005,HI,PC:P2,TOTAL,All students,242.331997680664,0,1
statepct,MAT,8,2005,HI,PC:P5,TOTAL,All students,266.987994384766,0,1
statepct,MAT,8,2005,HI,PC:P9,TOTAL,All students,311.493994140625,0,1
statepct,MAT,8,2005,ID,PC:P1,TOTAL,All students,237.62200012207,0,1
statepct,MAT,8,2005,ID,PC:P2,TOTAL,All students,260.091998291016,0,1
statepct,MAT,8,2005,ID,PC:P5,TOTAL,All students,282.71000366211,0,1
statepct,MAT,8,2005,ID,PC:P9,TOTAL,All students,322.214001464844,0,1
statepct,MAT,8,2007,AK,PC:P1,TOTAL,All students,238.1,0,1
statepct,MAT,8,2007,AK,PC:P2,TOTAL,All students,259.972003173828,0,1
statepct,MAT,8,2007,AK,PC:P5,TOTAL,All students,283.192004394531,0,1
statepct,MAT,8,2007,AK,PC:P9,TOTAL,All students,327.049993896484,0,1
statepct,MAT,8,2007,AL,PC:P1,TOTAL,All students,220.236001586914,0,1
statepct,MAT,8,2007,AL,PC:P2,TOTAL,All students,242.946002197266,0,1
statepct,MAT,8,2007,AL,PC:P5,TOTAL,All students,266.59599609375,0,1
statepct,MAT,8,2007,AL,PC:P9,TOTAL,All students,311.455999755859,0,1
statepct,MAT,8,2007,AR,PC:P1,TOTAL,All students,228.806002807617,0,1
statepct,MAT,8,2007,AR,PC:P2,TOTAL,All students,251.962002563476,0,1
statepct,MAT,8,2007,AR,PC:P5,TOTAL,All students,274.887994384766,0,1
statepct,MAT,8,2007,AR,PC:P9,TOTAL,All students,318.061999511719,0,1
statepct,MAT,8,2007,AZ,PC:P1,TOTAL,All students,229.058001708985,0,1
statepct,MAT,8,2007,AZ,PC:P2,TOTAL,All students,253.02200012207,0,1
statepct,MAT,8,2007,AZ,PC:P5,TOTAL,All students,276.943994140625,0,1
statepct,MAT,8,2007,AZ,PC:P9,TOTAL,All students,320.718005371094,0,1
statepct,MAT,8,2007,CA,PC:P1,TOTAL,All students,220.315997314453,0,1
statepct,MAT,8,2007,CA,PC:P2,TOTAL,All students,244.138000488281,0,1
statepct,MAT,8,2007,CA,PC:P5,TOTAL,All students,271.167993164063,0,1
statepct,MAT,8,2007,CA,PC:P9,TOTAL,All students,320.05599975586,0,1
statepct,MAT,8,2007,CO,PC:P1,TOTAL,All students,239.720001220703,0,1
statepct,MAT,8,2007,CO,PC:P2,TOTAL,All students,262.10400390625,0,1
statepct,MAT,8,2007,CO,PC:P5,TOTAL,All students,286.796002197266,0,1
statepct,MAT,8,2007,CO,PC:P9,TOTAL,All students,332.234002685547,0,1
statepct,MAT,8,2007,CT,PC:P1,TOTAL,All students,232.961996459961,0,1
statepct,MAT,8,2007,CT,PC:P2,TOTAL,All students,259.3580078125,0,1
statepct,MAT,8,2007,CT,PC:P5,TOTAL,All students,284.682006835937,0,1
statepct,MAT,8,2007,CT,PC:P9,TOTAL,All students,329.939990234375,0,1
statepct,MAT,8,2007,DC,PC:P1,TOTAL,All students,203.189999389649,0,1
statepct,MAT,8,2007,DC,PC:P2,TOTAL,All students,224.812002563477,0,1
statepct,MAT,8,2007,DC,PC:P5,TOTAL,All students,247.994000244141,0,1
statepct,MAT,8,2007,DC,PC:P9,TOTAL,All students,294.488000488281,0,1
statepct,MAT,8,2007,DE,PC:P1,TOTAL,All students,240.951998901367,0,1
statepct,MAT,8,2007,DE,PC:P2,TOTAL,All students,261.185998535156,0,1
statepct,MAT,8,2007,DE,PC:P5,TOTAL,All students,282.553997802734,0,1
statepct,MAT,8,2007,DE,PC:P9,TOTAL,All students,325.930004882812,0,1
statepct,MAT,8,2007,FL,PC:P1,TOTAL,All students,231.122003173828,0,1
statepct,MAT,8,2007,FL,PC:P2,TOTAL,All students,254.603997802734,0,1
statepct,MAT,8,2007,FL,PC:P5,TOTAL,All students,278.799993896484,0,1
statepct,MAT,8,2007,FL,PC:P9,TOTAL,All students,321.25,0,1
statepct,MAT,8,2007,GA,PC:P1,TOTAL,All students,231.447998046875,0,1
statepct,MAT,8,2007,GA,PC:P2,TOTAL,All students,251.551998901367,0,1
statepct,MAT,8,2007,GA,PC:P5,TOTAL,All students,274.586004638672,0,1
statepct,MAT,8,2007,GA,PC:P9,TOTAL,All students,318.703997802734,0,1
statepct,MAT,8,2007,HI,PC:P1,TOTAL,All students,220.534002685547,0,1
statepct,MAT,8,2007,HI,PC:P2,TOTAL,All students,245.419995117188,0,1
statepct,MAT,8,2007,HI,PC:P5,TOTAL,All students,270.296002197266,0,1
statepct,MAT,8,2007,HI,PC:P9,TOTAL,All students,314.942004394531,0,1
statepct,MAT,8,2007,ID,PC:P1,TOTAL,All students,238.532000732422,0,1
statepct,MAT,8,2007,ID,PC:P2,TOTAL,All students,261.773999023438,0,1
statepct,MAT,8,2007,ID,PC:P5,TOTAL,All students,285.073999023438,0,1
statepct,MAT,8,2007,ID,PC:P9,TOTAL,All students,325.515997314453,0,1
statepct,MAT,8,2009,AK,PC:P1,TOTAL,All students,237.354000854492,0,1
statepct,MAT,8,2009,AK,PC:P2,TOTAL,All students,261.308001708984,0,1
statepct,MAT,8,2009,AK,PC:P5,TOTAL,All students,284.816009521484,0,1
statepct,MAT,8,2009,AK,PC:P9,TOTAL,All students,325.75599975586,0,1
statepct,MAT,8,2009,AL,PC:P1,TOTAL,All students,220.788000488281,0,1
statepct,MAT,8,2009,AL,PC:P2,TOTAL,All students,245.101998901367,0,1
statepct,MAT,8,2009,AL,PC:P5,TOTAL,All students,269.85400390625,0,1
statepct,MAT,8,2009,AL,PC:P9,TOTAL,All students,314.664001464844,0,1
statepct,MAT,8,2009,AR,PC:P1,TOTAL,All students,229.789999389648,0,1
statepct,MAT,8,2009,AR,PC:P2,TOTAL,All students,253.055999755859,0,1
statepct,MAT,8,2009,AR,PC:P5,TOTAL,All students,278.109997558594,0,1
statepct,MAT,8,2009,AR,PC:P9,TOTAL,All students,320.562005615235,0,1
statepct,MAT,8,2009,AZ,PC:P1,TOTAL,All students,227.836001586914,0,1
statepct,MAT,8,2009,AZ,PC:P2,TOTAL,All students,253.72200012207,0,1
statepct,MAT,8,2009,AZ,PC:P5,TOTAL,All students,279.018005371094,0,1
statepct,MAT,8,2009,AZ,PC:P9,TOTAL,All students,323.907995605469,0,1
statepct,MAT,8,2009,CA,PC:P1,TOTAL,All students,219.679998779297,0,1
statepct,MAT,8,2009,CA,PC:P2,TOTAL,All students,244.5,0,1
statepct,MAT,8,2009,CA,PC:P5,TOTAL,All students,270.70400390625,0,1
statepct,MAT,8,2009,CA,PC:P9,TOTAL,All students,321.291998291016,0,1
statepct,MAT,8,2009,CO,PC:P1,TOTAL,All students,239.682000732422,0,1
statepct,MAT,8,2009,CO,PC:P2,TOTAL,All students,262.618005371094,0,1
statepct,MAT,8,2009,CO,PC:P5,TOTAL,All students,289.205999755859,0,1
statepct,MAT,8,2009,CO,PC:P9,TOTAL,All students,333.058001708984,0,1
statepct,MAT,8,2009,CT,PC:P1,TOTAL,All students,241.754000854492,0,1
statepct,MAT,8,2009,CT,PC:P2,TOTAL,All students,265.932006835938,0,1
statepct,MAT,8,2009,CT,PC:P5,TOTAL,All students,290.376000976563,0,1
statepct,MAT,8,2009,CT,PC:P9,TOTAL,All students,333.261999511719,0,1
statepct,MAT,8,2009,DC,PC:P1,TOTAL,All students,205.375997924805,0,1
statepct,MAT,8,2009,DC,PC:P2,TOTAL,All students,228.627996826172,0,1
statepct,MAT,8,2009,DC,PC:P5,TOTAL,All students,252.941998291016,0,1
statepct,MAT,8,2009,DC,PC:P9,TOTAL,All students,301.773999023437,0,1
statepct,MAT,8,2009,DE,PC:P1,TOTAL,All students,242.9,0,1
statepct,MAT,8,2009,DE,PC:P2,TOTAL,All students,262.573992919922,0,1
statepct,MAT,8,2009,DE,PC:P5,TOTAL,All students,284,0,1
statepct,MAT,8,2009,DE,PC:P9,TOTAL,All students,325.338006591797,0,1
statepct,MAT,8,2009,FL,PC:P1,TOTAL,All students,234.95599975586,0,1
statepct,MAT,8,2009,FL,PC:P2,TOTAL,All students,256.423992919922,0,1
statepct,MAT,8,2009,FL,PC:P5,TOTAL,All students,280.379998779297,0,1
statepct,MAT,8,2009,FL,PC:P9,TOTAL,All students,322.436004638672,0,1
statepct,MAT,8,2009,GA,PC:P1,TOTAL,All students,234.113998413086,0,1
statepct,MAT,8,2009,GA,PC:P2,TOTAL,All students,254.091998291016,0,1
statepct,MAT,8,2009,GA,PC:P5,TOTAL,All students,277.118005371094,0,1
statepct,MAT,8,2009,GA,PC:P9,TOTAL,All students,321.827996826172,0,1
statepct,MAT,8,2009,HI,PC:P1,TOTAL,All students,224.494000244141,0,1
statepct,MAT,8,2009,HI,PC:P2,TOTAL,All students,250.287997436524,0,1
statepct,MAT,8,2009,HI,PC:P5,TOTAL,All students,276.303997802734,0,1
statepct,MAT,8,2009,HI,PC:P9,TOTAL,All students,319.798004150391,0,1
statepct,MAT,8,2009,ID,PC:P1,TOTAL,All students,242.245999145508,0,1
statepct,MAT,8,2009,ID,PC:P2,TOTAL,All students,265.602001953125,0,1
statepct,MAT,8,2009,ID,PC:P5,TOTAL,All students,288.965991210938,0,1
statepct,MAT,8,2009,ID,PC:P9,TOTAL,All students,329.588000488281,0,1
statepct,MAT,8,2011,AK,PC:P1,TOTAL,All students,234.795999145508,0,1
statepct,MAT,8,2011,AK,PC:P2,TOTAL,All students,261.324005126953,0,1
statepct,MAT,8,2011,AK,PC:P5,TOTAL,All students,285.917999267578,0,1
statepct,MAT,8,2011,AK,PC:P9,TOTAL,All students,328.285998535156,0,1
statepct,MAT,8,2011,AL,PC:P1,TOTAL,All students,222.869998168945,0,1
statepct,MAT,8,2011,AL,PC:P2,TOTAL,All students,246.316000366211,0,1
statepct,MAT,8,2011,AL,PC:P5,TOTAL,All students,270.662005615234,0,1
statepct,MAT,8,2011,AL,PC:P9,TOTAL,All students,312.577996826172,0,1
statepct,MAT,8,2011,AR,PC:P1,TOTAL,All students,234.02799987793,0,1
statepct,MAT,8,2011,AR,PC:P2,TOTAL,All students,256.389993286133,0,1
statepct,MAT,8,2011,AR,PC:P5,TOTAL,All students,280.36400756836,0,1
statepct,MAT,8,2011,AR,PC:P9,TOTAL,All students,321.838000488281,0,1
statepct,MAT,8,2011,AZ,PC:P1,TOTAL,All students,229.191998291016,0,1
statepct,MAT,8,2011,AZ,PC:P2,TOTAL,All students,253.583999633789,0,1
statepct,MAT,8,2011,AZ,PC:P5,TOTAL,All students,280.620001220703,0,1
statepct,MAT,8,2011,AZ,PC:P9,TOTAL,All students,326.850006103516,0,1
statepct,MAT,8,2011,CA,PC:P1,TOTAL,All students,222.002001953125,0,1
statepct,MAT,8,2011,CA,PC:P2,TOTAL,All students,246.724002075195,0,1
statepct,MAT,8,2011,CA,PC:P5,TOTAL,All students,273.421997070313,0,1
statepct,MAT,8,2011,CA,PC:P9,TOTAL,All students,323.009997558594,0,1
statepct,MAT,8,2011,CO,PC:P1,TOTAL,All students,245.663998413086,0,1
statepct,MAT,8,2011,CO,PC:P2,TOTAL,All students,268.5,0,1
statepct,MAT,8,2011,CO,PC:P5,TOTAL,All students,293.173999023438,0,1
statepct,MAT,8,2011,CO,PC:P9,TOTAL,All students,336.559997558594,0,1
statepct,MAT,8,2011,CT,PC:P1,TOTAL,All students,241.37600402832,0,1
statepct,MAT,8,2011,CT,PC:P2,TOTAL,All students,262.378002929687,0,1
statepct,MAT,8,2011,CT,PC:P5,TOTAL,All students,287.832000732422,0,1
statepct,MAT,8,2011,CT,PC:P9,TOTAL,All students,332.720001220703,0,1
statepct,MAT,8,2011,DC,PC:P1,TOTAL,All students,209.651998901367,0,1
statepct,MAT,8,2011,DC,PC:P2,TOTAL,All students,233.663995361328,0,1
statepct,MAT,8,2011,DC,PC:P5,TOTAL,All students,259.986004638672,0,1
statepct,MAT,8,2011,DC,PC:P9,TOTAL,All students,312.091998291016,0,1
statepct,MAT,8,2011,DE,PC:P1,TOTAL,All students,239.363995361328,0,1
statepct,MAT,8,2011,DE,PC:P2,TOTAL,All students,260.546002197266,0,1
statepct,MAT,8,2011,DE,PC:P5,TOTAL,All students,283.05,0,1
statepct,MAT,8,2011,DE,PC:P9,TOTAL,All students,326.042004394531,0,1
statepct,MAT,8,2011,FL,PC:P1,TOTAL,All students,232.457998657227,0,1
statepct,MAT,8,2011,FL,PC:P2,TOTAL,All students,254.496002197266,0,1
statepct,MAT,8,2011,FL,PC:P5,TOTAL,All students,278.314001464844,0,1
statepct,MAT,8,2011,FL,PC:P9,TOTAL,All students,322.926000976563,0,1
statepct,MAT,8,2011,GA,PC:P1,TOTAL,All students,233.244000244141,0,1
statepct,MAT,8,2011,GA,PC:P2,TOTAL,All students,255.265997314453,0,1
statepct,MAT,8,2011,GA,PC:P5,TOTAL,All students,278.852001953125,0,1
statepct,MAT,8,2011,GA,PC:P9,TOTAL,All students,323.703991699219,0,1
statepct,MAT,8,2011,HI,PC:P1,TOTAL,All students,228.597998046875,0,1
statepct,MAT,8,2011,HI,PC:P2,TOTAL,All students,253.971997070312,0,1
statepct,MAT,8,2011,HI,PC:P5,TOTAL,All students,280.00400390625,0,1
statepct,MAT,8,2011,HI,PC:P9,TOTAL,All students,324.176000976563,0,1
statepct,MAT,8,2011,ID,PC:P1,TOTAL,All students,243.193997192383,0,1
statepct,MAT,8,2011,ID,PC:P2,TOTAL,All students,264.572003173828,0,1
statepct,MAT,8,2011,ID,PC:P5,TOTAL,All students,287.524005126953,0,1
statepct,MAT,8,2011,ID,PC:P9,TOTAL,All students,330.467993164062,0,1
statepct,MAT,8,2013,AK,PC:P1,TOTAL,All students,232.727500152588,0,1
statepct,MAT,8,2013,AK,PC:P2,TOTAL,All students,258.205999755859,0,1
statepct,MAT,8,2013,AK,PC:P5,TOTAL,All students,283.478498840332,0,1
statepct,MAT,8,2013,AK,PC:P9,TOTAL,All students,327.125503540039,0,1
statepct,MAT,8,2013,AL,PC:P1,TOTAL,All students,223.628499603272,0,1
statepct,MAT,8,2013,AL,PC:P2,TOTAL,All students,247.025,0,1
statepct,MAT,8,2013,AL,PC:P5,TOTAL,All students,270.039999389648,0,1
statepct,MAT,8,2013,AL,PC:P9,TOTAL,All students,314.096502685547,0,1
statepct,MAT,8,2013,AR,PC:P1,TOTAL,All students,233.04349899292,0,1
statepct,MAT,8,2013,AR,PC:P2,TOTAL,All students,255.590001678467,0,1
statepct,MAT,8,2013,AR,PC:P5,TOTAL,All students,279.258999633789,0,1
statepct,MAT,8,2013,AR,PC:P9,TOTAL,All students,320.604501342774,0,1
statepct,MAT,8,2013,AZ,PC:P1,TOTAL,All students,231.966498565674,0,1
statepct,MAT,8,2013,AZ,PC:P2,TOTAL,All students,254.99649810791,0,1
statepct,MAT,8,2013,AZ,PC:P5,TOTAL,All students,280.718002319336,0,1
statepct,MAT,8,2013,AZ,PC:P9,TOTAL,All students,326.236003112793,0,1
statepct,MAT,8,2013,CA,PC:P1,TOTAL,All students,226.668000793457,0,1
statepct,MAT,8,2013,CA,PC:P2,TOTAL,All students,250.485501098633,0,1
statepct,MAT,8,2013,CA,PC:P5,TOTAL,All students,276.519999694824,0,1
statepct,MAT,8,2013,CA,PC:P9,TOTAL,All students,324.029000854492,0,1
statepct,MAT,8,2013,CO,PC:P1,TOTAL,All students,239.844499206543,0,1
statepct,MAT,8,2013,CO,PC:P2,TOTAL,All students,264.706500244141,0,1
statepct,MAT,8,2013,CO,PC:P5,TOTAL,All students,291.161500549317,0,1
statepct,MAT,8,2013,CO,PC:P9,TOTAL,All students,336.599501037598,0,1
statepct,MAT,8,2013,CT,PC:P1,TOTAL,All students,235.989500427246,0,1
statepct,MAT,8,2013,CT,PC:P2,TOTAL,All students,260.60700378418,0,1
statepct,MAT,8,2013,CT,PC:P5,TOTAL,All students,286.488500976562,0,1
statepct,MAT,8,2013,CT,PC:P9,TOTAL,All students,333.149003601074,0,1
statepct,MAT,8,2013,DC,PC:P1,TOTAL,All students,215.615496826172,0,1
statepct,MAT,8,2013,DC,PC:P2,TOTAL,All students,239.771999359131,0,1
statepct,MAT,8,2013,DC,PC:P5,TOTAL,All students,265.440998840332,0,1
statepct,MAT,8,2013,DC,PC:P9,TOTAL,All students,314.804501342774,0,1
statepct,MAT,8,2013,DE,PC:P1,TOTAL,All students,236.116000366211,0,1
statepct,MAT,8,2013,DE,PC:P2,TOTAL,All students,257.814500427246,0,1
statepct,MAT,8,2013,DE,PC:P5,TOTAL,All students,282.150500488281,0,1
statepct,MAT,8,2013,DE,PC:P9,TOTAL,All students,328.927000427246,0,1
statepct,MAT,8,2013,FL,PC:P1,TOTAL,All students,235.927997589111,0,1
statepct,MAT,8,2013,FL,PC:P2,TOTAL,All students,257.182498168946,0,1
statepct,MAT,8,2013,FL,PC:P5,TOTAL,All students,281.015498352051,0,1
statepct,MAT,8,2013,FL,PC:P9,TOTAL,All students,325.58699798584,0,1
statepct,MAT,8,2013,GA,PC:P1,TOTAL,All students,232.371501159668,0,1
statepct,MAT,8,2013,GA,PC:P2,TOTAL,All students,254.945498657227,0,1
statepct,MAT,8,2013,GA,PC:P5,TOTAL,All students,279.126998901367,0,1
statepct,MAT,8,2013,GA,PC:P9,TOTAL,All students,325.902500915527,0,1
statepct,MAT,8,2013,HI,PC:P1,TOTAL,All students,233.576500701904,0,1
statepct,MAT,8,2013,HI,PC:P2,TOTAL,All students,258.077998352051,0,1
statepct,MAT,8,2013,HI,PC:P5,TOTAL,All students,283.577001953125,0,1
statepct,MAT,8,2013,HI,PC:P9,TOTAL,All students,326.875497436524,0,1
statepct,MAT,8,2013,ID,PC:P1,TOTAL,All students,243.782499694824,0,1
statepct,MAT,8,2013,ID,PC:P2,TOTAL,All students,265.067498779297,0,1
statepct,MAT,8,2013,ID,PC:P5,TOTAL,All students,287.678001403809,0,1
statepct,MAT,8,2013,ID,PC:P9,TOTAL,All students,327.740502929688,0,1
statepct,MAT,8,2015,AK,PC:P1,TOTAL,All students,232.499500274658,0,1
statepct,MAT,8,2015,AK,PC:P2,TOTAL,All students,257.301497650147,0,1
statepct,MAT,8,2015,AK,PC:P5,TOTAL,All students,282.671499633789,0,1
statepct,MAT,8,2015,AK,PC:P9,TOTAL,All students,325.943501281738,0,1
statepct,MAT,8,2015,AL,PC:P1,TOTAL,All students,221.931498718262,0,1
statepct,MAT,8,2015,AL,PC:P2,TOTAL,All students,243.737001037598,0,1
statepct,MAT,8,2015,AL,PC:P5,TOTAL,All students,266.923999023438,0,1
statepct,MAT,8,2015,AL,PC:P9,TOTAL,All students,310.901502990723,0,1
statepct,MAT,8,2015,AR,PC:P1,TOTAL,All students,230.487999725342,0,1
statepct,MAT,8,2015,AR,PC:P2,TOTAL,All students,252.573001098633,0,1
statepct,MAT,8,2015,AR,PC:P5,TOTAL,All students,276.247998046875,0,1
statepct,MAT,8,2015,AR,PC:P9,TOTAL,All students,317.778999328613,0,1
statepct,MAT,8,2015,AZ,PC:P1,TOTAL,All students,234.616500854492,0,1
statepct,MAT,8,2015,AZ,PC:P2,TOTAL,All students,258.896998596192,0,1
statepct,MAT,8,2015,AZ,PC:P5,TOTAL,All students,284.010998535156,0,1
statepct,MAT,8,2015,AZ,PC:P9,TOTAL,All students,328.866003417969,0,1
statepct,MAT,8,2015,CA,PC:P1,TOTAL,All students,226.623001861572,0,1
statepct,MAT,8,2015,CA,PC:P2,TOTAL,All students,249.513999938965,0,1
statepct,MAT,8,2015,CA,PC:P5,TOTAL,All students,275.813502502442,0,1
statepct,MAT,8,2015,CA,PC:P9,TOTAL,All students,323.96549987793,0,1
statepct,MAT,8,2015,CO,PC:P1,TOTAL,All students,236.860998535156,0,1
statepct,MAT,8,2015,CO,PC:P2,TOTAL,All students,259.860498046875,0,1
statepct,MAT,8,2015,CO,PC:P5,TOTAL,All students,285.96799621582,0,1
statepct,MAT,8,2015,CO,PC:P9,TOTAL,All students,333.755001831055,0,1
statepct,MAT,8,2015,CT,PC:P1,TOTAL,All students,233.912499237061,0,1
statepct,MAT,8,2015,CT,PC:P2,TOTAL,All students,258.694000244141,0,1
statepct,MAT,8,2015,CT,PC:P5,TOTAL,All students,285.342498779297,0,1
statepct,MAT,8,2015,CT,PC:P9,TOTAL,All students,332.495497131348,0,1
statepct,MAT,8,2015,DC,PC:P1,TOTAL,All students,210.433999633789,0,1
statepct,MAT,8,2015,DC,PC:P2,TOTAL,All students,236.089498901367,0,1
statepct,MAT,8,2015,DC,PC:P5,TOTAL,All students,262.927500915528,0,1
statepct,MAT,8,2015,DC,PC:P9,TOTAL,All students,315.653498840332,0,1
statepct,MAT,8,2015,DE,PC:P1,TOTAL,All students,234.829999542236,0,1
statepct,MAT,8,2015,DE,PC:P2,TOTAL,All students,255.876500701904,0,1
statepct,MAT,8,2015,DE,PC:P5,TOTAL,All students,279.220498657227,0,1
statepct,MAT,8,2015,DE,PC:P9,TOTAL,All students,326.469999694824,0,1
statepct,MAT,8,2015,FL,PC:P1,TOTAL,All students,229.978001403809,0,1
statepct,MAT,8,2015,FL,PC:P2,TOTAL,All students,250.733499908447,0,1
statepct,MAT,8,2015,FL,PC:P5,TOTAL,All students,274.953500366211,0,1
statepct,MAT,8,2015,FL,PC:P9,TOTAL,All students,321.645001220703,0,1
statepct,MAT,8,2015,GA,PC:P1,TOTAL,All students,233.238500213623,0,1
statepct,MAT,8,2015,GA,PC:P2,TOTAL,All students,254.372499847412,0,1
statepct,MAT,8,2015,GA,PC:P5,TOTAL,All students,277.366999816895,0,1
statepct,MAT,8,2015,GA,PC:P9,TOTAL,All students,327.172500610352,0,1
statepct,MAT,8,2015,HI,PC:P1,TOTAL,All students,232.627499389648,0,1
statepct,MAT,8,2015,HI,PC:P2,TOTAL,All students,256.263500213623,0,1
statepct,MAT,8,2015,HI,PC:P5,TOTAL,All students,280.556503295898,0,1
statepct,MAT,8,2015,HI,PC:P9,TOTAL,All students,324.377502441406,0,1
statepct,MAT,8,2015,ID,PC:P1,TOTAL,All students,239.686500549316,0,1
statepct,MAT,8,2015,ID,PC:P2,TOTAL,All students,262.112503051758,0,1
statepct,MAT,8,2015,ID,PC:P5,TOTAL,All students,285.208500671387,0,1
statepct,MAT,8,2015,ID,PC:P9,TOTAL,All students,325.20700378418,0,1
statepct,MAT,8,2017,AK,PC:P1,TOTAL,All students,224.982001495361,0,1
statepct,MAT,8,2017,AK,PC:P2,TOTAL,All students,250.887999725342,0,1
statepct,MAT,8,2017,AK,PC:P5,TOTAL,All students,277.903999328613,0,1
statepct,MAT,8,2017,AK,PC:P9,TOTAL,All students,328.588999938965,0,1
statepct,MAT,8,2017,AL,PC:P1,TOTAL,All students,222.268997955322,0,1
statepct,MAT,8,2017,AL,PC:P2,TOTAL,All students,242.637500762939,0,1
statepct,MAT,8,2017,AL,PC:P5,TOTAL,All students,266.52749786377,0,1
statepct,MAT,8,2017,AL,PC:P9,TOTAL,All students,317.503001403809,0,1
statepct,MAT,8,2017,AR,PC:P1,TOTAL,All students,226.334999847412,0,1
statepct,MAT,8,2017,AR,PC:P2,TOTAL,All students,248.878997802734,0,1
statepct,MAT,8,2017,AR,PC:P5,TOTAL,All students,273.472998046875,0,1
statepct,MAT,8,2017,AR,PC:P9,TOTAL,All students,322.154998779297,0,1
statepct,MAT,8,2017,AZ,PC:P1,TOTAL,All students,232.673000335693,0,1
statepct,MAT,8,2017,AZ,PC:P2,TOTAL,All students,256.892997741699,0,1
statepct,MAT,8,2017,AZ,PC:P5,TOTAL,All students,282.859501647949,0,1
statepct,MAT,8,2017,AZ,PC:P9,TOTAL,All students,331.337503051758,0,1
statepct,MAT,8,2017,CA,PC:P1,TOTAL,All students,224.268497467041,0,1
statepct,MAT,8,2017,CA,PC:P2,TOTAL,All students,247.776500701904,0,1
statepct,MAT,8,2017,CA,PC:P5,TOTAL,All students,275.323504638672,0,1
statepct,MAT,8,2017,CA,PC:P9,TOTAL,All students,331.40899810791,0,1
statepct,MAT,8,2017,CO,PC:P1,TOTAL,All students,235.117998504639,0,1
statepct,MAT,8,2017,CO,PC:P2,TOTAL,All students,260.421501159668,0,1
statepct,MAT,8,2017,CO,PC:P5,TOTAL,All students,286.912501525879,0,1
statepct,MAT,8,2017,CO,PC:P9,TOTAL,All students,335.887501525879,0,1
statepct,MAT,8,2017,CT,PC:P1,TOTAL,All students,233.355000305176,0,1
statepct,MAT,8,2017,CT,PC:P2,TOTAL,All students,258.351499938965,0,1
statepct,MAT,8,2017,CT,PC:P5,TOTAL,All students,284.979002380371,0,1
statepct,MAT,8,2017,CT,PC:P9,TOTAL,All students,333.458502197266,0,1
statepct,MAT,8,2017,DC,PC:P1,TOTAL,All students,213.885000610352,0,1
statepct,MAT,8,2017,DC,PC:P2,TOTAL,All students,236.849498748779,0,1
statepct,MAT,8,2017,DC,PC:P5,TOTAL,All students,263.36600189209,0,1
statepct,MAT,8,2017,DC,PC:P9,TOTAL,All students,322.889501953125,0,1
statepct,MAT,8,2017,DE,PC:P1,TOTAL,All students,230.047499084473,0,1
statepct,MAT,8,2017,DE,PC:P2,TOTAL,All students,252.308500671387,0,1
statepct,MAT,8,2017,DE,PC:P5,TOTAL,All students,276.92200012207,0,1
statepct,MAT,8,2017,DE,PC:P9,TOTAL,All students,328.167500305176,0,1
statepct,MAT,8,2017,FL,PC:P1,TOTAL,All students,233.726000213623,0,1
statepct,MAT,8,2017,FL,PC:P2,TOTAL,All students,253.709501647949,0,1
statepct,MAT,8,2017,FL,PC:P5,TOTAL,All students,277.558500671387,0,1
statepct,MAT,8,2017,FL,PC:P9,TOTAL,All students,327.181999206543,0,1
statepct,MAT,8,2017,GA,PC:P1,TOTAL,All students,234.22200012207,0,1
statepct,MAT,8,2017,GA,PC:P2,TOTAL,All students,254.9,0,1
statepct,MAT,8,2017,GA,PC:P5,TOTAL,All students,279.997505187988,0,1
statepct,MAT,8,2017,GA,PC:P9,TOTAL,All students,329.836500549317,0,1
statepct,MAT,8,2017,HI,PC:P1,TOTAL,All students,231.262001037598,0,1
statepct,MAT,8,2017,HI,PC:P2,TOTAL,All students,253.13450012207,0,1
statepct,MAT,8,2017,HI,PC:P5,TOTAL,All students,276.695497131348,0,1
statepct,MAT,8,2017,HI,PC:P9,TOTAL,All students,324.908999633789,0,1
statepct,MAT,8,2017,ID,PC:P1,TOTAL,All students,235.492998504639,0,1
statepct,MAT,8,2017,ID,PC:P2,TOTAL,All students,260.315000915527,0,1
statepct,MAT,8,2017,ID,PC:P5,TOTAL,All students,285.242500305176,0,1
statepct,MAT,8,2017,ID,PC:P9,TOTAL,All students,332.074499511719,0,1
statepct,MAT,8,2019,AK,PC:P1,TOTAL,All students,218.305498504639,0,1
statepct,MAT,8,2019,AK,PC:P2,TOTAL,All students,247.250999450684,0,1
statepct,MAT,8,2019,AK,PC:P5,TOTAL,All students,276.205999755859,0,1
statepct,MAT,8,2019,AK,PC:P9,TOTAL,All students,326.393502807617,0,1
statepct,MAT,8,2019,AL,PC:P1,TOTAL,All students,220.835499572754,0,1
statepct,MAT,8,2019,AL,PC:P2,TOTAL,All students,244.000500488281,0,1
statepct,MAT,8,2019,AL,PC:P5,TOTAL,All students,268.582000732422,0,1
statepct,MAT,8,2019,AL,PC:P9,TOTAL,All students,316.393502807617,0,1
statepct,MAT,8,2019,AR,PC:P1,TOTAL,All students,223.380998229981,0,1
statepct,MAT,8,2019,AR,PC:P2,TOTAL,All students,248.077500152588,0,1
statepct,MAT,8,2019,AR,PC:P5,TOTAL,All students,275.457000732422,0,1
statepct,MAT,8,2019,AR,PC:P9,TOTAL,All students,323.174499511719,0,1
statepct,MAT,8,2019,AZ,PC:P1,TOTAL,All students,229.570500183105,0,1
statepct,MAT,8,2019,AZ,PC:P2,TOTAL,All students,253.660501861572,0,1
statepct,MAT,8,2019,AZ,PC:P5,TOTAL,All students,279.932499694824,0,1
statepct,MAT,8,2019,AZ,PC:P9,TOTAL,All students,330.080502319336,0,1
statepct,MAT,8,2019,CA,PC:P1,TOTAL,All students,223.201501464844,0,1
statepct,MAT,8,2019,CA,PC:P2,TOTAL,All students,245.934999084473,0,1
statepct,MAT,8,2019,CA,PC:P5,TOTAL,All students,273.600997924805,0,1
statepct,MAT,8,2019,CA,PC:P9,TOTAL,All students,331.918504333496,0,1
statepct,MAT,8,2019,CO,PC:P1,TOTAL,All students,232.750001525879,0,1
statepct,MAT,8,2019,CO,PC:P2,TOTAL,All students,258.922998046875,0,1
statepct,MAT,8,2019,CO,PC:P5,TOTAL,All students,286.079504394531,0,1
statepct,MAT,8,2019,CO,PC:P9,TOTAL,All students,334.612002563476,0,1
statepct,MAT,8,2019,CT,PC:P1,TOTAL,All students,230.237001037598,0,1
statepct,MAT,8,2019,CT,PC:P2,TOTAL,All students,257.424501037598,0,1
statepct,MAT,8,2019,CT,PC:P5,TOTAL,All students,287.128999328613,0,1
statepct,MAT,8,2019,CT,PC:P9,TOTAL,All students,339.753498840332,0,1
statepct,MAT,8,2019,DC,PC:P1,TOTAL,All students,216.083499145508,0,1
statepct,MAT,8,2019,DC,PC:P2,TOTAL,All students,240.014000701904,0,1
statepct,MAT,8,2019,DC,PC:P5,TOTAL,All students,267.346997070313,0,1
statepct,MAT,8,2019,DC,PC:P9,TOTAL,All students,325.989503479004,0,1
statepct,MAT,8,2019,DE,PC:P1,TOTAL,All students,225.751499938965,0,1
statepct,MAT,8,2019,DE,PC:P2,TOTAL,All students,250.341500854492,0,1
statepct,MAT,8,2019,DE,PC:P5,TOTAL,All students,277.460998535156,0,1
statepct,MAT,8,2019,DE,PC:P9,TOTAL,All students,326.718003845215,0,1
statepct,MAT,8,2019,FL,PC:P1,TOTAL,All students,227.421501159668,0,1
statepct,MAT,8,2019,FL,PC:P2,TOTAL,All students,251.151000213623,0,1
statepct,MAT,8,2019,FL,PC:P5,TOTAL,All students,278.175001525879,0,1
statepct,MAT,8,2019,FL,PC:P9,TOTAL,All students,329.486500549316,0,1
statepct,MAT,8,2019,GA,PC:P1,TOTAL,All students,229.407999420166,0,1
statepct,MAT,8,2019,GA,PC:P2,TOTAL,All students,252.718000030518,0,1
statepct,MAT,8,2019,GA,PC:P5,TOTAL,All students,279.085499572754,0,1
statepct,MAT,8,2019,GA,PC:P9,TOTAL,All students,330.559999084473,0,1
statepct,MAT,8,2019,HI,PC:P1,TOTAL,All students,224.42799911499,0,1
statepct,MAT,8,2019,HI,PC:P2,TOTAL,All students,250.78450088501,0,1
statepct,MAT,8,2019,HI,PC:P5,TOTAL,All students,276.221998596191,0,1
statepct,MAT,8,2019,HI,PC:P9,TOTAL,All students,323.894998168945,0,1
statepct,MAT,8,2019,ID,PC:P1,TOTAL,All students,236.976001739502,0,1
statepct,MAT,8,2019,ID,PC:P2,TOTAL,All students,260.698999023438,0,1
statepct,MAT,8,2019,ID,PC:P5,TOTAL,All students,286.676998901367,0,1
statepct,MAT,8,2019,ID,PC:P9,TOTAL,All students,334.141999816895,0,1
statepct,MAT,8,2022,AK,PC:P1,TOTAL,All students,217.520999908447,0,1
statepct,MAT,8,2022,AK,PC:P2,TOTAL,All students,243.962998962402,0,1
statepct,MAT,8,2022,AK,PC:P5,TOTAL,All students,270.866000366211,0,1
statepct,MAT,8,2022,AK,PC:P9,TOTAL,All students,319.48450012207,0,1
statepct,MAT,8,2022,AL,PC:P1,TOTAL,All students,214.02799987793,0,1
statepct,MAT,8,2022,AL,PC:P2,TOTAL,All students,237.497998809815,0,1
statepct,MAT,8,2022,AL,PC:P5,TOTAL,All students,264.513000488281,0,1
statepct,MAT,8,2022,AL,PC:P9,TOTAL,All students,314.120001220703,0,1
statepct,MAT,8,2022,AR,PC:P1,TOTAL,All students,221.301999664307,0,1
statepct,MAT,8,2022,AR,PC:P2,TOTAL,All students,242.369500732422,0,1
statepct,MAT,8,2022,AR,PC:P5,TOTAL,All students,266.793504333496,0,1
statepct,MAT,8,2022,AR,PC:P9,TOTAL,All students,313.128503417969,0,1
statepct,MAT,8,2022,AZ,PC:P1,TOTAL,All students,219.920500183106,0,1
statepct,MAT,8,2022,AZ,PC:P2,TOTAL,All students,243.050499725342,0,1
statepct,MAT,8,2022,AZ,PC:P5,TOTAL,All students,270.314497375488,0,1
statepct,MAT,8,2022,AZ,PC:P9,TOTAL,All students,321.164999389648,0,1
statepct,MAT,8,2022,CA,PC:P1,TOTAL,All students,218.207998657227,0,1
statepct,MAT,8,2022,CA,PC:P2,TOTAL,All students,240.744499206543,0,1
statepct,MAT,8,2022,CA,PC:P5,TOTAL,All students,268.09049987793,0,1
statepct,MAT,8,2022,CA,PC:P9,TOTAL,All students,325.328001403809,0,1
statepct,MAT,8,2022,CO,PC:P1,TOTAL,All students,223.433499908447,0,1
statepct,MAT,8,2022,CO,PC:P2,TOTAL,All students,248.801000213623,0,1
statepct,MAT,8,2022,CO,PC:P5,TOTAL,All students,275.556500244141,0,1
statepct,MAT,8,2022,CO,PC:P9,TOTAL,All students,325.457498168945,0,1
statepct,MAT,8,2022,CT,PC:P1,TOTAL,All students,223.144499206543,0,1
statepct,MAT,8,2022,CT,PC:P2,TOTAL,All students,247.491999816895,0,1
statepct,MAT,8,2022,CT,PC:P5,TOTAL,All students,276.299998474121,0,1
statepct,MAT,8,2022,CT,PC:P9,TOTAL,All students,330.079998779297,0,1
statepct,MAT,8,2022,DC,PC:P1,TOTAL,All students,209.607000732422,0,1
statepct,MAT,8,2022,DC,PC:P2,TOTAL,All students,231.466500854492,0,1
statepct,MAT,8,2022,DC,PC:P5,TOTAL,All students,257.688497924805,0,1
statepct,MAT,8,2022,DC,PC:P9,TOTAL,All students,312.010499572754,0,1
statepct,MAT,8,2022,DE,PC:P1,TOTAL,All students,216.382000732422,0,1
statepct,MAT,8,2022,DE,PC:P2,TOTAL,All students,238.805999755859,0,1
statepct,MAT,8,2022,DE,PC:P5,TOTAL,All students,263.220495605469,0,1
statepct,MAT,8,2022,DE,PC:P9,TOTAL,All students,313.474998474121,0,1
statepct,MAT,8,2022,FL,PC:P1,TOTAL,All students,223.954000854492,0,1
statepct,MAT,8,2022,FL,PC:P2,TOTAL,All students,244.806999969482,0,1
statepct,MAT,8,2022,FL,PC:P5,TOTAL,All students,269.792503356934,0,1
statepct,MAT,8,2022,FL,PC:P9,TOTAL,All students,321.633001708985,0,1
statepct,MAT,8,2022,GA,PC:P1,TOTAL,All students,221.357999420166,0,1
statepct,MAT,8,2022,GA,PC:P2,TOTAL,All students,244.303499603272,0,1
statepct,MAT,8,2022,GA,PC:P5,TOTAL,All students,270.636500549317,0,1
statepct,MAT,8,2022,GA,PC:P9,TOTAL,All students,321.961001586914,0,1
statepct,MAT,8,2022,HI,PC:P1,TOTAL,All students,221.512499237061,0,1
statepct,MAT,8,2022,HI,PC:P2,TOTAL,All students,244.579000854492,0,1
statepct,MAT,8,2022,HI,PC:P5,TOTAL,All students,269.660997009277,0,1
statepct,MAT,8,2022,HI,PC:P9,TOTAL,All students,319.323001098633,0,1
statepct,MAT,8,2022,ID,PC:P1,TOTAL,All students,234.136000823975,0,1
statepct,MAT,8,2022,ID,PC:P2,TOTAL,All students,257.997003173828,0,1
statepct,MAT,8,2022,ID,PC:P5,TOTAL,All students,282.605500793457,0,1
statepct,MAT,8,2022,ID,PC:P9,TOTAL,All students,327.097001647949,0,1
statepct,MAT,8,2024,AK,PC:P1,TOTAL,All students,205.282999420166,0,1
statepct,MAT,8,2024,AK,PC:P2,TOTAL,All students,234.379500579834,0,1
statepct,MAT,8,2024,AK,PC:P5,TOTAL,All students,266.190501403809,0,1
statepct,MAT,8,2024,AK,PC:P9,TOTAL,All students,318.767500305176,0,1
statepct,MAT,8,2024,AL,PC:P1,TOTAL,All students,210.455000305176,0,1
statepct,MAT,8,2024,AL,PC:P2,TOTAL,All students,234.255999755859,0,1
statepct,MAT,8,2024,AL,PC:P5,TOTAL,All students,261.574502563477,0,1
statepct,MAT,8,2024,AL,PC:P9,TOTAL,All students,313.519500732422,0,1
statepct,MAT,8,2024,AR,PC:P1,TOTAL,All students,216.162999725342,0,1
statepct,MAT,8,2024,AR,PC:P2,TOTAL,All students,239.497498321533,0,1
statepct,MAT,8,2024,AR,PC:P5,TOTAL,All students,266.476499938965,0,1
statepct,MAT,8,2024,AR,PC:P9,TOTAL,All students,316.029998779297,0,1
statepct,MAT,8,2024,AZ,PC:P1,TOTAL,All students,211.507501220703,0,1
statepct,MAT,8,2024,AZ,PC:P2,TOTAL,All students,238.420000457764,0,1
statepct,MAT,8,2024,AZ,PC:P5,TOTAL,All students,269.841996765137,0,1
statepct,MAT,8,2024,AZ,PC:P9,TOTAL,All students,327.062998962403,0,1
statepct,MAT,8,2024,CA,PC:P1,TOTAL,All students,211.062500762939,0,1
statepct,MAT,8,2024,CA,PC:P2,TOTAL,All students,237.00599899292,0,1
statepct,MAT,8,2024,CA,PC:P5,TOTAL,All students,267.094000244141,0,1
statepct,MAT,8,2024,CA,PC:P9,TOTAL,All students,328.970498657227,0,1
statepct,MAT,8,2024,CO,PC:P1,TOTAL,All students,222.094998931885,0,1
statepct,MAT,8,2024,CO,PC:P2,TOTAL,All students,249.311000061035,0,1
statepct,MAT,8,2024,CO,PC:P5,TOTAL,All students,279.383001708985,0,1
statepct,MAT,8,2024,CO,PC:P9,TOTAL,All students,332.577000427246,0,1
statepct,MAT,8,2024,CT,PC:P1,TOTAL,All students,219.673999023437,0,1
statepct,MAT,8,2024,CT,PC:P2,TOTAL,All students,245.681000518799,0,1
statepct,MAT,8,2024,CT,PC:P5,TOTAL,All students,277.633999633789,0,1
statepct,MAT,8,2024,CT,PC:P9,TOTAL,All students,332.442498779297,0,1
statepct,MAT,8,2024,DC,PC:P1,TOTAL,All students,207.132499694824,0,1
statepct,MAT,8,2024,DC,PC:P2,TOTAL,All students,230.042998504639,0,1
statepct,MAT,8,2024,DC,PC:P5,TOTAL,All students,257.20350189209,0,1
statepct,MAT,8,2024,DC,PC:P9,TOTAL,All students,324.515498352051,0,1
statepct,MAT,8,2024,DE,PC:P1,TOTAL,All students,211.10950088501,0,1
statepct,MAT,8,2024,DE,PC:P2,TOTAL,All students,234.642499542236,0,1
statepct,MAT,8,2024,DE,PC:P5,TOTAL,All students,262.990998840332,0,1
statepct,MAT,8,2024,DE,PC:P9,TOTAL,All students,315.319500732422,0,1
statepct,MAT,8,2024,FL,PC:P1,TOTAL,All students,216.916000366211,0,1
statepct,MAT,8,2024,FL,PC:P2,TOTAL,All students,240.209001159668,0,1
statepct,MAT,8,2024,FL,PC:P5,TOTAL,All students,266.641998291016,0,1
statepct,MAT,8,2024,FL,PC:P9,TOTAL,All students,318.42799987793,0,1
statepct,MAT,8,2024,GA,PC:P1,TOTAL,All students,214.262499237061,0,1
statepct,MAT,8,2024,GA,PC:P2,TOTAL,All students,240.70599975586,0,1
statepct,MAT,8,2024,GA,PC:P5,TOTAL,All students,268.889500427246,0,1
statepct,MAT,8,2024,GA,PC:P9,TOTAL,All students,322.542498779297,0,1
statepct,MAT,8,2024,HI,PC:P1,TOTAL,All students,220.218501281738,0,1
statepct,MAT,8,2024,HI,PC:P2,TOTAL,All students,243.143000793457,0,1
statepct,MAT,8,2024,HI,PC:P5,TOTAL,All students,269.901499938965,0,1
statepct,MAT,8,2024,HI,PC:P9,TOTAL,All students,321.260502624512,0,1
statepct,MAT,8,2024,ID,PC:P1,TOTAL,All students,226.704999542236,0,1
statepct,MAT,8,2024,ID,PC:P2,TOTAL,All students,252.278999328613,0,1
statepct,MAT,8,2024,ID,PC:P5,TOTAL,All students,279.685000610352,0,1
statepct,MAT,8,2024,ID,PC:P9,TOTAL,All students,327.306001281738,0,1
statepct,MAT,8,2003,IA,PC:P1,TOTAL,All students,240.70599975586,0,1
statepct,MAT,8,2003,IA,PC:P2,TOTAL,All students,263.365997314453,0,1
statepct,MAT,8,2003,IA,PC:P5,TOTAL,All students,285.828002929688,0,1
statepct,MAT,8,2003,IA,PC:P9,TOTAL,All students,324.659997558594,0,1
statepct,MAT,8,2003,IL,PC:P1,TOTAL,All students,228.266000366211,0,1
statepct,MAT,8,2003,IL,PC:P2,TOTAL,All students,252.136001586914,0,1
statepct,MAT,8,2003,IL,PC:P5,TOTAL,All students,279.035998535156,0,1
statepct,MAT,8,2003,IL,PC:P9,TOTAL,All students,323.575994873047,0,1
statepct,MAT,8,2003,IN,PC:P1,TOTAL,All students,237.244000244141,0,1
statepct,MAT,8,2003,IN,PC:P2,TOTAL,All students,260.249993896485,0,1
statepct,MAT,8,2003,IN,PC:P5,TOTAL,All students,282.816003417969,0,1
statepct,MAT,8,2003,IN,PC:P9,TOTAL,All students,323.256005859375,0,1
statepct,MAT,8,2003,KS,PC:P1,TOTAL,All students,239.787997436523,0,1
statepct,MAT,8,2003,KS,PC:P2,TOTAL,All students,262.769995117188,0,1
statepct,MAT,8,2003,KS,PC:P5,TOTAL,All students,285.797998046875,0,1
statepct,MAT,8,2003,KS,PC:P9,TOTAL,All students,325.661999511719,0,1
statepct,MAT,8,2003,KY,PC:P1,TOTAL,All students,230.518002319336,0,1
statepct,MAT,8,2003,KY,PC:P2,TOTAL,All students,251.883999633789,0,1
statepct,MAT,8,2003,KY,PC:P5,TOTAL,All students,275.613995361328,0,1
statepct,MAT,8,2003,KY,PC:P9,TOTAL,All students,317.059997558594,0,1
statepct,MAT,8,2003,LA,PC:P1,TOTAL,All students,221.180001831055,0,1
statepct,MAT,8,2003,LA,PC:P2,TOTAL,All students,244.741995239258,0,1
statepct,MAT,8,2003,LA,PC:P5,TOTAL,All students,267.938000488281,0,1
statepct,MAT,8,2003,LA,PC:P9,TOTAL,All students,308.753991699219,0,1
statepct,MAT,8,2003,MA,PC:P1,TOTAL,All students,240.183999633789,0,1
statepct,MAT,8,2003,MA,PC:P2,TOTAL,All students,263.416009521484,0,1
statepct,MAT,8,2003,MA,PC:P5,TOTAL,All students,288.324005126953,0,1
statepct,MAT,8,2003,MA,PC:P9,TOTAL,All students,330.123999023437,0,1
statepct,MAT,8,2003,MD,PC:P1,TOTAL,All students,228.020004272461,0,1
statepct,MAT,8,2003,MD,PC:P2,TOTAL,All students,252.424002075195,0,1
statepct,MAT,8,2003,MD,PC:P5,TOTAL,All students,278.577996826172,0,1
statepct,MAT,8,2003,MD,PC:P9,TOTAL,All students,325.931994628906,0,1
statepct,MAT,8,2003,ME,PC:P1,TOTAL,All students,241.157998657226,0,1
statepct,MAT,8,2003,ME,PC:P2,TOTAL,All students,261.794000244141,0,1
statepct,MAT,8,2003,ME,PC:P5,TOTAL,All students,282.847998046875,0,1
statepct,MAT,8,2003,ME,PC:P9,TOTAL,All students,320.849993896484,0,1
statepct,MAT,8,2003,MI,PC:P1,TOTAL,All students,228.470001220703,0,1
statepct,MAT,8,2003,MI,PC:P2,TOTAL,All students,253.557998657227,0,1
statepct,MAT,8,2003,MI,PC:P5,TOTAL,All students,278.270001220703,0,1
statepct,MAT,8,2003,MI,PC:P9,TOTAL,All students,321.086004638672,0,1
statepct,MAT,8,2003,MN,PC:P1,TOTAL,All students,243.859997558594,0,1
statepct,MAT,8,2003,MN,PC:P2,TOTAL,All students,271.09799194336,0,1
statepct,MAT,8,2003,MN,PC:P5,TOTAL,All students,294.423999023438,0,1
statepct,MAT,8,2003,MN,PC:P9,TOTAL,All students,331.078002929688,0,1
statepct,MAT,8,2003,MO,PC:P1,TOTAL,All students,235.875997924805,0,1
statepct,MAT,8,2003,MO,PC:P2,TOTAL,All students,257.723992919922,0,1
statepct,MAT,8,2003,MO,PC:P5,TOTAL,All students,280.211993408203,0,1
statepct,MAT,8,2003,MO,PC:P9,TOTAL,All students,319.607995605469,0,1
statepct,MAT,8,2003,MS,PC:P1,TOTAL,All students,220.875997924805,0,1
statepct,MAT,8,2003,MS,PC:P2,TOTAL,All students,239.02799987793,0,1
statepct,MAT,8,2003,MS,PC:P5,TOTAL,All students,259.977996826172,0,1
statepct,MAT,8,2003,MS,PC:P9,TOTAL,All students,302.90599975586,0,1
statepct,MAT,8,2005,IA,PC:P1,TOTAL,All students,240.572003173828,0,1
statepct,MAT,8,2005,IA,PC:P2,TOTAL,All students,262.476000976562,0,1
statepct,MAT,8,2005,IA,PC:P5,TOTAL,All students,285.444006347656,0,1
statepct,MAT,8,2005,IA,PC:P9,TOTAL,All students,324.591998291016,0,1
statepct,MAT,8,2005,IL,PC:P1,TOTAL,All students,229.886001586914,0,1
statepct,MAT,8,2005,IL,PC:P2,TOTAL,All students,254.330001831055,0,1
statepct,MAT,8,2005,IL,PC:P5,TOTAL,All students,279.65,0,1
statepct,MAT,8,2005,IL,PC:P9,TOTAL,All students,321.797998046875,0,1
statepct,MAT,8,2005,IN,PC:P1,TOTAL,All students,239.161999511719,0,1
statepct,MAT,8,2005,IN,PC:P2,TOTAL,All students,260.903997802735,0,1
statepct,MAT,8,2005,IN,PC:P5,TOTAL,All students,283.522003173828,0,1
statepct,MAT,8,2005,IN,PC:P9,TOTAL,All students,322.590002441406,0,1
statepct,MAT,8,2005,KS,PC:P1,TOTAL,All students,240.933996582031,0,1
statepct,MAT,8,2005,KS,PC:P2,TOTAL,All students,263.852001953125,0,1
statepct,MAT,8,2005,KS,PC:P5,TOTAL,All students,285.626007080078,0,1
statepct,MAT,8,2005,KS,PC:P9,TOTAL,All students,324.291998291016,0,1
statepct,MAT,8,2005,KY,PC:P1,TOTAL,All students,232.514001464844,0,1
statepct,MAT,8,2005,KY,PC:P2,TOTAL,All students,252.087997436523,0,1
statepct,MAT,8,2005,KY,PC:P5,TOTAL,All students,274.40599975586,0,1
statepct,MAT,8,2005,KY,PC:P9,TOTAL,All students,316.124005126953,0,1
statepct,MAT,8,2005,LA,PC:P1,TOTAL,All students,225.55599975586,0,1
statepct,MAT,8,2005,LA,PC:P2,TOTAL,All students,246.990002441406,0,1
statepct,MAT,8,2005,LA,PC:P5,TOTAL,All students,268.814001464844,0,1
statepct,MAT,8,2005,LA,PC:P9,TOTAL,All students,308.085998535156,0,1
statepct,MAT,8,2005,MA,PC:P1,TOTAL,All students,245.926000976563,0,1
statepct,MAT,8,2005,MA,PC:P2,TOTAL,All students,268.314001464844,0,1
statepct,MAT,8,2005,MA,PC:P5,TOTAL,All students,293.032000732422,0,1
statepct,MAT,8,2005,MA,PC:P9,TOTAL,All students,335.291998291016,0,1
statepct,MAT,8,2005,MD,PC:P1,TOTAL,All students,229.021997070312,0,1
statepct,MAT,8,2005,MD,PC:P2,TOTAL,All students,252.103994750976,0,1
statepct,MAT,8,2005,MD,PC:P5,TOTAL,All students,278.505993652344,0,1
statepct,MAT,8,2005,MD,PC:P9,TOTAL,All students,326.05599975586,0,1
statepct,MAT,8,2005,ME,PC:P1,TOTAL,All students,237.622003173828,0,1
statepct,MAT,8,2005,ME,PC:P2,TOTAL,All students,260.730004882812,0,1
statepct,MAT,8,2005,ME,PC:P5,TOTAL,All students,282.396002197266,0,1
statepct,MAT,8,2005,ME,PC:P9,TOTAL,All students,321.944006347656,0,1
statepct,MAT,8,2005,MI,PC:P1,TOTAL,All students,229.592001342774,0,1
statepct,MAT,8,2005,MI,PC:P2,TOTAL,All students,253.266000366211,0,1
statepct,MAT,8,2005,MI,PC:P5,TOTAL,All students,278.6080078125,0,1
statepct,MAT,8,2005,MI,PC:P9,TOTAL,All students,323.308001708984,0,1
statepct,MAT,8,2005,MN,PC:P1,TOTAL,All students,242.885998535156,0,1
statepct,MAT,8,2005,MN,PC:P2,TOTAL,All students,267.497991943359,0,1
statepct,MAT,8,2005,MN,PC:P5,TOTAL,All students,292.713995361328,0,1
statepct,MAT,8,2005,MN,PC:P9,TOTAL,All students,334.443994140625,0,1
statepct,MAT,8,2005,MO,PC:P1,TOTAL,All students,231.35,0,1
statepct,MAT,8,2005,MO,PC:P2,TOTAL,All students,254.094000244141,0,1
statepct,MAT,8,2005,MO,PC:P5,TOTAL,All students,278.234002685547,0,1
statepct,MAT,8,2005,MO,PC:P9,TOTAL,All students,318.65,0,1
statepct,MAT,8,2005,MS,PC:P1,TOTAL,All students,220.166000366211,0,1
statepct,MAT,8,2005,MS,PC:P2,TOTAL,All students,240.548001098633,0,1
statepct,MAT,8,2005,MS,PC:P5,TOTAL,All students,263.293994140625,0,1
statepct,MAT,8,2005,MS,PC:P9,TOTAL,All students,304.261999511719,0,1
statepct,MAT,8,2007,IA,PC:P1,TOTAL,All students,241.374002075196,0,1
statepct,MAT,8,2007,IA,PC:P2,TOTAL,All students,264.244000244141,0,1
statepct,MAT,8,2007,IA,PC:P5,TOTAL,All students,286.846002197266,0,1
statepct,MAT,8,2007,IA,PC:P9,TOTAL,All students,327.420001220703,0,1
statepct,MAT,8,2007,IL,PC:P1,TOTAL,All students,234.77200012207,0,1
statepct,MAT,8,2007,IL,PC:P2,TOTAL,All students,257.276000976563,0,1
statepct,MAT,8,2007,IL,PC:P5,TOTAL,All students,280.897998046875,0,1
statepct,MAT,8,2007,IL,PC:P9,TOTAL,All students,326.444006347656,0,1
statepct,MAT,8,2007,IN,PC:P1,TOTAL,All students,240.984002685547,0,1
statepct,MAT,8,2007,IN,PC:P2,TOTAL,All students,262.790002441406,0,1
statepct,MAT,8,2007,IN,PC:P5,TOTAL,All students,286.476007080078,0,1
statepct,MAT,8,2007,IN,PC:P9,TOTAL,All students,327.870001220703,0,1
statepct,MAT,8,2007,KS,PC:P1,TOTAL,All students,248.701998901367,0,1
statepct,MAT,8,2007,KS,PC:P2,TOTAL,All students,268.85,0,1
statepct,MAT,8,2007,KS,PC:P5,TOTAL,All students,291.05,0,1
statepct,MAT,8,2007,KS,PC:P9,TOTAL,All students,330.478002929687,0,1
statepct,MAT,8,2007,KY,PC:P1,TOTAL,All students,237.376000976563,0,1
statepct,MAT,8,2007,KY,PC:P2,TOTAL,All students,256.206005859375,0,1
statepct,MAT,8,2007,KY,PC:P5,TOTAL,All students,278.792004394531,0,1
statepct,MAT,8,2007,KY,PC:P9,TOTAL,All students,321.40199584961,0,1
statepct,MAT,8,2007,LA,PC:P1,TOTAL,All students,233.180001831055,0,1
statepct,MAT,8,2007,LA,PC:P2,TOTAL,All students,252.480001831055,0,1
statepct,MAT,8,2007,LA,PC:P5,TOTAL,All students,272.747998046875,0,1
statepct,MAT,8,2007,LA,PC:P9,TOTAL,All students,310.746002197266,0,1
statepct,MAT,8,2007,MA,PC:P1,TOTAL,All students,252.160000610352,0,1
statepct,MAT,8,2007,MA,PC:P2,TOTAL,All students,275.583996582031,0,1
statepct,MAT,8,2007,MA,PC:P5,TOTAL,All students,299.676007080078,0,1
statepct,MAT,8,2007,MA,PC:P9,TOTAL,All students,340.740008544922,0,1
statepct,MAT,8,2007,MD,PC:P1,TOTAL,All students,238.709997558594,0,1
statepct,MAT,8,2007,MD,PC:P2,TOTAL,All students,260.308001708985,0,1
statepct,MAT,8,2007,MD,PC:P5,TOTAL,All students,285.488006591797,0,1
statepct,MAT,8,2007,MD,PC:P9,TOTAL,All students,333.093994140625,0,1
statepct,MAT,8,2007,ME,PC:P1,TOTAL,All students,246.303997802734,0,1
statepct,MAT,8,2007,ME,PC:P2,TOTAL,All students,265.379998779297,0,1
statepct,MAT,8,2007,ME,PC:P5,TOTAL,All students,286.25,0,1
statepct,MAT,8,2007,ME,PC:P9,TOTAL,All students,327.544000244141,0,1
statepct,MAT,8,2007,MI,PC:P1,TOTAL,All students,227.65,0,1
statepct,MAT,8,2007,MI,PC:P2,TOTAL,All students,252.240002441406,0,1
statepct,MAT,8,2007,MI,PC:P5,TOTAL,All students,278.402001953125,0,1
statepct,MAT,8,2007,MI,PC:P9,TOTAL,All students,323.976000976562,0,1
statepct,MAT,8,2007,MN,PC:P1,TOTAL,All students,246.561999511719,0,1
statepct,MAT,8,2007,MN,PC:P2,TOTAL,All students,269.478002929688,0,1
statepct,MAT,8,2007,MN,PC:P5,TOTAL,All students,293.00599975586,0,1
statepct,MAT,8,2007,MN,PC:P9,TOTAL,All students,335.514001464844,0,1
statepct,MAT,8,2007,MO,PC:P1,TOTAL,All students,236.971997070312,0,1
statepct,MAT,8,2007,MO,PC:P2,TOTAL,All students,258.773999023438,0,1
statepct,MAT,8,2007,MO,PC:P5,TOTAL,All students,281.794000244141,0,1
statepct,MAT,8,2007,MO,PC:P9,TOTAL,All students,322.509997558594,0,1
statepct,MAT,8,2007,MS,PC:P1,TOTAL,All students,224.441998291016,0,1
statepct,MAT,8,2007,MS,PC:P2,TOTAL,All students,244.298001098633,0,1
statepct,MAT,8,2007,MS,PC:P5,TOTAL,All students,264.861999511719,0,1
statepct,MAT,8,2007,MS,PC:P9,TOTAL,All students,304.773992919922,0,1
statepct,MAT,8,2009,IA,PC:P1,TOTAL,All students,241.020001220703,0,1
statepct,MAT,8,2009,IA,PC:P2,TOTAL,All students,263.294000244141,0,1
statepct,MAT,8,2009,IA,PC:P5,TOTAL,All students,285.867999267578,0,1
statepct,MAT,8,2009,IA,PC:P9,TOTAL,All students,326.053997802734,0,1
statepct,MAT,8,2009,IL,PC:P1,TOTAL,All students,236.588000488281,0,1
statepct,MAT,8,2009,IL,PC:P2,TOTAL,All students,259.30400390625,0,1
statepct,MAT,8,2009,IL,PC:P5,TOTAL,All students,283.908001708984,0,1
statepct,MAT,8,2009,IL,PC:P9,TOTAL,All students,326.905999755859,0,1
statepct,MAT,8,2009,IN,PC:P1,TOTAL,All students,245.289999389648,0,1
statepct,MAT,8,2009,IN,PC:P2,TOTAL,All students,265.210003662109,0,1
statepct,MAT,8,2009,IN,PC:P5,TOTAL,All students,287.123992919922,0,1
statepct,MAT,8,2009,IN,PC:P9,TOTAL,All students,328.072009277344,0,1
statepct,MAT,8,2009,KS,PC:P1,TOTAL,All students,246.245999145508,0,1
statepct,MAT,8,2009,KS,PC:P2,TOTAL,All students,266.628002929688,0,1
statepct,MAT,8,2009,KS,PC:P5,TOTAL,All students,289.811999511719,0,1
statepct,MAT,8,2009,KS,PC:P9,TOTAL,All students,329.926007080078,0,1
statepct,MAT,8,2009,KY,PC:P1,TOTAL,All students,237.90599975586,0,1
statepct,MAT,8,2009,KY,PC:P2,TOTAL,All students,257.588000488281,0,1
statepct,MAT,8,2009,KY,PC:P5,TOTAL,All students,279.092004394531,0,1
statepct,MAT,8,2009,KY,PC:P9,TOTAL,All students,321.208001708984,0,1
statepct,MAT,8,2009,LA,PC:P1,TOTAL,All students,231.014001464844,0,1
statepct,MAT,8,2009,LA,PC:P2,TOTAL,All students,250.246005249024,0,1
statepct,MAT,8,2009,LA,PC:P5,TOTAL,All students,271.65,0,1
statepct,MAT,8,2009,LA,PC:P9,TOTAL,All students,314.209997558594,0,1
statepct,MAT,8,2009,MA,PC:P1,TOTAL,All students,252.162002563477,0,1
statepct,MAT,8,2009,MA,PC:P2,TOTAL,All students,276.435992431641,0,1
statepct,MAT,8,2009,MA,PC:P5,TOTAL,All students,300.797998046875,0,1
statepct,MAT,8,2009,MA,PC:P9,TOTAL,All students,343.527996826172,0,1
statepct,MAT,8,2009,MD,PC:P1,TOTAL,All students,239.195999145508,0,1
statepct,MAT,8,2009,MD,PC:P2,TOTAL,All students,262.289990234375,0,1
statepct,MAT,8,2009,MD,PC:P5,TOTAL,All students,288.864001464844,0,1
statepct,MAT,8,2009,MD,PC:P9,TOTAL,All students,336.968005371094,0,1
statepct,MAT,8,2009,ME,PC:P1,TOTAL,All students,244.172000122071,0,1
statepct,MAT,8,2009,ME,PC:P2,TOTAL,All students,264.529998779297,0,1
statepct,MAT,8,2009,ME,PC:P5,TOTAL,All students,286.658001708984,0,1
statepct,MAT,8,2009,ME,PC:P9,TOTAL,All students,329.135998535156,0,1
statepct,MAT,8,2009,MI,PC:P1,TOTAL,All students,228.417999267578,0,1
statepct,MAT,8,2009,MI,PC:P2,TOTAL,All students,253.036001586914,0,1
statepct,MAT,8,2009,MI,PC:P5,TOTAL,All students,280.014001464844,0,1
statepct,MAT,8,2009,MI,PC:P9,TOTAL,All students,325.478002929687,0,1
statepct,MAT,8,2009,MN,PC:P1,TOTAL,All students,249.064001464844,0,1
statepct,MAT,8,2009,MN,PC:P2,TOTAL,All students,271.623999023438,0,1
statepct,MAT,8,2009,MN,PC:P5,TOTAL,All students,296.221997070313,0,1
statepct,MAT,8,2009,MN,PC:P9,TOTAL,All students,338.232000732422,0,1
statepct,MAT,8,2009,MO,PC:P1,TOTAL,All students,242.904000854493,0,1
statepct,MAT,8,2009,MO,PC:P2,TOTAL,All students,264.017999267578,0,1
statepct,MAT,8,2009,MO,PC:P5,TOTAL,All students,286.620007324219,0,1
statepct,MAT,8,2009,MO,PC:P9,TOTAL,All students,326.979992675781,0,1
statepct,MAT,8,2009,MS,PC:P1,TOTAL,All students,222.833996582031,0,1
statepct,MAT,8,2009,MS,PC:P2,TOTAL,All students,242.817999267578,0,1
statepct,MAT,8,2009,MS,PC:P5,TOTAL,All students,265.529998779297,0,1
statepct,MAT,8,2009,MS,PC:P9,TOTAL,All students,306.805999755859,0,1
statepct,MAT,8,2011,IA,PC:P1,TOTAL,All students,241.360000610352,0,1
statepct,MAT,8,2011,IA,PC:P2,TOTAL,All students,263.574005126953,0,1
statepct,MAT,8,2011,IA,PC:P5,TOTAL,All students,285.611993408203,0,1
statepct,MAT,8,2011,IA,PC:P9,TOTAL,All students,328.130004882812,0,1
statepct,MAT,8,2011,IL,PC:P1,TOTAL,All students,238.182000732422,0,1
statepct,MAT,8,2011,IL,PC:P2,TOTAL,All students,259.722009277344,0,1
statepct,MAT,8,2011,IL,PC:P5,TOTAL,All students,283.407995605469,0,1
statepct,MAT,8,2011,IL,PC:P9,TOTAL,All students,328.980004882813,0,1
statepct,MAT,8,2011,IN,PC:P1,TOTAL,All students,243.191998291016,0,1
statepct,MAT,8,2011,IN,PC:P2,TOTAL,All students,263.813995361328,0,1
statepct,MAT,8,2011,IN,PC:P5,TOTAL,All students,285.397998046875,0,1
statepct,MAT,8,2011,IN,PC:P9,TOTAL,All students,326.523992919922,0,1
statepct,MAT,8,2011,KS,PC:P1,TOTAL,All students,246.790002441406,0,1
statepct,MAT,8,2011,KS,PC:P2,TOTAL,All students,267.879998779297,0,1
statepct,MAT,8,2011,KS,PC:P5,TOTAL,All students,291.226000976563,0,1
statepct,MAT,8,2011,KS,PC:P9,TOTAL,All students,330.269995117188,0,1
statepct,MAT,8,2011,KY,PC:P1,TOTAL,All students,237.723999023438,0,1
statepct,MAT,8,2011,KY,PC:P2,TOTAL,All students,258.552001953125,0,1
statepct,MAT,8,2011,KY,PC:P5,TOTAL,All students,281.966003417969,0,1
statepct,MAT,8,2011,KY,PC:P9,TOTAL,All students,324.890002441406,0,1
statepct,MAT,8,2011,LA,PC:P1,TOTAL,All students,230.450003051758,0,1
statepct,MAT,8,2011,LA,PC:P2,TOTAL,All students,250.572003173828,0,1
statepct,MAT,8,2011,LA,PC:P5,TOTAL,All students,273.938006591797,0,1
statepct,MAT,8,2011,LA,PC:P9,TOTAL,All students,315.123999023437,0,1
statepct,MAT,8,2011,MA,PC:P1,TOTAL,All students,253.644000244141,0,1
statepct,MAT,8,2011,MA,PC:P2,TOTAL,All students,276.618005371094,0,1
statepct,MAT,8,2011,MA,PC:P5,TOTAL,All students,300.098004150391,0,1
statepct,MAT,8,2011,MA,PC:P9,TOTAL,All students,341.394000244141,0,1
statepct,MAT,8,2011,MD,PC:P1,TOTAL,All students,236.954000854492,0,1
statepct,MAT,8,2011,MD,PC:P2,TOTAL,All students,261.155999755859,0,1
statepct,MAT,8,2011,MD,PC:P5,TOTAL,All students,289.382006835937,0,1
statepct,MAT,8,2011,MD,PC:P9,TOTAL,All students,336.219995117188,0,1
statepct,MAT,8,2011,ME,PC:P1,TOTAL,All students,243.878002929687,0,1
statepct,MAT,8,2011,ME,PC:P2,TOTAL,All students,266.036004638672,0,1
statepct,MAT,8,2011,ME,PC:P5,TOTAL,All students,288.95199584961,0,1
statepct,MAT,8,2011,ME,PC:P9,TOTAL,All students,333.601995849609,0,1
statepct,MAT,8,2011,MI,PC:P1,TOTAL,All students,234.87799987793,0,1
statepct,MAT,8,2011,MI,PC:P2,TOTAL,All students,257.164001464844,0,1
statepct,MAT,8,2011,MI,PC:P5,TOTAL,All students,281.420001220703,0,1
statepct,MAT,8,2011,MI,PC:P9,TOTAL,All students,323.835992431641,0,1
statepct,MAT,8,2011,MN,PC:P1,TOTAL,All students,249.094000244141,0,1
statepct,MAT,8,2011,MN,PC:P2,TOTAL,All students,273.160003662109,0,1
statepct,MAT,8,2011,MN,PC:P5,TOTAL,All students,296.855987548828,0,1
statepct,MAT,8,2011,MN,PC:P9,TOTAL,All students,338.673999023438,0,1
statepct,MAT,8,2011,MO,PC:P1,TOTAL,All students,236.900003051758,0,1
statepct,MAT,8,2011,MO,PC:P2,TOTAL,All students,259.316003417969,0,1
statepct,MAT,8,2011,MO,PC:P5,TOTAL,All students,282.521997070312,0,1
statepct,MAT,8,2011,MO,PC:P9,TOTAL,All students,325.890002441407,0,1
statepct,MAT,8,2011,MS,PC:P1,TOTAL,All students,226.698004150391,0,1
statepct,MAT,8,2011,MS,PC:P2,TOTAL,All students,246.004000854492,0,1
statepct,MAT,8,2011,MS,PC:P5,TOTAL,All students,269.100006103516,0,1
statepct,MAT,8,2011,MS,PC:P9,TOTAL,All students,312.740002441406,0,1
statepct,MAT,8,2013,IA,PC:P1,TOTAL,All students,241.248000335693,0,1
statepct,MAT,8,2013,IA,PC:P2,TOTAL,All students,262.962997436524,0,1
statepct,MAT,8,2013,IA,PC:P5,TOTAL,All students,286.580502319336,0,1
statepct,MAT,8,2013,IA,PC:P9,TOTAL,All students,328.154499816895,0,1
statepct,MAT,8,2013,IL,PC:P1,TOTAL,All students,235.969000244141,0,1
statepct,MAT,8,2013,IL,PC:P2,TOTAL,All students,260.618502807617,0,1
statepct,MAT,8,2013,IL,PC:P5,TOTAL,All students,286.161996459961,0,1
statepct,MAT,8,2013,IL,PC:P9,TOTAL,All students,331.903002929687,0,1
statepct,MAT,8,2013,IN,PC:P1,TOTAL,All students,242.634001922608,0,1
statepct,MAT,8,2013,IN,PC:P2,TOTAL,All students,264.887997436524,0,1
statepct,MAT,8,2013,IN,PC:P5,TOTAL,All students,288.602000427246,0,1
statepct,MAT,8,2013,IN,PC:P9,TOTAL,All students,332.777001953125,0,1
statepct,MAT,8,2013,KS,PC:P1,TOTAL,All students,244.918999481201,0,1
statepct,MAT,8,2013,KS,PC:P2,TOTAL,All students,266.951501464844,0,1
statepct,MAT,8,2013,KS,PC:P5,TOTAL,All students,290.364999389649,0,1
statepct,MAT,8,2013,KS,PC:P9,TOTAL,All students,332.874000549317,0,1
statepct,MAT,8,2013,KY,PC:P1,TOTAL,All students,236.93450012207,0,1
statepct,MAT,8,2013,KY,PC:P2,TOTAL,All students,258.035498046875,0,1
statepct,MAT,8,2013,KY,PC:P5,TOTAL,All students,280.80350189209,0,1
statepct,MAT,8,2013,KY,PC:P9,TOTAL,All students,324.420002746582,0,1
statepct,MAT,8,2013,LA,PC:P1,TOTAL,All students,231.218499755859,0,1
statepct,MAT,8,2013,LA,PC:P2,TOTAL,All students,251.8,0,1
statepct,MAT,8,2013,LA,PC:P5,TOTAL,All students,272.593502807617,0,1
statepct,MAT,8,2013,LA,PC:P9,TOTAL,All students,314.822502136231,0,1
statepct,MAT,8,2013,MA,PC:P1,TOTAL,All students,253.122001647949,0,1
statepct,MAT,8,2013,MA,PC:P2,TOTAL,All students,277.708503723145,0,1
statepct,MAT,8,2013,MA,PC:P5,TOTAL,All students,303.077001953125,0,1
statepct,MAT,8,2013,MA,PC:P9,TOTAL,All students,344.800495910645,0,1
statepct,MAT,8,2013,MD,PC:P1,TOTAL,All students,237.482499694824,0,1
statepct,MAT,8,2013,MD,PC:P2,TOTAL,All students,260.794497680664,0,1
statepct,MAT,8,2013,MD,PC:P5,TOTAL,All students,286.601000976563,0,1
statepct,MAT,8,2013,MD,PC:P9,TOTAL,All students,336.243002319336,0,1
statepct,MAT,8,2013,ME,PC:P1,TOTAL,All students,243.909502410889,0,1
statepct,MAT,8,2013,ME,PC:P2,TOTAL,All students,265.931999206543,0,1
statepct,MAT,8,2013,ME,PC:P5,TOTAL,All students,289.726997375488,0,1
statepct,MAT,8,2013,ME,PC:P9,TOTAL,All students,332.522001647949,0,1
statepct,MAT,8,2013,MI,PC:P1,TOTAL,All students,233.396499633789,0,1
statepct,MAT,8,2013,MI,PC:P2,TOTAL,All students,256.630499267578,0,1
statepct,MAT,8,2013,MI,PC:P5,TOTAL,All students,281.068000793457,0,1
statepct,MAT,8,2013,MI,PC:P9,TOTAL,All students,325.649501037598,0,1
statepct,MAT,8,2013,MN,PC:P1,TOTAL,All students,247.562001800537,0,1
statepct,MAT,8,2013,MN,PC:P2,TOTAL,All students,272.105502319336,0,1
statepct,MAT,8,2013,MN,PC:P5,TOTAL,All students,296.541499328613,0,1
statepct,MAT,8,2013,MN,PC:P9,TOTAL,All students,340.019003295899,0,1
statepct,MAT,8,2013,MO,PC:P1,TOTAL,All students,238.944499969482,0,1
statepct,MAT,8,2013,MO,PC:P2,TOTAL,All students,260.969502258301,0,1
statepct,MAT,8,2013,MO,PC:P5,TOTAL,All students,283.968501281738,0,1
statepct,MAT,8,2013,MO,PC:P9,TOTAL,All students,325.998001098633,0,1
statepct,MAT,8,2013,MS,PC:P1,TOTAL,All students,225.960501098633,0,1
statepct,MAT,8,2013,MS,PC:P2,TOTAL,All students,248.020999908447,0,1
statepct,MAT,8,2013,MS,PC:P5,TOTAL,All students,272.434498596192,0,1
statepct,MAT,8,2013,MS,PC:P9,TOTAL,All students,314.655502319336,0,1
statepct,MAT,8,2015,IA,PC:P1,TOTAL,All students,241.081000518799,0,1
statepct,MAT,8,2015,IA,PC:P2,TOTAL,All students,263.354499816895,0,1
statepct,MAT,8,2015,IA,PC:P5,TOTAL,All students,287.610501098633,0,1
statepct,MAT,8,2015,IA,PC:P9,TOTAL,All students,331.523001098633,0,1
statepct,MAT,8,2015,IL,PC:P1,TOTAL,All students,235.29049987793,0,1
statepct,MAT,8,2015,IL,PC:P2,TOTAL,All students,259.005001831055,0,1
statepct,MAT,8,2015,IL,PC:P5,TOTAL,All students,282.690998840332,0,1
statepct,MAT,8,2015,IL,PC:P9,TOTAL,All students,326.931999206543,0,1
statepct,MAT,8,2015,IN,PC:P1,TOTAL,All students,240.827500152588,0,1
statepct,MAT,8,2015,IN,PC:P2,TOTAL,All students,264.575497436524,0,1
statepct,MAT,8,2015,IN,PC:P5,TOTAL,All students,288.741998291016,0,1
statepct,MAT,8,2015,IN,PC:P9,TOTAL,All students,331.416998291016,0,1
statepct,MAT,8,2015,KS,PC:P1,TOTAL,All students,241.297999572754,0,1
statepct,MAT,8,2015,KS,PC:P2,TOTAL,All students,262.686999511719,0,1
statepct,MAT,8,2015,KS,PC:P5,TOTAL,All students,284.74100189209,0,1
statepct,MAT,8,2015,KS,PC:P9,TOTAL,All students,325.997999572754,0,1
statepct,MAT,8,2015,KY,PC:P1,TOTAL,All students,233.581998443604,0,1
statepct,MAT,8,2015,KY,PC:P2,TOTAL,All students,254.748000335694,0,1
statepct,MAT,8,2015,KY,PC:P5,TOTAL,All students,277.655996704102,0,1
statepct,MAT,8,2015,KY,PC:P9,TOTAL,All students,322.788998413086,0,1
statepct,MAT,8,2015,LA,PC:P1,TOTAL,All students,227.090500640869,0,1
statepct,MAT,8,2015,LA,PC:P2,TOTAL,All students,246.136499786377,0,1
statepct,MAT,8,2015,LA,PC:P5,TOTAL,All students,267.562998962403,0,1
statepct,MAT,8,2015,LA,PC:P9,TOTAL,All students,311.006500244141,0,1
statepct,MAT,8,2015,MA,PC:P1,TOTAL,All students,244.176998138428,0,1
statepct,MAT,8,2015,MA,PC:P2,TOTAL,All students,270.952499389648,0,1
statepct,MAT,8,2015,MA,PC:P5,TOTAL,All students,299.70899810791,0,1
statepct,MAT,8,2015,MA,PC:P9,TOTAL,All students,345.343501281738,0,1
statepct,MAT,8,2015,MD,PC:P1,TOTAL,All students,233.275499725342,0,1
statepct,MAT,8,2015,MD,PC:P2,TOTAL,All students,256.735998535156,0,1
statepct,MAT,8,2015,MD,PC:P5,TOTAL,All students,283.079499816895,0,1
statepct,MAT,8,2015,MD,PC:P9,TOTAL,All students,332.749501037598,0,1
statepct,MAT,8,2015,ME,PC:P1,TOTAL,All students,238.632500457764,0,1
statepct,MAT,8,2015,ME,PC:P2,TOTAL,All students,263.033497619629,0,1
statepct,MAT,8,2015,ME,PC:P5,TOTAL,All students,286.25299987793,0,1
statepct,MAT,8,2015,ME,PC:P9,TOTAL,All students,328.996501159668,0,1
statepct,MAT,8,2015,MI,PC:P1,TOTAL,All students,231.341000366211,0,1
statepct,MAT,8,2015,MI,PC:P2,TOTAL,All students,254.020999908447,0,1
statepct,MAT,8,2015,MI,PC:P5,TOTAL,All students,278.425498962403,0,1
statepct,MAT,8,2015,MI,PC:P9,TOTAL,All students,325.114996337891,0,1
statepct,MAT,8,2015,MN,PC:P1,TOTAL,All students,245.878999328613,0,1
statepct,MAT,8,2015,MN,PC:P2,TOTAL,All students,272.205000305176,0,1
statepct,MAT,8,2015,MN,PC:P5,TOTAL,All students,297.058000183106,0,1
statepct,MAT,8,2015,MN,PC:P9,TOTAL,All students,337.825498962402,0,1
statepct,MAT,8,2015,MO,PC:P1,TOTAL,All students,235.143000793457,0,1
statepct,MAT,8,2015,MO,PC:P2,TOTAL,All students,257.541999816895,0,1
statepct,MAT,8,2015,MO,PC:P5,TOTAL,All students,281.448495483399,0,1
statepct,MAT,8,2015,MO,PC:P9,TOTAL,All students,326.173002624512,0,1
statepct,MAT,8,2015,MS,PC:P1,TOTAL,All students,224.6,0,1
statepct,MAT,8,2015,MS,PC:P2,TOTAL,All students,246.937000274658,0,1
statepct,MAT,8,2015,MS,PC:P5,TOTAL,All students,271.509997558594,0,1
statepct,MAT,8,2015,MS,PC:P9,TOTAL,All students,315.765000915527,0,1
statepct,MAT,8,2017,IA,PC:P1,TOTAL,All students,239.136501312256,0,1
statepct,MAT,8,2017,IA,PC:P2,TOTAL,All students,262.816000366211,0,1
statepct,MAT,8,2017,IA,PC:P5,TOTAL,All students,287.008000183106,0,1
statepct,MAT,8,2017,IA,PC:P9,TOTAL,All students,332.364999389649,0,1
statepct,MAT,8,2017,IL,PC:P1,TOTAL,All students,231.873500823975,0,1
statepct,MAT,8,2017,IL,PC:P2,TOTAL,All students,254.801000213623,0,1
statepct,MAT,8,2017,IL,PC:P5,TOTAL,All students,280.608999633789,0,1
statepct,MAT,8,2017,IL,PC:P9,TOTAL,All students,332.596499633789,0,1
statepct,MAT,8,2017,IN,PC:P1,TOTAL,All students,240.218499755859,0,1
statepct,MAT,8,2017,IN,PC:P2,TOTAL,All students,261.593501281738,0,1
statepct,MAT,8,2017,IN,PC:P5,TOTAL,All students,287.174998474121,0,1
statepct,MAT,8,2017,IN,PC:P9,TOTAL,All students,336.149002075195,0,1
statepct,MAT,8,2017,KS,PC:P1,TOTAL,All students,238.910500335693,0,1
statepct,MAT,8,2017,KS,PC:P2,TOTAL,All students,260.644500732422,0,1
statepct,MAT,8,2017,KS,PC:P5,TOTAL,All students,284.993501281738,0,1
statepct,MAT,8,2017,KS,PC:P9,TOTAL,All students,332.209503173828,0,1
statepct,MAT,8,2017,KY,PC:P1,TOTAL,All students,229.869499969483,0,1
statepct,MAT,8,2017,KY,PC:P2,TOTAL,All students,251.680497741699,0,1
statepct,MAT,8,2017,KY,PC:P5,TOTAL,All students,277.293498229981,0,1
statepct,MAT,8,2017,KY,PC:P9,TOTAL,All students,326.287498474121,0,1
statepct,MAT,8,2017,LA,PC:P1,TOTAL,All students,220.871999359131,0,1
statepct,MAT,8,2017,LA,PC:P2,TOTAL,All students,242.124500274658,0,1
statepct,MAT,8,2017,LA,PC:P5,TOTAL,All students,265.770999145508,0,1
statepct,MAT,8,2017,LA,PC:P9,TOTAL,All students,313.035501098633,0,1
statepct,MAT,8,2017,MA,PC:P1,TOTAL,All students,244.897501373291,0,1
statepct,MAT,8,2017,MA,PC:P2,TOTAL,All students,270.972500610352,0,1
statepct,MAT,8,2017,MA,PC:P5,TOTAL,All students,298.798498535156,0,1
statepct,MAT,8,2017,MA,PC:P9,TOTAL,All students,346.484999084473,0,1
statepct,MAT,8,2017,MD,PC:P1,TOTAL,All students,230.306498718262,0,1
statepct,MAT,8,2017,MD,PC:P2,TOTAL,All students,252.596499633789,0,1
statepct,MAT,8,2017,MD,PC:P5,TOTAL,All students,279.274000549316,0,1
statepct,MAT,8,2017,MD,PC:P9,TOTAL,All students,334.528996276856,0,1
statepct,MAT,8,2017,ME,PC:P1,TOTAL,All students,234.636499786377,0,1
statepct,MAT,8,2017,ME,PC:P2,TOTAL,All students,258.319499206543,0,1
statepct,MAT,8,2017,ME,PC:P5,TOTAL,All students,284.291998291016,0,1
statepct,MAT,8,2017,ME,PC:P9,TOTAL,All students,332.804499816895,0,1
statepct,MAT,8,2017,MI,PC:P1,TOTAL,All students,228.782501220703,0,1
statepct,MAT,8,2017,MI,PC:P2,TOTAL,All students,251.913500213623,0,1
statepct,MAT,8,2017,MI,PC:P5,TOTAL,All students,279.671504211426,0,1
statepct,MAT,8,2017,MI,PC:P9,TOTAL,All students,330.60650177002,0,1
statepct,MAT,8,2017,MN,PC:P1,TOTAL,All students,243.81900100708,0,1
statepct,MAT,8,2017,MN,PC:P2,TOTAL,All students,269.37149810791,0,1
statepct,MAT,8,2017,MN,PC:P5,TOTAL,All students,295.732998657227,0,1
statepct,MAT,8,2017,MN,PC:P9,TOTAL,All students,341.401501464844,0,1
statepct,MAT,8,2017,MO,PC:P1,TOTAL,All students,234.681497955322,0,1
statepct,MAT,8,2017,MO,PC:P2,TOTAL,All students,256.58099975586,0,1
statepct,MAT,8,2017,MO,PC:P5,TOTAL,All students,280.483999633789,0,1
statepct,MAT,8,2017,MO,PC:P9,TOTAL,All students,327.662997436524,0,1
statepct,MAT,8,2017,MS,PC:P1,TOTAL,All students,226.763999938965,0,1
statepct,MAT,8,2017,MS,PC:P2,TOTAL,All students,246.77799987793,0,1
statepct,MAT,8,2017,MS,PC:P5,TOTAL,All students,269.93800201416,0,1
statepct,MAT,8,2017,MS,PC:P9,TOTAL,All students,316.41499786377,0,1
statepct,MAT,8,2019,IA,PC:P1,TOTAL,All students,233.979498291016,0,1
statepct,MAT,8,2019,IA,PC:P2,TOTAL,All students,257.994500732422,0,1
statepct,MAT,8,2019,IA,PC:P5,TOTAL,All students,283.245500183105,0,1
statepct,MAT,8,2019,IA,PC:P9,TOTAL,All students,326.956002807617,0,1
statepct,MAT,8,2019,IL,PC:P1,TOTAL,All students,231.833000946045,0,1
statepct,MAT,8,2019,IL,PC:P2,TOTAL,All students,255.699999237061,0,1
statepct,MAT,8,2019,IL,PC:P5,TOTAL,All students,282.038998413086,0,1
statepct,MAT,8,2019,IL,PC:P9,TOTAL,All students,333.311999511719,0,1
statepct,MAT,8,2019,IN,PC:P1,TOTAL,All students,235.979002380371,0,1
statepct,MAT,8,2019,IN,PC:P2,TOTAL,All students,259.990000915527,0,1
statepct,MAT,8,2019,IN,PC:P5,TOTAL,All students,286.711001586914,0,1
statepct,MAT,8,2019,IN,PC:P9,TOTAL,All students,333.765003967285,0,1
statepct,MAT,8,2019,KS,PC:P1,TOTAL,All students,234.680499267578,0,1
statepct,MAT,8,2019,KS,PC:P2,TOTAL,All students,257.010002136231,0,1
statepct,MAT,8,2019,KS,PC:P5,TOTAL,All students,282.14450378418,0,1
statepct,MAT,8,2019,KS,PC:P9,TOTAL,All students,331.24649810791,0,1
statepct,MAT,8,2019,KY,PC:P1,TOTAL,All students,229.886000061035,0,1
statepct,MAT,8,2019,KY,PC:P2,TOTAL,All students,253.591499328613,0,1
statepct,MAT,8,2019,KY,PC:P5,TOTAL,All students,278.404501342773,0,1
statepct,MAT,8,2019,KY,PC:P9,TOTAL,All students,325.500498962402,0,1
statepct,MAT,8,2019,LA,PC:P1,TOTAL,All students,223.948999023437,0,1
statepct,MAT,8,2019,LA,PC:P2,TOTAL,All students,246.374500274658,0,1
statepct,MAT,8,2019,LA,PC:P5,TOTAL,All students,272.222996520996,0,1
statepct,MAT,8,2019,LA,PC:P9,TOTAL,All students,318.046000671387,0,1
statepct,MAT,8,2019,MA,PC:P1,TOTAL,All students,239.869000244141,0,1
statepct,MAT,8,2019,MA,PC:P2,TOTAL,All students,266.885501098633,0,1
statepct,MAT,8,2019,MA,PC:P5,TOTAL,All students,296.20950012207,0,1
statepct,MAT,8,2019,MA,PC:P9,TOTAL,All students,346.375500488281,0,1
statepct,MAT,8,2019,MD,PC:P1,TOTAL,All students,226.297500610352,0,1
statepct,MAT,8,2019,MD,PC:P2,TOTAL,All students,249.805498504639,0,1
statepct,MAT,8,2019,MD,PC:P5,TOTAL,All students,278.848500061035,0,1
statepct,MAT,8,2019,MD,PC:P9,TOTAL,All students,337.099998474121,0,1
statepct,MAT,8,2019,ME,PC:P1,TOTAL,All students,232.007499694824,0,1
statepct,MAT,8,2019,ME,PC:P2,TOTAL,All students,257.339002990723,0,1
statepct,MAT,8,2019,ME,PC:P5,TOTAL,All students,283.218495178223,0,1
statepct,MAT,8,2019,ME,PC:P9,TOTAL,All students,331.085998535156,0,1
statepct,MAT,8,2019,MI,PC:P1,TOTAL,All students,232.521501159668,0,1
statepct,MAT,8,2019,MI,PC:P2,TOTAL,All students,254.219998931885,0,1
statepct,MAT,8,2019,MI,PC:P5,TOTAL,All students,279.766499328613,0,1
statepct,MAT,8,2019,MI,PC:P9,TOTAL,All students,329.61199798584,0,1
statepct,MAT,8,2019,MN,PC:P1,TOTAL,All students,238.299001312256,0,1
statepct,MAT,8,2019,MN,PC:P2,TOTAL,All students,264.788497924805,0,1
statepct,MAT,8,2019,MN,PC:P5,TOTAL,All students,292.943000793457,0,1
statepct,MAT,8,2019,MN,PC:P9,TOTAL,All students,339.642001342774,0,1
statepct,MAT,8,2019,MO,PC:P1,TOTAL,All students,233.18450012207,0,1
statepct,MAT,8,2019,MO,PC:P2,TOTAL,All students,255.842000579834,0,1
statepct,MAT,8,2019,MO,PC:P5,TOTAL,All students,281.314498901367,0,1
statepct,MAT,8,2019,MO,PC:P9,TOTAL,All students,327.327500915527,0,1
statepct,MAT,8,2019,MS,PC:P1,TOTAL,All students,228.1125,0,1
statepct,MAT,8,2019,MS,PC:P2,TOTAL,All students,249.157501983643,0,1
statepct,MAT,8,2019,MS,PC:P5,TOTAL,All students,273.230500793457,0,1
statepct,MAT,8,2019,MS,PC:P9,TOTAL,All students,320.289001464844,0,1
statepct,MAT,8,2022,IA,PC:P1,TOTAL,All students,229.068001556397,0,1
statepct,MAT,8,2022,IA,PC:P2,TOTAL,All students,253.259498596191,0,1
statepct,MAT,8,2022,IA,PC:P5,TOTAL,All students,277.71900177002,0,1
statepct,MAT,8,2022,IA,PC:P9,TOTAL,All students,323.78850402832,0,1
statepct,MAT,8,2022,IL,PC:P1,TOTAL,All students,226.719999694824,0,1
statepct,MAT,8,2022,IL,PC:P2,TOTAL,All students,247.778000640869,0,1
statepct,MAT,8,2022,IL,PC:P5,TOTAL,All students,273.365998840332,0,1
statepct,MAT,8,2022,IL,PC:P9,TOTAL,All students,326.616502380371,0,1
statepct,MAT,8,2022,IN,PC:P1,TOTAL,All students,228.651000213623,0,1
statepct,MAT,8,2022,IN,PC:P2,TOTAL,All students,252.246501159668,0,1
statepct,MAT,8,2022,IN,PC:P5,TOTAL,All students,278.743501281739,0,1
statepct,MAT,8,2022,IN,PC:P9,TOTAL,All students,328.206498718262,0,1
statepct,MAT,8,2022,KS,PC:P1,TOTAL,All students,224.392000579834,0,1
statepct,MAT,8,2022,KS,PC:P2,TOTAL,All students,247.399500274658,0,1
statepct,MAT,8,2022,KS,PC:P5,TOTAL,All students,271.9625,0,1
statepct,MAT,8,2022,KS,PC:P9,TOTAL,All students,318.795498657227,0,1
statepct,MAT,8,2022,KY,PC:P1,TOTAL,All students,222.65350112915,0,1
statepct,MAT,8,2022,KY,PC:P2,TOTAL,All students,243.988999176025,0,1
statepct,MAT,8,2022,KY,PC:P5,TOTAL,All students,268.71549987793,0,1
statepct,MAT,8,2022,KY,PC:P9,TOTAL,All students,316.775,0,1
statepct,MAT,8,2022,LA,PC:P1,TOTAL,All students,217.323500823975,0,1
statepct,MAT,8,2022,LA,PC:P2,TOTAL,All students,239.194000244141,0,1
statepct,MAT,8,2022,LA,PC:P5,TOTAL,All students,265.253498840332,0,1
statepct,MAT,8,2022,LA,PC:P9,TOTAL,All students,314.280000305176,0,1
statepct,MAT,8,2022,MA,PC:P1,TOTAL,All students,232.310998535156,0,1
statepct,MAT,8,2022,MA,PC:P2,TOTAL,All students,256.15650177002,0,1
statepct,MAT,8,2022,MA,PC:P5,TOTAL,All students,283.48150177002,0,1
statepct,MAT,8,2022,MA,PC:P9,TOTAL,All students,334.484497070313,0,1
statepct,MAT,8,2022,MD,PC:P1,TOTAL,All students,214.590501403809,0,1
statepct,MAT,8,2022,MD,PC:P2,TOTAL,All students,237.9125,0,1
statepct,MAT,8,2022,MD,PC:P5,TOTAL,All students,266.420999145508,0,1
statepct,MAT,8,2022,MD,PC:P9,TOTAL,All students,327.049502563477,0,1
statepct,MAT,8,2022,ME,PC:P1,TOTAL,All students,223.696499633789,0,1
statepct,MAT,8,2022,ME,PC:P2,TOTAL,All students,246.384000396729,0,1
statepct,MAT,8,2022,ME,PC:P5,TOTAL,All students,272.279502868652,0,1
statepct,MAT,8,2022,ME,PC:P9,TOTAL,All students,322.013998413086,0,1
statepct,MAT,8,2022,MI,PC:P1,TOTAL,All students,223.45299911499,0,1
statepct,MAT,8,2022,MI,PC:P2,TOTAL,All students,245.002501678467,0,1
statepct,MAT,8,2022,MI,PC:P5,TOTAL,All students,271.986999511719,0,1
statepct,MAT,8,2022,MI,PC:P9,TOTAL,All students,321.604997253418,0,1
statepct,MAT,8,2022,MN,PC:P1,TOTAL,All students,231.087501525879,0,1
statepct,MAT,8,2022,MN,PC:P2,TOTAL,All students,254.463500213623,0,1
statepct,MAT,8,2022,MN,PC:P5,TOTAL,All students,281.243502807617,0,1
statepct,MAT,8,2022,MN,PC:P9,TOTAL,All students,327.684498596191,0,1
statepct,MAT,8,2022,MO,PC:P1,TOTAL,All students,223.814499664307,0,1
statepct,MAT,8,2022,MO,PC:P2,TOTAL,All students,247.053001403809,0,1
statepct,MAT,8,2022,MO,PC:P5,TOTAL,All students,272.100999450684,0,1
statepct,MAT,8,2022,MO,PC:P9,TOTAL,All students,319.931001281738,0,1
statepct,MAT,8,2022,MS,PC:P1,TOTAL,All students,219.832999420166,0,1
statepct,MAT,8,2022,MS,PC:P2,TOTAL,All students,241.238500213623,0,1
statepct,MAT,8,2022,MS,PC:P5,TOTAL,All students,265.878996276856,0,1
statepct,MAT,8,2022,MS,PC:P9,TOTAL,All students,310.846998596191,0,1
statepct,MAT,8,2024,IA,PC:P1,TOTAL,All students,224.025499725342,0,1
statepct,MAT,8,2024,IA,PC:P2,TOTAL,All students,249.846000671387,0,1
statepct,MAT,8,2024,IA,PC:P5,TOTAL,All students,276.661996459961,0,1
statepct,MAT,8,2024,IA,PC:P9,TOTAL,All students,322.225500488281,0,1
statepct,MAT,8,2024,IL,PC:P1,TOTAL,All students,220.329000091553,0,1
statepct,MAT,8,2024,IL,PC:P2,TOTAL,All students,245.143499755859,0,1
statepct,MAT,8,2024,IL,PC:P5,TOTAL,All students,277.123004150391,0,1
statepct,MAT,8,2024,IL,PC:P9,TOTAL,All students,335.386500549317,0,1
statepct,MAT,8,2024,IN,PC:P1,TOTAL,All students,226.721499633789,0,1
statepct,MAT,8,2024,IN,PC:P2,TOTAL,All students,251.805500030518,0,1
statepct,MAT,8,2024,IN,PC:P5,TOTAL,All students,279.092999267578,0,1
statepct,MAT,8,2024,IN,PC:P9,TOTAL,All students,327.800500488281,0,1
statepct,MAT,8,2024,KS,PC:P1,TOTAL,All students,223.467999267578,0,1
statepct,MAT,8,2024,KS,PC:P2,TOTAL,All students,247.71600112915,0,1
statepct,MAT,8,2024,KS,PC:P5,TOTAL,All students,274.84049987793,0,1
statepct,MAT,8,2024,KS,PC:P9,TOTAL,All students,323.826998901367,0,1
statepct,MAT,8,2024,KY,PC:P1,TOTAL,All students,219.914500427246,0,1
statepct,MAT,8,2024,KY,PC:P2,TOTAL,All students,243.133499145508,0,1
statepct,MAT,8,2024,KY,PC:P5,TOTAL,All students,269.730502319336,0,1
statepct,MAT,8,2024,KY,PC:P9,TOTAL,All students,322.711000061035,0,1
statepct,MAT,8,2024,LA,PC:P1,TOTAL,All students,217.714001464844,0,1
statepct,MAT,8,2024,LA,PC:P2,TOTAL,All students,239.536500549316,0,1
statepct,MAT,8,2024,LA,PC:P5,TOTAL,All students,265.63699798584,0,1
statepct,MAT,8,2024,LA,PC:P9,TOTAL,All students,317.726501464844,0,1
statepct,MAT,8,2024,MA,PC:P1,TOTAL,All students,226.71549987793,0,1
statepct,MAT,8,2024,MA,PC:P2,TOTAL,All students,252.665501403809,0,1
statepct,MAT,8,2024,MA,PC:P5,TOTAL,All students,284.474501037598,0,1
statepct,MAT,8,2024,MA,PC:P9,TOTAL,All students,338.610998535156,0,1
statepct,MAT,8,2024,MD,PC:P1,TOTAL,All students,212.678499603272,0,1
statepct,MAT,8,2024,MD,PC:P2,TOTAL,All students,236.898500061035,0,1
statepct,MAT,8,2024,MD,PC:P5,TOTAL,All students,266.37200012207,0,1
statepct,MAT,8,2024,MD,PC:P9,TOTAL,All students,327.845501708984,0,1
statepct,MAT,8,2024,ME,PC:P1,TOTAL,All students,222.286000061035,0,1
statepct,MAT,8,2024,ME,PC:P2,TOTAL,All students,247.432501220703,0,1
statepct,MAT,8,2024,ME,PC:P5,TOTAL,All students,272.325500488281,0,1
statepct,MAT,8,2024,ME,PC:P9,TOTAL,All students,322.751998901367,0,1
statepct,MAT,8,2024,MI,PC:P1,TOTAL,All students,219.349500274658,0,1
statepct,MAT,8,2024,MI,PC:P2,TOTAL,All students,242.020998382568,0,1
statepct,MAT,8,2024,MI,PC:P5,TOTAL,All students,268.819999694824,0,1
statepct,MAT,8,2024,MI,PC:P9,TOTAL,All students,322.311000061035,0,1
statepct,MAT,8,2024,MN,PC:P1,TOTAL,All students,230.619999694824,0,1
statepct,MAT,8,2024,MN,PC:P2,TOTAL,All students,256.441498565674,0,1
statepct,MAT,8,2024,MN,PC:P5,TOTAL,All students,283.42449798584,0,1
statepct,MAT,8,2024,MN,PC:P9,TOTAL,All students,330.224998474121,0,1
statepct,MAT,8,2024,MO,PC:P1,TOTAL,All students,220.034999847412,0,1
statepct,MAT,8,2024,MO,PC:P2,TOTAL,All students,244.144998168945,0,1
statepct,MAT,8,2024,MO,PC:P5,TOTAL,All students,271.293000793457,0,1
statepct,MAT,8,2024,MO,PC:P9,TOTAL,All students,319.866499328613,0,1
statepct,MAT,8,2024,MS,PC:P1,TOTAL,All students,220.293499755859,0,1
statepct,MAT,8,2024,MS,PC:P2,TOTAL,All students,242.755501556397,0,1
statepct,MAT,8,2024,MS,PC:P5,TOTAL,All students,269.061001586914,0,1
statepct,MAT,8,2024,MS,PC:P9,TOTAL,All students,318.716999816895,0,1
statepct,MAT,8,2003,MT,PC:P1,TOTAL,All students,244.167999267578,0,1
statepct,MAT,8,2003,MT,PC:P2,TOTAL,All students,266.714001464844,0,1
statepct,MAT,8,2003,MT,PC:P5,TOTAL,All students,287.929998779297,0,1
statepct,MAT,8,2003,MT,PC:P9,TOTAL,All students,324.826007080078,0,1
statepct,MAT,8,2003,NC,PC:P1,TOTAL,All students,232.387997436523,0,1
statepct,MAT,8,2003,NC,PC:P2,TOTAL,All students,257.79599609375,0,1
statepct,MAT,8,2003,NC,PC:P5,TOTAL,All students,283.392004394531,0,1
statepct,MAT,8,2003,NC,PC:P9,TOTAL,All students,326.925994873047,0,1
statepct,MAT,8,2003,ND,PC:P1,TOTAL,All students,248.150003051758,0,1
statepct,MAT,8,2003,ND,PC:P2,TOTAL,All students,269.24599609375,0,1
statepct,MAT,8,2003,ND,PC:P5,TOTAL,All students,289.515997314453,0,1
statepct,MAT,8,2003,ND,PC:P9,TOTAL,All students,323.266003417969,0,1
statepct,MAT,8,2003,NE,PC:P1,TOTAL,All students,238.289999389649,0,1
statepct,MAT,8,2003,NE,PC:P2,TOTAL,All students,261.328009033203,0,1
statepct,MAT,8,2003,NE,PC:P5,TOTAL,All students,284.311999511719,0,1
statepct,MAT,8,2003,NE,PC:P9,TOTAL,All students,322.967999267578,0,1
statepct,MAT,8,2003,NH,PC:P1,TOTAL,All students,246.038000488281,0,1
statepct,MAT,8,2003,NH,PC:P2,TOTAL,All students,265.988000488281,0,1
statepct,MAT,8,2003,NH,PC:P5,TOTAL,All students,286.627996826172,0,1
statepct,MAT,8,2003,NH,PC:P9,TOTAL,All students,326.318005371094,0,1
statepct,MAT,8,2003,NJ,PC:P1,TOTAL,All students,232.357998657227,0,1
statepct,MAT,8,2003,NJ,PC:P2,TOTAL,All students,257.880004882813,0,1
statepct,MAT,8,2003,NJ,PC:P5,TOTAL,All students,284.112005615235,0,1
statepct,MAT,8,2003,NJ,PC:P9,TOTAL,All students,325.892004394531,0,1
statepct,MAT,8,2003,NM,PC:P1,TOTAL,All students,218.481997680664,0,1
statepct,MAT,8,2003,NM,PC:P2,TOTAL,All students,240.592001342773,0,1
statepct,MAT,8,2003,NM,PC:P5,TOTAL,All students,263.950006103516,0,1
statepct,MAT,8,2003,NM,PC:P9,TOTAL,All students,307.126000976563,0,1
statepct,MAT,8,2003,NV,PC:P1,TOTAL,All students,218.995999145508,0,1
statepct,MAT,8,2003,NV,PC:P2,TOTAL,All students,244.287997436523,0,1
statepct,MAT,8,2003,NV,PC:P5,TOTAL,All students,270.590002441406,0,1
statepct,MAT,8,2003,NV,PC:P9,TOTAL,All students,313.259997558594,0,1
statepct,MAT,8,2003,NY,PC:P1,TOTAL,All students,230.875997924805,0,1
statepct,MAT,8,2003,NY,PC:P2,TOTAL,All students,256.530004882813,0,1
statepct,MAT,8,2003,NY,PC:P5,TOTAL,All students,282.338006591797,0,1
statepct,MAT,8,2003,NY,PC:P9,TOTAL,All students,324.535998535156,0,1
statepct,MAT,8,2003,OH,PC:P1,TOTAL,All students,239.730001831055,0,1
statepct,MAT,8,2003,OH,PC:P2,TOTAL,All students,260.709997558594,0,1
statepct,MAT,8,2003,OH,PC:P5,TOTAL,All students,282.789996337891,0,1
statepct,MAT,8,2003,OH,PC:P9,TOTAL,All students,322.230004882813,0,1
statepct,MAT,8,2003,OK,PC:P1,TOTAL,All students,228.209997558593,0,1
statepct,MAT,8,2003,OK,PC:P2,TOTAL,All students,252.169998168945,0,1
statepct,MAT,8,2003,OK,PC:P5,TOTAL,All students,273.748004150391,0,1
statepct,MAT,8,2003,OK,PC:P9,TOTAL,All students,312.028002929687,0,1
statepct,MAT,8,2003,OR,PC:P1,TOTAL,All students,234.146002197266,0,1
statepct,MAT,8,2003,OR,PC:P2,TOTAL,All students,256.773999023437,0,1
statepct,MAT,8,2003,OR,PC:P5,TOTAL,All students,282.555999755859,0,1
statepct,MAT,8,2003,OR,PC:P9,TOTAL,All students,326.116003417969,0,1
statepct,MAT,8,2003,PA,PC:P1,TOTAL,All students,231.525997924805,0,1
statepct,MAT,8,2003,PA,PC:P2,TOTAL,All students,254.610000610352,0,1
statepct,MAT,8,2003,PA,PC:P5,TOTAL,All students,280.657995605469,0,1
statepct,MAT,8,2003,PA,PC:P9,TOTAL,All students,322.814001464844,0,1
statepct,MAT,8,2005,MT,PC:P1,TOTAL,All students,245.060000610352,0,1
statepct,MAT,8,2005,MT,PC:P2,TOTAL,All students,267.448004150391,0,1
statepct,MAT,8,2005,MT,PC:P5,TOTAL,All students,288.381994628906,0,1
statepct,MAT,8,2005,MT,PC:P9,TOTAL,All students,324.749993896484,0,1
statepct,MAT,8,2005,NC,PC:P1,TOTAL,All students,235.223999023438,0,1
statepct,MAT,8,2005,NC,PC:P2,TOTAL,All students,258.816003417969,0,1
statepct,MAT,8,2005,NC,PC:P5,TOTAL,All students,282.797998046875,0,1
statepct,MAT,8,2005,NC,PC:P9,TOTAL,All students,326.886004638672,0,1
statepct,MAT,8,2005,ND,PC:P1,TOTAL,All students,249.477996826172,0,1
statepct,MAT,8,2005,ND,PC:P2,TOTAL,All students,268.038000488281,0,1
statepct,MAT,8,2005,ND,PC:P5,TOTAL,All students,288.015997314453,0,1
statepct,MAT,8,2005,ND,PC:P9,TOTAL,All students,323.411999511719,0,1
statepct,MAT,8,2005,NE,PC:P1,TOTAL,All students,239.761999511719,0,1
statepct,MAT,8,2005,NE,PC:P2,TOTAL,All students,261.976000976563,0,1
statepct,MAT,8,2005,NE,PC:P5,TOTAL,All students,285.923992919922,0,1
statepct,MAT,8,2005,NE,PC:P9,TOTAL,All students,325.523992919922,0,1
statepct,MAT,8,2005,NH,PC:P1,TOTAL,All students,243.292001342773,0,1
statepct,MAT,8,2005,NH,PC:P2,TOTAL,All students,264.223999023437,0,1
statepct,MAT,8,2005,NH,PC:P5,TOTAL,All students,286.062005615235,0,1
statepct,MAT,8,2005,NH,PC:P9,TOTAL,All students,325.771997070312,0,1
statepct,MAT,8,2005,NJ,PC:P1,TOTAL,All students,234.40599975586,0,1
statepct,MAT,8,2005,NJ,PC:P2,TOTAL,All students,260.841998291016,0,1
statepct,MAT,8,2005,NJ,PC:P5,TOTAL,All students,285.641998291016,0,1
statepct,MAT,8,2005,NJ,PC:P9,TOTAL,All students,330.600006103516,0,1
statepct,MAT,8,2005,NM,PC:P1,TOTAL,All students,219.151998901367,0,1
statepct,MAT,8,2005,NM,PC:P2,TOTAL,All students,241.925997924805,0,1
statepct,MAT,8,2005,NM,PC:P5,TOTAL,All students,264.435998535156,0,1
statepct,MAT,8,2005,NM,PC:P9,TOTAL,All students,305.573999023438,0,1
statepct,MAT,8,2005,NV,PC:P1,TOTAL,All students,222.335995483398,0,1
statepct,MAT,8,2005,NV,PC:P2,TOTAL,All students,246.611999511719,0,1
statepct,MAT,8,2005,NV,PC:P5,TOTAL,All students,271.438000488281,0,1
statepct,MAT,8,2005,NV,PC:P9,TOTAL,All students,314.711999511719,0,1
statepct,MAT,8,2005,NY,PC:P1,TOTAL,All students,233.188000488281,0,1
statepct,MAT,8,2005,NY,PC:P2,TOTAL,All students,256.328002929688,0,1
statepct,MAT,8,2005,NY,PC:P5,TOTAL,All students,280.978002929688,0,1
statepct,MAT,8,2005,NY,PC:P9,TOTAL,All students,324.755999755859,0,1
statepct,MAT,8,2005,OH,PC:P1,TOTAL,All students,238.362002563477,0,1
statepct,MAT,8,2005,OH,PC:P2,TOTAL,All students,261.161999511719,0,1
statepct,MAT,8,2005,OH,PC:P5,TOTAL,All students,284.958001708984,0,1
statepct,MAT,8,2005,OH,PC:P9,TOTAL,All students,326.424005126953,0,1
statepct,MAT,8,2005,OK,PC:P1,TOTAL,All students,227.090002441406,0,1
statepct,MAT,8,2005,OK,PC:P2,TOTAL,All students,250.561999511719,0,1
statepct,MAT,8,2005,OK,PC:P5,TOTAL,All students,272.721997070313,0,1
statepct,MAT,8,2005,OK,PC:P9,TOTAL,All students,313.027996826172,0,1
statepct,MAT,8,2005,OR,PC:P1,TOTAL,All students,235.02200012207,0,1
statepct,MAT,8,2005,OR,PC:P2,TOTAL,All students,259.077996826172,0,1
statepct,MAT,8,2005,OR,PC:P5,TOTAL,All students,283.313995361328,0,1
statepct,MAT,8,2005,OR,PC:P9,TOTAL,All students,327.957995605469,0,1
statepct,MAT,8,2005,PA,PC:P1,TOTAL,All students,235.37799987793,0,1
statepct,MAT,8,2005,PA,PC:P2,TOTAL,All students,258.680004882813,0,1
statepct,MAT,8,2005,PA,PC:P5,TOTAL,All students,282.209997558594,0,1
statepct,MAT,8,2005,PA,PC:P9,TOTAL,All students,324.253997802734,0,1
statepct,MAT,8,2007,MT,PC:P1,TOTAL,All students,245.090002441407,0,1
statepct,MAT,8,2007,MT,PC:P2,TOTAL,All students,266.766003417969,0,1
statepct,MAT,8,2007,MT,PC:P5,TOTAL,All students,288.597998046875,0,1
statepct,MAT,8,2007,MT,PC:P9,TOTAL,All students,327.644006347656,0,1
statepct,MAT,8,2007,NC,PC:P1,TOTAL,All students,238.647998046875,0,1
statepct,MAT,8,2007,NC,PC:P2,TOTAL,All students,259.651995849609,0,1
statepct,MAT,8,2007,NC,PC:P5,TOTAL,All students,285.003997802734,0,1
statepct,MAT,8,2007,NC,PC:P9,TOTAL,All students,328.890008544922,0,1
statepct,MAT,8,2007,ND,PC:P1,TOTAL,All students,254.657998657227,0,1
statepct,MAT,8,2007,ND,PC:P2,TOTAL,All students,273.522003173828,0,1
statepct,MAT,8,2007,ND,PC:P5,TOTAL,All students,292.5419921875,0,1
statepct,MAT,8,2007,ND,PC:P9,TOTAL,All students,327.55199584961,0,1
statepct,MAT,8,2007,NE,PC:P1,TOTAL,All students,236.067999267578,0,1
statepct,MAT,8,2007,NE,PC:P2,TOTAL,All students,261.110003662109,0,1
statepct,MAT,8,2007,NE,PC:P5,TOTAL,All students,285.344006347656,0,1
statepct,MAT,8,2007,NE,PC:P9,TOTAL,All students,328.20599975586,0,1
statepct,MAT,8,2007,NH,PC:P1,TOTAL,All students,243.47799987793,0,1
statepct,MAT,8,2007,NH,PC:P2,TOTAL,All students,265.288000488281,0,1
statepct,MAT,8,2007,NH,PC:P5,TOTAL,All students,289.136004638672,0,1
statepct,MAT,8,2007,NH,PC:P9,TOTAL,All students,328.696002197266,0,1
statepct,MAT,8,2007,NJ,PC:P1,TOTAL,All students,241.054000854492,0,1
statepct,MAT,8,2007,NJ,PC:P2,TOTAL,All students,264.859997558594,0,1
statepct,MAT,8,2007,NJ,PC:P5,TOTAL,All students,290.805993652344,0,1
statepct,MAT,8,2007,NJ,PC:P9,TOTAL,All students,333.99398803711,0,1
statepct,MAT,8,2007,NM,PC:P1,TOTAL,All students,223.8,0,1
statepct,MAT,8,2007,NM,PC:P2,TOTAL,All students,245.226000976562,0,1
statepct,MAT,8,2007,NM,PC:P5,TOTAL,All students,267.659991455078,0,1
statepct,MAT,8,2007,NM,PC:P9,TOTAL,All students,310.747998046875,0,1
statepct,MAT,8,2007,NV,PC:P1,TOTAL,All students,224.13200378418,0,1
statepct,MAT,8,2007,NV,PC:P2,TOTAL,All students,247.37799987793,0,1
statepct,MAT,8,2007,NV,PC:P5,TOTAL,All students,271.423999023437,0,1
statepct,MAT,8,2007,NV,PC:P9,TOTAL,All students,317.516003417969,0,1
statepct,MAT,8,2007,NY,PC:P1,TOTAL,All students,234.383999633789,0,1
statepct,MAT,8,2007,NY,PC:P2,TOTAL,All students,256.6,0,1
statepct,MAT,8,2007,NY,PC:P5,TOTAL,All students,281.199993896484,0,1
statepct,MAT,8,2007,NY,PC:P9,TOTAL,All students,325.142004394531,0,1
statepct,MAT,8,2007,OH,PC:P1,TOTAL,All students,240.902001953125,0,1
statepct,MAT,8,2007,OH,PC:P2,TOTAL,All students,263.740002441406,0,1
statepct,MAT,8,2007,OH,PC:P5,TOTAL,All students,286.55599975586,0,1
statepct,MAT,8,2007,OH,PC:P9,TOTAL,All students,325.367999267578,0,1
statepct,MAT,8,2007,OK,PC:P1,TOTAL,All students,234.826000976562,0,1
statepct,MAT,8,2007,OK,PC:P2,TOTAL,All students,253.973999023437,0,1
statepct,MAT,8,2007,OK,PC:P5,TOTAL,All students,274.617999267578,0,1
statepct,MAT,8,2007,OK,PC:P9,TOTAL,All students,313.726000976562,0,1
statepct,MAT,8,2007,OR,PC:P1,TOTAL,All students,236.833999633789,0,1
statepct,MAT,8,2007,OR,PC:P2,TOTAL,All students,259.428002929688,0,1
statepct,MAT,8,2007,OR,PC:P5,TOTAL,All students,284.965997314453,0,1
statepct,MAT,8,2007,OR,PC:P9,TOTAL,All students,330.166003417969,0,1
statepct,MAT,8,2007,PA,PC:P1,TOTAL,All students,239.833996582031,0,1
statepct,MAT,8,2007,PA,PC:P2,TOTAL,All students,264.596002197266,0,1
statepct,MAT,8,2007,PA,PC:P5,TOTAL,All students,288.620001220703,0,1
statepct,MAT,8,2007,PA,PC:P9,TOTAL,All students,328.942004394531,0,1
statepct,MAT,8,2009,MT,PC:P1,TOTAL,All students,247.973999023438,0,1
statepct,MAT,8,2009,MT,PC:P2,TOTAL,All students,271.666003417969,0,1
statepct,MAT,8,2009,MT,PC:P5,TOTAL,All students,293.553991699219,0,1
statepct,MAT,8,2009,MT,PC:P9,TOTAL,All students,332.993994140625,0,1
statepct,MAT,8,2009,NC,PC:P1,TOTAL,All students,237.005999755859,0,1
statepct,MAT,8,2009,NC,PC:P2,TOTAL,All students,260.232000732422,0,1
statepct,MAT,8,2009,NC,PC:P5,TOTAL,All students,284.865997314453,0,1
statepct,MAT,8,2009,NC,PC:P9,TOTAL,All students,331.494000244141,0,1
statepct,MAT,8,2009,ND,PC:P1,TOTAL,All students,255.661999511719,0,1
statepct,MAT,8,2009,ND,PC:P2,TOTAL,All students,275.096008300781,0,1
statepct,MAT,8,2009,ND,PC:P5,TOTAL,All students,294.318005371094,0,1
statepct,MAT,8,2009,ND,PC:P9,TOTAL,All students,328.403997802735,0,1
statepct,MAT,8,2009,NE,PC:P1,TOTAL,All students,238.567999267578,0,1
statepct,MAT,8,2009,NE,PC:P2,TOTAL,All students,261.935998535156,0,1
statepct,MAT,8,2009,NE,PC:P5,TOTAL,All students,286.256005859375,0,1
statepct,MAT,8,2009,NE,PC:P9,TOTAL,All students,328.447998046875,0,1
statepct,MAT,8,2009,NH,PC:P1,TOTAL,All students,248.933999633789,0,1
statepct,MAT,8,2009,NH,PC:P2,TOTAL,All students,269.947998046875,0,1
statepct,MAT,8,2009,NH,PC:P5,TOTAL,All students,293.374005126953,0,1
statepct,MAT,8,2009,NH,PC:P9,TOTAL,All students,335.06000366211,0,1
statepct,MAT,8,2009,NJ,PC:P1,TOTAL,All students,244.105999755859,0,1
statepct,MAT,8,2009,NJ,PC:P2,TOTAL,All students,268.515997314453,0,1
statepct,MAT,8,2009,NJ,PC:P5,TOTAL,All students,293.85400390625,0,1
statepct,MAT,8,2009,NJ,PC:P9,TOTAL,All students,340.10400390625,0,1
statepct,MAT,8,2009,NM,PC:P1,TOTAL,All students,224.858001708984,0,1
statepct,MAT,8,2009,NM,PC:P2,TOTAL,All students,246.935998535156,0,1
statepct,MAT,8,2009,NM,PC:P5,TOTAL,All students,269.999993896484,0,1
statepct,MAT,8,2009,NM,PC:P9,TOTAL,All students,314.364007568359,0,1
statepct,MAT,8,2009,NV,PC:P1,TOTAL,All students,228.920001220703,0,1
statepct,MAT,8,2009,NV,PC:P2,TOTAL,All students,250.551998901367,0,1
statepct,MAT,8,2009,NV,PC:P5,TOTAL,All students,273.95599975586,0,1
statepct,MAT,8,2009,NV,PC:P9,TOTAL,All students,319.876000976562,0,1
statepct,MAT,8,2009,NY,PC:P1,TOTAL,All students,234.435998535156,0,1
statepct,MAT,8,2009,NY,PC:P2,TOTAL,All students,259.439996337891,0,1
statepct,MAT,8,2009,NY,PC:P5,TOTAL,All students,284.223999023438,0,1
statepct,MAT,8,2009,NY,PC:P9,TOTAL,All students,328.413995361328,0,1
statepct,MAT,8,2009,OH,PC:P1,TOTAL,All students,241.806002807617,0,1
statepct,MAT,8,2009,OH,PC:P2,TOTAL,All students,262.872003173828,0,1
statepct,MAT,8,2009,OH,PC:P5,TOTAL,All students,286.811993408203,0,1
statepct,MAT,8,2009,OH,PC:P9,TOTAL,All students,329.122003173828,0,1
statepct,MAT,8,2009,OK,PC:P1,TOTAL,All students,234.041998291016,0,1
statepct,MAT,8,2009,OK,PC:P2,TOTAL,All students,254.494003295899,0,1
statepct,MAT,8,2009,OK,PC:P5,TOTAL,All students,276.319995117188,0,1
statepct,MAT,8,2009,OK,PC:P9,TOTAL,All students,317.260003662109,0,1
statepct,MAT,8,2009,OR,PC:P1,TOTAL,All students,237.935998535156,0,1
statepct,MAT,8,2009,OR,PC:P2,TOTAL,All students,262.015997314453,0,1
statepct,MAT,8,2009,OR,PC:P5,TOTAL,All students,286.971997070313,0,1
statepct,MAT,8,2009,OR,PC:P9,TOTAL,All students,329.527996826172,0,1
statepct,MAT,8,2009,PA,PC:P1,TOTAL,All students,240.723999023438,0,1
statepct,MAT,8,2009,PA,PC:P2,TOTAL,All students,266.171997070313,0,1
statepct,MAT,8,2009,PA,PC:P5,TOTAL,All students,290.861993408203,0,1
statepct,MAT,8,2009,PA,PC:P9,TOTAL,All students,332.507995605469,0,1
statepct,MAT,8,2011,MT,PC:P1,TOTAL,All students,246.767999267578,0,1
statepct,MAT,8,2011,MT,PC:P2,TOTAL,All students,272.613995361328,0,1
statepct,MAT,8,2011,MT,PC:P5,TOTAL,All students,295.527996826172,0,1
statepct,MAT,8,2011,MT,PC:P9,TOTAL,All students,334.765997314453,0,1
statepct,MAT,8,2011,NC,PC:P1,TOTAL,All students,240.571997070313,0,1
statepct,MAT,8,2011,NC,PC:P2,TOTAL,All students,262.188006591797,0,1
statepct,MAT,8,2011,NC,PC:P5,TOTAL,All students,286.913995361328,0,1
statepct,MAT,8,2011,NC,PC:P9,TOTAL,All students,332.470001220703,0,1
statepct,MAT,8,2011,ND,PC:P1,TOTAL,All students,251.810000610351,0,1
statepct,MAT,8,2011,ND,PC:P2,TOTAL,All students,272.676000976563,0,1
statepct,MAT,8,2011,ND,PC:P5,TOTAL,All students,293.290002441406,0,1
statepct,MAT,8,2011,ND,PC:P9,TOTAL,All students,330.222003173828,0,1
statepct,MAT,8,2011,NE,PC:P1,TOTAL,All students,240.055999755859,0,1
statepct,MAT,8,2011,NE,PC:P2,TOTAL,All students,261.479992675781,0,1
statepct,MAT,8,2011,NE,PC:P5,TOTAL,All students,284.315997314453,0,1
statepct,MAT,8,2011,NE,PC:P9,TOTAL,All students,326.038000488281,0,1
statepct,MAT,8,2011,NH,PC:P1,TOTAL,All students,247.435998535156,0,1
statepct,MAT,8,2011,NH,PC:P2,TOTAL,All students,270.655999755859,0,1
statepct,MAT,8,2011,NH,PC:P5,TOTAL,All students,293.70199584961,0,1
statepct,MAT,8,2011,NH,PC:P9,TOTAL,All students,334.570001220703,0,1
statepct,MAT,8,2011,NJ,PC:P1,TOTAL,All students,247.688000488281,0,1
statepct,MAT,8,2011,NJ,PC:P2,TOTAL,All students,271.6,0,1
statepct,MAT,8,2011,NJ,PC:P5,TOTAL,All students,296.281994628906,0,1
statepct,MAT,8,2011,NJ,PC:P9,TOTAL,All students,338.9080078125,0,1
statepct,MAT,8,2011,NM,PC:P1,TOTAL,All students,231.483996582031,0,1
statepct,MAT,8,2011,NM,PC:P2,TOTAL,All students,251.836001586914,0,1
statepct,MAT,8,2011,NM,PC:P5,TOTAL,All students,274.453997802734,0,1
statepct,MAT,8,2011,NM,PC:P9,TOTAL,All students,317.692004394531,0,1
statepct,MAT,8,2011,NV,PC:P1,TOTAL,All students,232.532000732422,0,1
statepct,MAT,8,2011,NV,PC:P2,TOTAL,All students,254.139999389649,0,1
statepct,MAT,8,2011,NV,PC:P5,TOTAL,All students,278.503997802734,0,1
statepct,MAT,8,2011,NV,PC:P9,TOTAL,All students,323.717999267578,0,1
statepct,MAT,8,2011,NY,PC:P1,TOTAL,All students,234.910000610352,0,1
statepct,MAT,8,2011,NY,PC:P2,TOTAL,All students,256.968005371094,0,1
statepct,MAT,8,2011,NY,PC:P5,TOTAL,All students,281.067993164063,0,1
statepct,MAT,8,2011,NY,PC:P9,TOTAL,All students,325.467999267578,0,1
statepct,MAT,8,2011,OH,PC:P1,TOTAL,All students,245.854000854492,0,1
statepct,MAT,8,2011,OH,PC:P2,TOTAL,All students,266.184002685547,0,1
statepct,MAT,8,2011,OH,PC:P5,TOTAL,All students,289.510003662109,0,1
statepct,MAT,8,2011,OH,PC:P9,TOTAL,All students,330.135998535156,0,1
statepct,MAT,8,2011,OK,PC:P1,TOTAL,All students,237.306002807617,0,1
statepct,MAT,8,2011,OK,PC:P2,TOTAL,All students,258.60599975586,0,1
statepct,MAT,8,2011,OK,PC:P5,TOTAL,All students,280.189996337891,0,1
statepct,MAT,8,2011,OK,PC:P9,TOTAL,All students,319.436004638672,0,1
statepct,MAT,8,2011,OR,PC:P1,TOTAL,All students,236.709997558594,0,1
statepct,MAT,8,2011,OR,PC:P2,TOTAL,All students,258.898004150391,0,1
statepct,MAT,8,2011,OR,PC:P5,TOTAL,All students,283.385998535156,0,1
statepct,MAT,8,2011,OR,PC:P9,TOTAL,All students,327.671997070313,0,1
statepct,MAT,8,2011,PA,PC:P1,TOTAL,All students,237.255999755859,0,1
statepct,MAT,8,2011,PA,PC:P2,TOTAL,All students,260.852008056641,0,1
statepct,MAT,8,2011,PA,PC:P5,TOTAL,All students,288.222003173828,0,1
statepct,MAT,8,2011,PA,PC:P9,TOTAL,All students,332.165997314453,0,1
statepct,MAT,8,2013,MT,PC:P1,TOTAL,All students,245.958501434326,0,1
statepct,MAT,8,2013,MT,PC:P2,TOTAL,All students,267.886499023438,0,1
statepct,MAT,8,2013,MT,PC:P5,TOTAL,All students,290.64349975586,0,1
statepct,MAT,8,2013,MT,PC:P9,TOTAL,All students,330.868496704102,0,1
statepct,MAT,8,2013,NC,PC:P1,TOTAL,All students,239.086501312256,0,1
statepct,MAT,8,2013,NC,PC:P2,TOTAL,All students,261.948004150391,0,1
statepct,MAT,8,2013,NC,PC:P5,TOTAL,All students,286.086499023438,0,1
statepct,MAT,8,2013,NC,PC:P9,TOTAL,All students,331.776502990723,0,1
statepct,MAT,8,2013,ND,PC:P1,TOTAL,All students,249.067499542236,0,1
statepct,MAT,8,2013,ND,PC:P2,TOTAL,All students,269.986499023438,0,1
statepct,MAT,8,2013,ND,PC:P5,TOTAL,All students,291.638000488281,0,1
statepct,MAT,8,2013,ND,PC:P9,TOTAL,All students,330.467004394531,0,1
statepct,MAT,8,2013,NE,PC:P1,TOTAL,All students,239.578997802735,0,1
statepct,MAT,8,2013,NE,PC:P2,TOTAL,All students,263.554496765137,0,1
statepct,MAT,8,2013,NE,PC:P5,TOTAL,All students,287.054002380371,0,1
statepct,MAT,8,2013,NE,PC:P9,TOTAL,All students,327.238502502441,0,1
statepct,MAT,8,2013,NH,PC:P1,TOTAL,All students,252.40950012207,0,1
statepct,MAT,8,2013,NH,PC:P2,TOTAL,All students,273.368000793457,0,1
statepct,MAT,8,2013,NH,PC:P5,TOTAL,All students,296.221998596192,0,1
statepct,MAT,8,2013,NH,PC:P9,TOTAL,All students,338.367500305176,0,1
statepct,MAT,8,2013,NJ,PC:P1,TOTAL,All students,247.905000305176,0,1
statepct,MAT,8,2013,NJ,PC:P2,TOTAL,All students,272.206999206543,0,1
statepct,MAT,8,2013,NJ,PC:P5,TOTAL,All students,298.038000488281,0,1
statepct,MAT,8,2013,NJ,PC:P9,TOTAL,All students,341.76499786377,0,1
statepct,MAT,8,2013,NM,PC:P1,TOTAL,All students,227.959000396729,0,1
statepct,MAT,8,2013,NM,PC:P2,TOTAL,All students,249.942999267578,0,1
statepct,MAT,8,2013,NM,PC:P5,TOTAL,All students,272.578999328613,0,1
statepct,MAT,8,2013,NM,PC:P9,TOTAL,All students,317.676496887207,0,1
statepct,MAT,8,2013,NV,PC:P1,TOTAL,All students,233.399002075195,0,1
statepct,MAT,8,2013,NV,PC:P2,TOTAL,All students,255.221002197266,0,1
statepct,MAT,8,2013,NV,PC:P5,TOTAL,All students,278.900001525879,0,1
statepct,MAT,8,2013,NV,PC:P9,TOTAL,All students,322.628503417969,0,1
statepct,MAT,8,2013,NY,PC:P1,TOTAL,All students,234.46549911499,0,1
statepct,MAT,8,2013,NY,PC:P2,TOTAL,All students,258.145501708984,0,1
statepct,MAT,8,2013,NY,PC:P5,TOTAL,All students,282.658502197266,0,1
statepct,MAT,8,2013,NY,PC:P9,TOTAL,All students,328.169497680664,0,1
statepct,MAT,8,2013,OH,PC:P1,TOTAL,All students,243.524498748779,0,1
statepct,MAT,8,2013,OH,PC:P2,TOTAL,All students,266.568499755859,0,1
statepct,MAT,8,2013,OH,PC:P5,TOTAL,All students,290.444499206543,0,1
statepct,MAT,8,2013,OH,PC:P9,TOTAL,All students,334.261000061035,0,1
statepct,MAT,8,2013,OK,PC:P1,TOTAL,All students,230.58450088501,0,1
statepct,MAT,8,2013,OK,PC:P2,TOTAL,All students,254.699999237061,0,1
statepct,MAT,8,2013,OK,PC:P5,TOTAL,All students,276.96900177002,0,1
statepct,MAT,8,2013,OK,PC:P9,TOTAL,All students,318.046000671387,0,1
statepct,MAT,8,2013,OR,PC:P1,TOTAL,All students,236.304499816895,0,1
statepct,MAT,8,2013,OR,PC:P2,TOTAL,All students,259.920999145508,0,1
statepct,MAT,8,2013,OR,PC:P5,TOTAL,All students,284.78450012207,0,1
statepct,MAT,8,2013,OR,PC:P9,TOTAL,All students,329.181500244141,0,1
statepct,MAT,8,2013,PA,PC:P1,TOTAL,All students,242.651499938965,0,1
statepct,MAT,8,2013,PA,PC:P2,TOTAL,All students,266.395001220703,0,1
statepct,MAT,8,2013,PA,PC:P5,TOTAL,All students,291.773002624512,0,1
statepct,MAT,8,2013,PA,PC:P9,TOTAL,All students,333.259498596191,0,1
statepct,MAT,8,2015,MT,PC:P1,TOTAL,All students,243.80950088501,0,1
statepct,MAT,8,2015,MT,PC:P2,TOTAL,All students,266.129499816895,0,1
statepct,MAT,8,2015,MT,PC:P5,TOTAL,All students,289.475997924805,0,1
statepct,MAT,8,2015,MT,PC:P9,TOTAL,All students,329.214503479004,0,1
statepct,MAT,8,2015,NC,PC:P1,TOTAL,All students,232.237999725342,0,1
statepct,MAT,8,2015,NC,PC:P2,TOTAL,All students,255.383000183105,0,1
statepct,MAT,8,2015,NC,PC:P5,TOTAL,All students,282.04750213623,0,1
statepct,MAT,8,2015,NC,PC:P9,TOTAL,All students,330.548999023438,0,1
statepct,MAT,8,2015,ND,PC:P1,TOTAL,All students,246.21600189209,0,1
statepct,MAT,8,2015,ND,PC:P2,TOTAL,All students,268.080999755859,0,1
statepct,MAT,8,2015,ND,PC:P5,TOTAL,All students,290.304499816895,0,1
statepct,MAT,8,2015,ND,PC:P9,TOTAL,All students,328.392498779297,0,1
statepct,MAT,8,2015,NE,PC:P1,TOTAL,All students,240.854500579834,0,1
statepct,MAT,8,2015,NE,PC:P2,TOTAL,All students,264.878999328613,0,1
statepct,MAT,8,2015,NE,PC:P5,TOTAL,All students,288.461500549316,0,1
statepct,MAT,8,2015,NE,PC:P9,TOTAL,All students,329.329501342774,0,1
statepct,MAT,8,2015,NH,PC:P1,TOTAL,All students,250.721998596191,0,1
statepct,MAT,8,2015,NH,PC:P2,TOTAL,All students,273.004499816894,0,1
statepct,MAT,8,2015,NH,PC:P5,TOTAL,All students,295.857998657227,0,1
statepct,MAT,8,2015,NH,PC:P9,TOTAL,All students,337.135502624512,0,1
statepct,MAT,8,2015,NJ,PC:P1,TOTAL,All students,239.072500610352,0,1
statepct,MAT,8,2015,NJ,PC:P2,TOTAL,All students,267.470501708985,0,1
statepct,MAT,8,2015,NJ,PC:P5,TOTAL,All students,295.20849609375,0,1
statepct,MAT,8,2015,NJ,PC:P9,TOTAL,All students,344.522497558594,0,1
statepct,MAT,8,2015,NM,PC:P1,TOTAL,All students,226.973500061035,0,1
statepct,MAT,8,2015,NM,PC:P2,TOTAL,All students,248.788500976562,0,1
statepct,MAT,8,2015,NM,PC:P5,TOTAL,All students,271.511499023438,0,1
statepct,MAT,8,2015,NM,PC:P9,TOTAL,All students,314.617999267578,0,1
statepct,MAT,8,2015,NV,PC:P1,TOTAL,All students,228.602000427246,0,1
statepct,MAT,8,2015,NV,PC:P2,TOTAL,All students,251.103499603271,0,1
statepct,MAT,8,2015,NV,PC:P5,TOTAL,All students,275.486502075195,0,1
statepct,MAT,8,2015,NV,PC:P9,TOTAL,All students,321.841000366211,0,1
statepct,MAT,8,2015,NY,PC:P1,TOTAL,All students,232.561499023438,0,1
statepct,MAT,8,2015,NY,PC:P2,TOTAL,All students,255.806998443603,0,1
statepct,MAT,8,2015,NY,PC:P5,TOTAL,All students,280.515000915527,0,1
statepct,MAT,8,2015,NY,PC:P9,TOTAL,All students,326.857000732422,0,1
statepct,MAT,8,2015,OH,PC:P1,TOTAL,All students,238.633499145508,0,1
statepct,MAT,8,2015,OH,PC:P2,TOTAL,All students,262.251501464844,0,1
statepct,MAT,8,2015,OH,PC:P5,TOTAL,All students,285.846002197266,0,1
statepct,MAT,8,2015,OH,PC:P9,TOTAL,All students,330.257995605469,0,1
statepct,MAT,8,2015,OK,PC:P1,TOTAL,All students,232.776000213623,0,1
statepct,MAT,8,2015,OK,PC:P2,TOTAL,All students,254.009499359131,0,1
statepct,MAT,8,2015,OK,PC:P5,TOTAL,All students,276.083003234863,0,1
statepct,MAT,8,2015,OK,PC:P9,TOTAL,All students,315.012997436524,0,1
statepct,MAT,8,2015,OR,PC:P1,TOTAL,All students,237.38099975586,0,1
statepct,MAT,8,2015,OR,PC:P2,TOTAL,All students,259.357499694824,0,1
statepct,MAT,8,2015,OR,PC:P5,TOTAL,All students,283.513499450684,0,1
statepct,MAT,8,2015,OR,PC:P9,TOTAL,All students,327.232000732422,0,1
statepct,MAT,8,2015,PA,PC:P1,TOTAL,All students,232.40299987793,0,1
statepct,MAT,8,2015,PA,PC:P2,TOTAL,All students,257.865002441406,0,1
statepct,MAT,8,2015,PA,PC:P5,TOTAL,All students,284.957005310059,0,1
statepct,MAT,8,2015,PA,PC:P9,TOTAL,All students,331.934503173828,0,1
statepct,MAT,8,2017,MT,PC:P1,TOTAL,All students,239.101001739502,0,1
statepct,MAT,8,2017,MT,PC:P2,TOTAL,All students,263.248001098633,0,1
statepct,MAT,8,2017,MT,PC:P5,TOTAL,All students,288.244998168945,0,1
statepct,MAT,8,2017,MT,PC:P9,TOTAL,All students,329.110998535156,0,1
statepct,MAT,8,2017,NC,PC:P1,TOTAL,All students,228.518501281738,0,1
statepct,MAT,8,2017,NC,PC:P2,TOTAL,All students,253.272999572754,0,1
statepct,MAT,8,2017,NC,PC:P5,TOTAL,All students,282.26600189209,0,1
statepct,MAT,8,2017,NC,PC:P9,TOTAL,All students,335.005500793457,0,1
statepct,MAT,8,2017,ND,PC:P1,TOTAL,All students,242.169999694824,0,1
statepct,MAT,8,2017,ND,PC:P2,TOTAL,All students,265.464996337891,0,1
statepct,MAT,8,2017,ND,PC:P5,TOTAL,All students,289.857499694824,0,1
statepct,MAT,8,2017,ND,PC:P9,TOTAL,All students,331.651501464844,0,1
statepct,MAT,8,2017,NE,PC:P1,TOTAL,All students,238.821999359131,0,1
statepct,MAT,8,2017,NE,PC:P2,TOTAL,All students,263.63450012207,0,1
statepct,MAT,8,2017,NE,PC:P5,TOTAL,All students,290.304000854492,0,1
statepct,MAT,8,2017,NE,PC:P9,TOTAL,All students,335.118504333496,0,1
statepct,MAT,8,2017,NH,PC:P1,TOTAL,All students,246.238000488281,0,1
statepct,MAT,8,2017,NH,PC:P2,TOTAL,All students,269.967497253418,0,1
statepct,MAT,8,2017,NH,PC:P5,TOTAL,All students,294.802499389648,0,1
statepct,MAT,8,2017,NH,PC:P9,TOTAL,All students,337.903001403809,0,1
statepct,MAT,8,2017,NJ,PC:P1,TOTAL,All students,238.261501312256,0,1
statepct,MAT,8,2017,NJ,PC:P2,TOTAL,All students,263.834503173828,0,1
statepct,MAT,8,2017,NJ,PC:P5,TOTAL,All students,292.29750213623,0,1
statepct,MAT,8,2017,NJ,PC:P9,TOTAL,All students,343.760998535156,0,1
statepct,MAT,8,2017,NM,PC:P1,TOTAL,All students,223.525998687744,0,1
statepct,MAT,8,2017,NM,PC:P2,TOTAL,All students,244.651499938965,0,1
statepct,MAT,8,2017,NM,PC:P5,TOTAL,All students,268.969998168945,0,1
statepct,MAT,8,2017,NM,PC:P9,TOTAL,All students,316.280998229981,0,1
statepct,MAT,8,2017,NV,PC:P1,TOTAL,All students,227.548499298096,0,1
statepct,MAT,8,2017,NV,PC:P2,TOTAL,All students,248.76300201416,0,1
statepct,MAT,8,2017,NV,PC:P5,TOTAL,All students,274.490498352051,0,1
statepct,MAT,8,2017,NV,PC:P9,TOTAL,All students,325.027500915528,0,1
statepct,MAT,8,2017,NY,PC:P1,TOTAL,All students,230.691999816895,0,1
statepct,MAT,8,2017,NY,PC:P2,TOTAL,All students,253.971499633789,0,1
statepct,MAT,8,2017,NY,PC:P5,TOTAL,All students,281.233497619629,0,1
statepct,MAT,8,2017,NY,PC:P9,TOTAL,All students,333.506999206543,0,1
statepct,MAT,8,2017,OH,PC:P1,TOTAL,All students,234.870999145508,0,1
statepct,MAT,8,2017,OH,PC:P2,TOTAL,All students,260.412001037598,0,1
statepct,MAT,8,2017,OH,PC:P5,TOTAL,All students,288.414503479004,0,1
statepct,MAT,8,2017,OH,PC:P9,TOTAL,All students,337.981996154785,0,1
statepct,MAT,8,2017,OK,PC:P1,TOTAL,All students,230.497499084473,0,1
statepct,MAT,8,2017,OK,PC:P2,TOTAL,All students,251.359997558594,0,1
statepct,MAT,8,2017,OK,PC:P5,TOTAL,All students,274.746000671387,0,1
statepct,MAT,8,2017,OK,PC:P9,TOTAL,All students,319.25050201416,0,1
statepct,MAT,8,2017,OR,PC:P1,TOTAL,All students,233.109999084473,0,1
statepct,MAT,8,2017,OR,PC:P2,TOTAL,All students,255.780999755859,0,1
statepct,MAT,8,2017,OR,PC:P5,TOTAL,All students,282.35650177002,0,1
statepct,MAT,8,2017,OR,PC:P9,TOTAL,All students,331.472999572754,0,1
statepct,MAT,8,2017,PA,PC:P1,TOTAL,All students,235.74400100708,0,1
statepct,MAT,8,2017,PA,PC:P2,TOTAL,All students,259.287001037598,0,1
statepct,MAT,8,2017,PA,PC:P5,TOTAL,All students,287.05050201416,0,1
statepct,MAT,8,2017,PA,PC:P9,TOTAL,All students,336.094998168945,0,1
statepct,MAT,8,2019,MT,PC:P1,TOTAL,All students,234.358501434326,0,1
statepct,MAT,8,2019,MT,PC:P2,TOTAL,All students,259.477000427246,0,1
statepct,MAT,8,2019,MT,PC:P5,TOTAL,All students,285.093002319336,0,1
statepct,MAT,8,2019,MT,PC:P9,TOTAL,All students,331.442498779297,0,1
statepct,MAT,8,2019,NC,PC:P1,TOTAL,All students,231.371001434326,0,1
statepct,MAT,8,2019,NC,PC:P2,TOTAL,All students,256.501496124268,0,1
statepct,MAT,8,2019,NC,PC:P5,TOTAL,All students,284.970497131348,0,1
statepct,MAT,8,2019,NC,PC:P9,TOTAL,All students,335.291000366211,0,1
statepct,MAT,8,2019,ND,PC:P1,TOTAL,All students,237.938001251221,0,1
statepct,MAT,8,2019,ND,PC:P2,TOTAL,All students,262.550997924805,0,1
statepct,MAT,8,2019,ND,PC:P5,TOTAL,All students,287.562498474121,0,1
statepct,MAT,8,2019,ND,PC:P9,TOTAL,All students,330.146502685547,0,1
statepct,MAT,8,2019,NE,PC:P1,TOTAL,All students,235.56549911499,0,1
statepct,MAT,8,2019,NE,PC:P2,TOTAL,All students,260.916502380371,0,1
statepct,MAT,8,2019,NE,PC:P5,TOTAL,All students,287.080499267578,0,1
statepct,MAT,8,2019,NE,PC:P9,TOTAL,All students,331.358001708984,0,1
statepct,MAT,8,2019,NH,PC:P1,TOTAL,All students,239.729499053955,0,1
statepct,MAT,8,2019,NH,PC:P2,TOTAL,All students,263.804501342774,0,1
statepct,MAT,8,2019,NH,PC:P5,TOTAL,All students,288.563000488281,0,1
statepct,MAT,8,2019,NH,PC:P9,TOTAL,All students,332.319000244141,0,1
statepct,MAT,8,2019,NJ,PC:P1,TOTAL,All students,235.225500488281,0,1
statepct,MAT,8,2019,NJ,PC:P2,TOTAL,All students,263.292001342773,0,1
statepct,MAT,8,2019,NJ,PC:P5,TOTAL,All students,292.454998779297,0,1
statepct,MAT,8,2019,NJ,PC:P9,TOTAL,All students,347.508996582031,0,1
statepct,MAT,8,2019,NM,PC:P1,TOTAL,All students,222.284001159668,0,1
statepct,MAT,8,2019,NM,PC:P2,TOTAL,All students,243.594499206543,0,1
statepct,MAT,8,2019,NM,PC:P5,TOTAL,All students,268.006996154785,0,1
statepct,MAT,8,2019,NM,PC:P9,TOTAL,All students,316.200498962402,0,1
statepct,MAT,8,2019,NV,PC:P1,TOTAL,All students,223.932499694824,0,1
statepct,MAT,8,2019,NV,PC:P2,TOTAL,All students,247.108499908447,0,1
statepct,MAT,8,2019,NV,PC:P5,TOTAL,All students,273.669500732422,0,1
statepct,MAT,8,2019,NV,PC:P9,TOTAL,All students,324.525,0,1
statepct,MAT,8,2019,NY,PC:P1,TOTAL,All students,225.851499938965,0,1
statepct,MAT,8,2019,NY,PC:P2,TOTAL,All students,250.50249786377,0,1
statepct,MAT,8,2019,NY,PC:P5,TOTAL,All students,280.070500183105,0,1
statepct,MAT,8,2019,NY,PC:P9,TOTAL,All students,335.892004394531,0,1
statepct,MAT,8,2019,OH,PC:P1,TOTAL,All students,234.18099899292,0,1
statepct,MAT,8,2019,OH,PC:P2,TOTAL,All students,259.885000610352,0,1
statepct,MAT,8,2019,OH,PC:P5,TOTAL,All students,286.695500183106,0,1
statepct,MAT,8,2019,OH,PC:P9,TOTAL,All students,335.659997558594,0,1
statepct,MAT,8,2019,OK,PC:P1,TOTAL,All students,232.208499145508,0,1
statepct,MAT,8,2019,OK,PC:P2,TOTAL,All students,253.193997192383,0,1
statepct,MAT,8,2019,OK,PC:P5,TOTAL,All students,276.269000244141,0,1
statepct,MAT,8,2019,OK,PC:P9,TOTAL,All students,321.373999023438,0,1
statepct,MAT,8,2019,OR,PC:P1,TOTAL,All students,227.454499816895,0,1
statepct,MAT,8,2019,OR,PC:P2,TOTAL,All students,252.802499389648,0,1
statepct,MAT,8,2019,OR,PC:P5,TOTAL,All students,279.018000793457,0,1
statepct,MAT,8,2019,OR,PC:P9,TOTAL,All students,331.956500244141,0,1
statepct,MAT,8,2019,PA,PC:P1,TOTAL,All students,229.222499084473,0,1
statepct,MAT,8,2019,PA,PC:P2,TOTAL,All students,256.039998626709,0,1
statepct,MAT,8,2019,PA,PC:P5,TOTAL,All students,286.36849975586,0,1
statepct,MAT,8,2019,PA,PC:P9,TOTAL,All students,338.316996765137,0,1
statepct,MAT,8,2022,MT,PC:P1,TOTAL,All students,230.423999786377,0,1
statepct,MAT,8,2022,MT,PC:P2,TOTAL,All students,254.080999755859,0,1
statepct,MAT,8,2022,MT,PC:P5,TOTAL,All students,279.127499389649,0,1
statepct,MAT,8,2022,MT,PC:P9,TOTAL,All students,321.922996520996,0,1
statepct,MAT,8,2022,NC,PC:P1,TOTAL,All students,225.546500396729,0,1
statepct,MAT,8,2022,NC,PC:P2,TOTAL,All students,247.791999816895,0,1
statepct,MAT,8,2022,NC,PC:P5,TOTAL,All students,273.436999511719,0,1
statepct,MAT,8,2022,NC,PC:P9,TOTAL,All students,322.3179977417,0,1
statepct,MAT,8,2022,ND,PC:P1,TOTAL,All students,233.467000579834,0,1
statepct,MAT,8,2022,ND,PC:P2,TOTAL,All students,255.006500244141,0,1
statepct,MAT,8,2022,ND,PC:P5,TOTAL,All students,279.020498657227,0,1
statepct,MAT,8,2022,ND,PC:P9,TOTAL,All students,321.563499450684,0,1
statepct,MAT,8,2022,NE,PC:P1,TOTAL,All students,228.644500732422,0,1
statepct,MAT,8,2022,NE,PC:P2,TOTAL,All students,254.321499633789,0,1
statepct,MAT,8,2022,NE,PC:P5,TOTAL,All students,280.314001464844,0,1
statepct,MAT,8,2022,NE,PC:P9,TOTAL,All students,327.571002197266,0,1
statepct,MAT,8,2022,NH,PC:P1,TOTAL,All students,230.828999328613,0,1
statepct,MAT,8,2022,NH,PC:P2,TOTAL,All students,256.047997283936,0,1
statepct,MAT,8,2022,NH,PC:P5,TOTAL,All students,279.961999511719,0,1
statepct,MAT,8,2022,NH,PC:P9,TOTAL,All students,323.59649810791,0,1
statepct,MAT,8,2022,NJ,PC:P1,TOTAL,All students,226.979001617432,0,1
statepct,MAT,8,2022,NJ,PC:P2,TOTAL,All students,251.946501159668,0,1
statepct,MAT,8,2022,NJ,PC:P5,TOTAL,All students,280.752499389649,0,1
statepct,MAT,8,2022,NJ,PC:P9,TOTAL,All students,334.361499023437,0,1
statepct,MAT,8,2022,NM,PC:P1,TOTAL,All students,215.125999450684,0,1
statepct,MAT,8,2022,NM,PC:P2,TOTAL,All students,235.195500183105,0,1
statepct,MAT,8,2022,NM,PC:P5,TOTAL,All students,257.911001586914,0,1
statepct,MAT,8,2022,NM,PC:P9,TOTAL,All students,304.026501464844,0,1
statepct,MAT,8,2022,NV,PC:P1,TOTAL,All students,222.152499389648,0,1
statepct,MAT,8,2022,NV,PC:P2,TOTAL,All students,243.360501098633,0,1
statepct,MAT,8,2022,NV,PC:P5,TOTAL,All students,268.002003479004,0,1
statepct,MAT,8,2022,NV,PC:P9,TOTAL,All students,318.347499084473,0,1
statepct,MAT,8,2022,NY,PC:P1,TOTAL,All students,220.69649887085,0,1
statepct,MAT,8,2022,NY,PC:P2,TOTAL,All students,244.52200088501,0,1
statepct,MAT,8,2022,NY,PC:P5,TOTAL,All students,273.048500061035,0,1
statepct,MAT,8,2022,NY,PC:P9,TOTAL,All students,330.800498962402,0,1
statepct,MAT,8,2022,OH,PC:P1,TOTAL,All students,224.487499237061,0,1
statepct,MAT,8,2022,OH,PC:P2,TOTAL,All students,249.071499633789,0,1
statepct,MAT,8,2022,OH,PC:P5,TOTAL,All students,277.193502807617,0,1
statepct,MAT,8,2022,OH,PC:P9,TOTAL,All students,325.816999816895,0,1
statepct,MAT,8,2022,OK,PC:P1,TOTAL,All students,218.672002410889,0,1
statepct,MAT,8,2022,OK,PC:P2,TOTAL,All students,240.485500335693,0,1
statepct,MAT,8,2022,OK,PC:P5,TOTAL,All students,263.713998413086,0,1
statepct,MAT,8,2022,OK,PC:P9,TOTAL,All students,309.527500915528,0,1
statepct,MAT,8,2022,OR,PC:P1,TOTAL,All students,223.665000152588,0,1
statepct,MAT,8,2022,OR,PC:P2,TOTAL,All students,244.567000579834,0,1
statepct,MAT,8,2022,OR,PC:P5,TOTAL,All students,268.931002807617,0,1
statepct,MAT,8,2022,OR,PC:P9,TOTAL,All students,318.83049621582,0,1
statepct,MAT,8,2022,PA,PC:P1,TOTAL,All students,223.344499206543,0,1
statepct,MAT,8,2022,PA,PC:P2,TOTAL,All students,246.869499969482,0,1
statepct,MAT,8,2022,PA,PC:P5,TOTAL,All students,274.537498474121,0,1
statepct,MAT,8,2022,PA,PC:P9,TOTAL,All students,324.158499145508,0,1
statepct,MAT,8,2024,MT,PC:P1,TOTAL,All students,225.764001464844,0,1
statepct,MAT,8,2024,MT,PC:P2,TOTAL,All students,253.688498687744,0,1
statepct,MAT,8,2024,MT,PC:P5,TOTAL,All students,281.05950012207,0,1
statepct,MAT,8,2024,MT,PC:P9,TOTAL,All students,327.976000976563,0,1
statepct,MAT,8,2024,NC,PC:P1,TOTAL,All students,217.537500762939,0,1
statepct,MAT,8,2024,NC,PC:P2,TOTAL,All students,245.345000457764,0,1
statepct,MAT,8,2024,NC,PC:P5,TOTAL,All students,276.680500793457,0,1
statepct,MAT,8,2024,NC,PC:P9,TOTAL,All students,331.465002441406,0,1
statepct,MAT,8,2024,ND,PC:P1,TOTAL,All students,235.083500671387,0,1
statepct,MAT,8,2024,ND,PC:P2,TOTAL,All students,257.97099609375,0,1
statepct,MAT,8,2024,ND,PC:P5,TOTAL,All students,280.549996948242,0,1
statepct,MAT,8,2024,ND,PC:P9,TOTAL,All students,323.148999023438,0,1
statepct,MAT,8,2024,NE,PC:P1,TOTAL,All students,226.463999938965,0,1
statepct,MAT,8,2024,NE,PC:P2,TOTAL,All students,254.042999267578,0,1
statepct,MAT,8,2024,NE,PC:P5,TOTAL,All students,282.041998291016,0,1
statepct,MAT,8,2024,NE,PC:P9,TOTAL,All students,328.937998962403,0,1
statepct,MAT,8,2024,NH,PC:P1,TOTAL,All students,228.703498077393,0,1
statepct,MAT,8,2024,NH,PC:P2,TOTAL,All students,254.7125,0,1
statepct,MAT,8,2024,NH,PC:P5,TOTAL,All students,281.882501220703,0,1
statepct,MAT,8,2024,NH,PC:P9,TOTAL,All students,327.167501831055,0,1
statepct,MAT,8,2024,NJ,PC:P1,TOTAL,All students,221.938000488281,0,1
statepct,MAT,8,2024,NJ,PC:P2,TOTAL,All students,248.749999237061,0,1
statepct,MAT,8,2024,NJ,PC:P5,TOTAL,All students,281.870498657227,0,1
statepct,MAT,8,2024,NJ,PC:P9,TOTAL,All students,340.571501159668,0,1
statepct,MAT,8,2024,NM,PC:P1,TOTAL,All students,208.371499633789,0,1
statepct,MAT,8,2024,NM,PC:P2,TOTAL,All students,229.736999511719,0,1
statepct,MAT,8,2024,NM,PC:P5,TOTAL,All students,254.326999664307,0,1
statepct,MAT,8,2024,NM,PC:P9,TOTAL,All students,307.759501647949,0,1
statepct,MAT,8,2024,NV,PC:P1,TOTAL,All students,215.072497558594,0,1
statepct,MAT,8,2024,NV,PC:P2,TOTAL,All students,237.178500366211,0,1
statepct,MAT,8,2024,NV,PC:P5,TOTAL,All students,263.626499938965,0,1
statepct,MAT,8,2024,NV,PC:P9,TOTAL,All students,318.172499084473,0,1
statepct,MAT,8,2024,NY,PC:P1,TOTAL,All students,215.391000366211,0,1
statepct,MAT,8,2024,NY,PC:P2,TOTAL,All students,240.464501190186,0,1
statepct,MAT,8,2024,NY,PC:P5,TOTAL,All students,270.676998901367,0,1
statepct,MAT,8,2024,NY,PC:P9,TOTAL,All students,327.837001037598,0,1
statepct,MAT,8,2024,OH,PC:P1,TOTAL,All students,224.757499694824,0,1
statepct,MAT,8,2024,OH,PC:P2,TOTAL,All students,250.343000030518,0,1
statepct,MAT,8,2024,OH,PC:P5,TOTAL,All students,279.123999023438,0,1
statepct,MAT,8,2024,OH,PC:P9,TOTAL,All students,332.503002929688,0,1
statepct,MAT,8,2024,OK,PC:P1,TOTAL,All students,216.956499481201,0,1
statepct,MAT,8,2024,OK,PC:P2,TOTAL,All students,239.270500183106,0,1
statepct,MAT,8,2024,OK,PC:P5,TOTAL,All students,264.82600402832,0,1
statepct,MAT,8,2024,OK,PC:P9,TOTAL,All students,312.449003601074,0,1
statepct,MAT,8,2024,OR,PC:P1,TOTAL,All students,213.225501251221,0,1
statepct,MAT,8,2024,OR,PC:P2,TOTAL,All students,238.699498748779,0,1
statepct,MAT,8,2024,OR,PC:P5,TOTAL,All students,267.585000610352,0,1
statepct,MAT,8,2024,OR,PC:P9,TOTAL,All students,322.770495605469,0,1
statepct,MAT,8,2024,PA,PC:P1,TOTAL,All students,217.172499084473,0,1
statepct,MAT,8,2024,PA,PC:P2,TOTAL,All students,246.093997955322,0,1
statepct,MAT,8,2024,PA,PC:P5,TOTAL,All students,277.502500915527,0,1
statepct,MAT,8,2024,PA,PC:P9,TOTAL,All students,333.278497314453,0,1
statepct,MAT,8,2003,RI,PC:P1,TOTAL,All students,223.795999145508,0,1
statepct,MAT,8,2003,RI,PC:P2,TOTAL,All students,248.389999389648,0,1
statepct,MAT,8,2003,RI,PC:P5,TOTAL,All students,274.167999267578,0,1
statepct,MAT,8,2003,RI,PC:P9,TOTAL,All students,316.452001953125,0,1
statepct,MAT,8,2003,SC,PC:P1,TOTAL,All students,234.080001831055,0,1
statepct,MAT,8,2003,SC,PC:P2,TOTAL,All students,255.124005126953,0,1
statepct,MAT,8,2003,SC,PC:P5,TOTAL,All students,277.635998535156,0,1
statepct,MAT,8,2003,SC,PC:P9,TOTAL,All students,320.423999023438,0,1
statepct,MAT,8,2003,SD,PC:P1,TOTAL,All students,244.066000366211,0,1
statepct,MAT,8,2003,SD,PC:P2,TOTAL,All students,265.579998779297,0,1
statepct,MAT,8,2003,SD,PC:P5,TOTAL,All students,287.261999511719,0,1
statepct,MAT,8,2003,SD,PC:P9,TOTAL,All students,322.823999023438,0,1
statepct,MAT,8,2003,TN,PC:P1,TOTAL,All students,218.490002441406,0,1
statepct,MAT,8,2003,TN,PC:P2,TOTAL,All students,244.218002319336,0,1
statepct,MAT,8,2003,TN,PC:P5,TOTAL,All students,270.1080078125,0,1
statepct,MAT,8,2003,TN,PC:P9,TOTAL,All students,314.526000976562,0,1
statepct,MAT,8,2003,TX,PC:P1,TOTAL,All students,235.826000976562,0,1
statepct,MAT,8,2003,TX,PC:P2,TOTAL,All students,255.979995727539,0,1
statepct,MAT,8,2003,TX,PC:P5,TOTAL,All students,277.138000488281,0,1
statepct,MAT,8,2003,TX,PC:P9,TOTAL,All students,318.7,0,1
statepct,MAT,8,2003,UT,PC:P1,TOTAL,All students,234.500003051758,0,1
statepct,MAT,8,2003,UT,PC:P2,TOTAL,All students,258.076007080078,0,1
statepct,MAT,8,2003,UT,PC:P5,TOTAL,All students,282.228002929688,0,1
statepct,MAT,8,2003,UT,PC:P9,TOTAL,All students,324.214001464844,0,1
statepct,MAT,8,2003,VA,PC:P1,TOTAL,All students,238.160000610352,0,1
statepct,MAT,8,2003,VA,PC:P2,TOTAL,All students,259.40599975586,0,1
statepct,MAT,8,2003,VA,PC:P5,TOTAL,All students,282.367993164063,0,1
statepct,MAT,8,2003,VA,PC:P9,TOTAL,All students,324.74599609375,0,1
statepct,MAT,8,2003,VT,PC:P1,TOTAL,All students,243.008001708984,0,1
statepct,MAT,8,2003,VT,PC:P2,TOTAL,All students,264.346002197266,0,1
statepct,MAT,8,2003,VT,PC:P5,TOTAL,All students,286.794000244141,0,1
statepct,MAT,8,2003,VT,PC:P9,TOTAL,All students,327.021997070313,0,1
statepct,MAT,8,2003,WA,PC:P1,TOTAL,All students,233.954000854492,0,1
statepct,MAT,8,2003,WA,PC:P2,TOTAL,All students,258.590002441406,0,1
statepct,MAT,8,2003,WA,PC:P5,TOTAL,All students,283.229992675781,0,1
statepct,MAT,8,2003,WA,PC:P9,TOTAL,All students,324.849993896484,0,1
statepct,MAT,8,2003,WI,PC:P1,TOTAL,All students,236.785998535157,0,1
statepct,MAT,8,2003,WI,PC:P2,TOTAL,All students,262.178002929688,0,1
statepct,MAT,8,2003,WI,PC:P5,TOTAL,All students,286.281994628906,0,1
statepct,MAT,8,2003,WI,PC:P9,TOTAL,All students,326.275994873047,0,1
statepct,MAT,8,2003,WV,PC:P1,TOTAL,All students,229.445999145508,0,1
statepct,MAT,8,2003,WV,PC:P2,TOTAL,All students,250.383999633789,0,1
statepct,MAT,8,2003,WV,PC:P5,TOTAL,All students,271.750006103515,0,1
statepct,MAT,8,2003,WV,PC:P9,TOTAL,All students,311.298004150391,0,1
statepct,MAT,8,2003,WY,PC:P1,TOTAL,All students,242.707995605469,0,1
statepct,MAT,8,2003,WY,PC:P2,TOTAL,All students,263.635998535156,0,1
statepct,MAT,8,2003,WY,PC:P5,TOTAL,All students,285.223999023438,0,1
statepct,MAT,8,2003,WY,PC:P9,TOTAL,All students,322.065997314453,0,1
statepct,MAT,8,2005,RI,PC:P1,TOTAL,All students,225.697998046875,0,1
statepct,MAT,8,2005,RI,PC:P2,TOTAL,All students,249.723999023437,0,1
statepct,MAT,8,2005,RI,PC:P5,TOTAL,All students,273.946002197266,0,1
statepct,MAT,8,2005,RI,PC:P9,TOTAL,All students,316.934002685547,0,1
statepct,MAT,8,2005,SC,PC:P1,TOTAL,All students,238.142001342774,0,1
statepct,MAT,8,2005,SC,PC:P2,TOTAL,All students,258.184002685547,0,1
statepct,MAT,8,2005,SC,PC:P5,TOTAL,All students,281.189996337891,0,1
statepct,MAT,8,2005,SC,PC:P9,TOTAL,All students,325.497998046875,0,1
statepct,MAT,8,2005,SD,PC:P1,TOTAL,All students,246.397998046875,0,1
statepct,MAT,8,2005,SD,PC:P2,TOTAL,All students,268.162005615234,0,1
statepct,MAT,8,2005,SD,PC:P5,TOTAL,All students,288.679998779297,0,1
statepct,MAT,8,2005,SD,PC:P9,TOTAL,All students,326.229998779297,0,1
statepct,MAT,8,2005,TN,PC:P1,TOTAL,All students,225.808001708985,0,1
statepct,MAT,8,2005,TN,PC:P2,TOTAL,All students,247.668002319336,0,1
statepct,MAT,8,2005,TN,PC:P5,TOTAL,All students,271.555999755859,0,1
statepct,MAT,8,2005,TN,PC:P9,TOTAL,All students,313.876007080078,0,1
statepct,MAT,8,2005,TX,PC:P1,TOTAL,All students,236.090002441406,0,1
statepct,MAT,8,2005,TX,PC:P2,TOTAL,All students,258.788000488281,0,1
statepct,MAT,8,2005,TX,PC:P5,TOTAL,All students,282.122003173828,0,1
statepct,MAT,8,2005,TX,PC:P9,TOTAL,All students,324.653991699219,0,1
statepct,MAT,8,2005,UT,PC:P1,TOTAL,All students,233.195999145508,0,1
statepct,MAT,8,2005,UT,PC:P2,TOTAL,All students,257.520007324219,0,1
statepct,MAT,8,2005,UT,PC:P5,TOTAL,All students,280.746002197266,0,1
statepct,MAT,8,2005,UT,PC:P9,TOTAL,All students,321.639996337891,0,1
statepct,MAT,8,2005,VA,PC:P1,TOTAL,All students,241.365997314453,0,1
statepct,MAT,8,2005,VA,PC:P2,TOTAL,All students,261.654010009766,0,1
statepct,MAT,8,2005,VA,PC:P5,TOTAL,All students,283.855999755859,0,1
statepct,MAT,8,2005,VA,PC:P9,TOTAL,All students,328.553997802735,0,1
statepct,MAT,8,2005,VT,PC:P1,TOTAL,All students,243.033999633789,0,1
statepct,MAT,8,2005,VT,PC:P2,TOTAL,All students,264.929998779297,0,1
statepct,MAT,8,2005,VT,PC:P5,TOTAL,All students,288.428002929688,0,1
statepct,MAT,8,2005,VT,PC:P9,TOTAL,All students,330.847998046875,0,1
statepct,MAT,8,2005,WA,PC:P1,TOTAL,All students,237.050003051758,0,1
statepct,MAT,8,2005,WA,PC:P2,TOTAL,All students,262.243994140625,0,1
statepct,MAT,8,2005,WA,PC:P5,TOTAL,All students,286.534002685547,0,1
statepct,MAT,8,2005,WA,PC:P9,TOTAL,All students,330.832000732422,0,1
statepct,MAT,8,2005,WI,PC:P1,TOTAL,All students,239.161999511719,0,1
statepct,MAT,8,2005,WI,PC:P2,TOTAL,All students,263.334008789063,0,1
statepct,MAT,8,2005,WI,PC:P5,TOTAL,All students,286.808001708985,0,1
statepct,MAT,8,2005,WI,PC:P9,TOTAL,All students,326.572003173828,0,1
statepct,MAT,8,2005,WV,PC:P1,TOTAL,All students,228.020001220703,0,1
statepct,MAT,8,2005,WV,PC:P2,TOTAL,All students,248.717999267578,0,1
statepct,MAT,8,2005,WV,PC:P5,TOTAL,All students,269.947998046875,0,1
statepct,MAT,8,2005,WV,PC:P9,TOTAL,All students,309.803997802735,0,1
statepct,MAT,8,2005,WY,PC:P1,TOTAL,All students,243.111996459961,0,1
statepct,MAT,8,2005,WY,PC:P2,TOTAL,All students,263.4,0,1
statepct,MAT,8,2005,WY,PC:P5,TOTAL,All students,283.1,0,1
statepct,MAT,8,2005,WY,PC:P9,TOTAL,All students,319.164001464844,0,1
statepct,MAT,8,2007,RI,PC:P1,TOTAL,All students,226.816000366211,0,1
statepct,MAT,8,2007,RI,PC:P2,TOTAL,All students,250.846002197266,0,1
statepct,MAT,8,2007,RI,PC:P5,TOTAL,All students,277.122003173828,0,1
statepct,MAT,8,2007,RI,PC:P9,TOTAL,All students,321.820001220703,0,1
statepct,MAT,8,2007,SC,PC:P1,TOTAL,All students,236.794003295899,0,1
statepct,MAT,8,2007,SC,PC:P2,TOTAL,All students,257.80199584961,0,1
statepct,MAT,8,2007,SC,PC:P5,TOTAL,All students,281.35,0,1
statepct,MAT,8,2007,SC,PC:P9,TOTAL,All students,326.938000488281,0,1
statepct,MAT,8,2007,SD,PC:P1,TOTAL,All students,247.491998291016,0,1
statepct,MAT,8,2007,SD,PC:P2,TOTAL,All students,269.134002685547,0,1
statepct,MAT,8,2007,SD,PC:P5,TOTAL,All students,289.946002197266,0,1
statepct,MAT,8,2007,SD,PC:P9,TOTAL,All students,327.86000366211,0,1
statepct,MAT,8,2007,TN,PC:P1,TOTAL,All students,231.55,0,1
statepct,MAT,8,2007,TN,PC:P2,TOTAL,All students,251.826000976563,0,1
statepct,MAT,8,2007,TN,PC:P5,TOTAL,All students,274.122003173828,0,1
statepct,MAT,8,2007,TN,PC:P9,TOTAL,All students,316.60199584961,0,1
statepct,MAT,8,2007,TX,PC:P1,TOTAL,All students,244.694000244141,0,1
statepct,MAT,8,2007,TX,PC:P2,TOTAL,All students,265.071997070313,0,1
statepct,MAT,8,2007,TX,PC:P5,TOTAL,All students,286.749993896485,0,1
statepct,MAT,8,2007,TX,PC:P9,TOTAL,All students,326.814001464844,0,1
statepct,MAT,8,2007,UT,PC:P1,TOTAL,All students,232.965997314453,0,1
statepct,MAT,8,2007,UT,PC:P2,TOTAL,All students,258.265997314453,0,1
statepct,MAT,8,2007,UT,PC:P5,TOTAL,All students,283.839996337891,0,1
statepct,MAT,8,2007,UT,PC:P9,TOTAL,All students,324.708001708984,0,1
statepct,MAT,8,2007,VA,PC:P1,TOTAL,All students,244.229995727539,0,1
statepct,MAT,8,2007,VA,PC:P2,TOTAL,All students,264.315997314453,0,1
statepct,MAT,8,2007,VA,PC:P5,TOTAL,All students,288.068005371094,0,1
statepct,MAT,8,2007,VA,PC:P9,TOTAL,All students,331.167999267578,0,1
statepct,MAT,8,2007,VT,PC:P1,TOTAL,All students,247.886001586914,0,1
statepct,MAT,8,2007,VT,PC:P2,TOTAL,All students,268.940008544922,0,1
statepct,MAT,8,2007,VT,PC:P5,TOTAL,All students,291.673999023438,0,1
statepct,MAT,8,2007,VT,PC:P9,TOTAL,All students,333.544000244141,0,1
statepct,MAT,8,2007,WA,PC:P1,TOTAL,All students,236.434002685547,0,1
statepct,MAT,8,2007,WA,PC:P2,TOTAL,All students,261.935998535156,0,1
statepct,MAT,8,2007,WA,PC:P5,TOTAL,All students,286.664001464844,0,1
statepct,MAT,8,2007,WA,PC:P9,TOTAL,All students,331.144000244141,0,1
statepct,MAT,8,2007,WI,PC:P1,TOTAL,All students,238.673999023437,0,1
statepct,MAT,8,2007,WI,PC:P2,TOTAL,All students,263.284002685547,0,1
statepct,MAT,8,2007,WI,PC:P5,TOTAL,All students,287.642004394531,0,1
statepct,MAT,8,2007,WI,PC:P9,TOTAL,All students,329.232006835937,0,1
statepct,MAT,8,2007,WV,PC:P1,TOTAL,All students,228.463998413086,0,1
statepct,MAT,8,2007,WV,PC:P2,TOTAL,All students,249.260000610352,0,1
statepct,MAT,8,2007,WV,PC:P5,TOTAL,All students,271.042004394531,0,1
statepct,MAT,8,2007,WV,PC:P9,TOTAL,All students,310.846002197266,0,1
statepct,MAT,8,2007,WY,PC:P1,TOTAL,All students,245.776000976563,0,1
statepct,MAT,8,2007,WY,PC:P2,TOTAL,All students,267.187994384766,0,1
statepct,MAT,8,2007,WY,PC:P5,TOTAL,All students,288.15,0,1
statepct,MAT,8,2007,WY,PC:P9,TOTAL,All students,326.335998535156,0,1
statepct,MAT,8,2009,RI,PC:P1,TOTAL,All students,231.804000854492,0,1
statepct,MAT,8,2009,RI,PC:P2,TOTAL,All students,255.311996459961,0,1
statepct,MAT,8,2009,RI,PC:P5,TOTAL,All students,278.708001708984,0,1
statepct,MAT,8,2009,RI,PC:P9,TOTAL,All students,323.392004394531,0,1
statepct,MAT,8,2009,SC,PC:P1,TOTAL,All students,236.454000854492,0,1
statepct,MAT,8,2009,SC,PC:P2,TOTAL,All students,256.225994873047,0,1
statepct,MAT,8,2009,SC,PC:P5,TOTAL,All students,280.343994140625,0,1
statepct,MAT,8,2009,SC,PC:P9,TOTAL,All students,325.492004394531,0,1
statepct,MAT,8,2009,SD,PC:P1,TOTAL,All students,250.117999267578,0,1
statepct,MAT,8,2009,SD,PC:P2,TOTAL,All students,271.286004638672,0,1
statepct,MAT,8,2009,SD,PC:P5,TOTAL,All students,292.741998291016,0,1
statepct,MAT,8,2009,SD,PC:P9,TOTAL,All students,328.116003417969,0,1
statepct,MAT,8,2009,TN,PC:P1,TOTAL,All students,229.270004272461,0,1
statepct,MAT,8,2009,TN,PC:P2,TOTAL,All students,250.936001586914,0,1
statepct,MAT,8,2009,TN,PC:P5,TOTAL,All students,275.323999023438,0,1
statepct,MAT,8,2009,TN,PC:P9,TOTAL,All students,319.165997314453,0,1
statepct,MAT,8,2009,TX,PC:P1,TOTAL,All students,243.555999755859,0,1
statepct,MAT,8,2009,TX,PC:P2,TOTAL,All students,265.039996337891,0,1
statepct,MAT,8,2009,TX,PC:P5,TOTAL,All students,286.974005126953,0,1
statepct,MAT,8,2009,TX,PC:P9,TOTAL,All students,329.707995605469,0,1
statepct,MAT,8,2009,UT,PC:P1,TOTAL,All students,238.648001098633,0,1
statepct,MAT,8,2009,UT,PC:P2,TOTAL,All students,261.817999267578,0,1
statepct,MAT,8,2009,UT,PC:P5,TOTAL,All students,286.044000244141,0,1
statepct,MAT,8,2009,UT,PC:P9,TOTAL,All students,326.156005859375,0,1
statepct,MAT,8,2009,VA,PC:P1,TOTAL,All students,242.755999755859,0,1
statepct,MAT,8,2009,VA,PC:P2,TOTAL,All students,263.583996582031,0,1
statepct,MAT,8,2009,VA,PC:P5,TOTAL,All students,286.540002441406,0,1
statepct,MAT,8,2009,VA,PC:P9,TOTAL,All students,329.511999511719,0,1
statepct,MAT,8,2009,VT,PC:P1,TOTAL,All students,246.950003051758,0,1
statepct,MAT,8,2009,VT,PC:P2,TOTAL,All students,269.884002685547,0,1
statepct,MAT,8,2009,VT,PC:P5,TOTAL,All students,293.344006347656,0,1
statepct,MAT,8,2009,VT,PC:P9,TOTAL,All students,337.670001220703,0,1
statepct,MAT,8,2009,WA,PC:P1,TOTAL,All students,241.811999511719,0,1
statepct,MAT,8,2009,WA,PC:P2,TOTAL,All students,265.623999023438,0,1
statepct,MAT,8,2009,WA,PC:P5,TOTAL,All students,289.719995117188,0,1
statepct,MAT,8,2009,WA,PC:P9,TOTAL,All students,334.096002197266,0,1
statepct,MAT,8,2009,WI,PC:P1,TOTAL,All students,242.790002441406,0,1
statepct,MAT,8,2009,WI,PC:P2,TOTAL,All students,266.841998291016,0,1
statepct,MAT,8,2009,WI,PC:P5,TOTAL,All students,290.178002929688,0,1
statepct,MAT,8,2009,WI,PC:P9,TOTAL,All students,330.159991455078,0,1
statepct,MAT,8,2009,WV,PC:P1,TOTAL,All students,227.810000610352,0,1
statepct,MAT,8,2009,WV,PC:P2,TOTAL,All students,248.869998168945,0,1
statepct,MAT,8,2009,WV,PC:P5,TOTAL,All students,271.190002441406,0,1
statepct,MAT,8,2009,WV,PC:P9,TOTAL,All students,312.280004882813,0,1
statepct,MAT,8,2009,WY,PC:P1,TOTAL,All students,245.12200012207,0,1
statepct,MAT,8,2009,WY,PC:P2,TOTAL,All students,265.542004394531,0,1
statepct,MAT,8,2009,WY,PC:P5,TOTAL,All students,287.171997070313,0,1
statepct,MAT,8,2009,WY,PC:P9,TOTAL,All students,326.355999755859,0,1
statepct,MAT,8,2011,RI,PC:P1,TOTAL,All students,235.852001953125,0,1
statepct,MAT,8,2011,RI,PC:P2,TOTAL,All students,260.382006835938,0,1
statepct,MAT,8,2011,RI,PC:P5,TOTAL,All students,284.599993896484,0,1
statepct,MAT,8,2011,RI,PC:P9,TOTAL,All students,327.579998779297,0,1
statepct,MAT,8,2011,SC,PC:P1,TOTAL,All students,234.718002319336,0,1
statepct,MAT,8,2011,SC,PC:P2,TOTAL,All students,256.706002807617,0,1
statepct,MAT,8,2011,SC,PC:P5,TOTAL,All students,281.5,0,1
statepct,MAT,8,2011,SC,PC:P9,TOTAL,All students,326.583996582031,0,1
statepct,MAT,8,2011,SD,PC:P1,TOTAL,All students,247.68200378418,0,1
statepct,MAT,8,2011,SD,PC:P2,TOTAL,All students,270.371997070312,0,1
statepct,MAT,8,2011,SD,PC:P5,TOTAL,All students,292.281994628906,0,1
statepct,MAT,8,2011,SD,PC:P9,TOTAL,All students,330.314001464844,0,1
statepct,MAT,8,2011,TN,PC:P1,TOTAL,All students,228.625997924805,0,1
statepct,MAT,8,2011,TN,PC:P2,TOTAL,All students,251.012002563477,0,1
statepct,MAT,8,2011,TN,PC:P5,TOTAL,All students,274.257995605469,0,1
statepct,MAT,8,2011,TN,PC:P9,TOTAL,All students,319.594006347656,0,1
statepct,MAT,8,2011,TX,PC:P1,TOTAL,All students,249.445999145508,0,1
statepct,MAT,8,2011,TX,PC:P2,TOTAL,All students,269.135998535156,0,1
statepct,MAT,8,2011,TX,PC:P5,TOTAL,All students,290.85400390625,0,1
statepct,MAT,8,2011,TX,PC:P9,TOTAL,All students,331.229998779297,0,1
statepct,MAT,8,2011,UT,PC:P1,TOTAL,All students,236.461999511719,0,1
statepct,MAT,8,2011,UT,PC:P2,TOTAL,All students,259.840002441406,0,1
statepct,MAT,8,2011,UT,PC:P5,TOTAL,All students,284.716003417969,0,1
statepct,MAT,8,2011,UT,PC:P9,TOTAL,All students,327.578002929688,0,1
statepct,MAT,8,2011,VA,PC:P1,TOTAL,All students,242.951998901367,0,1
statepct,MAT,8,2011,VA,PC:P2,TOTAL,All students,265.307995605469,0,1
statepct,MAT,8,2011,VA,PC:P5,TOTAL,All students,290.182006835938,0,1
statepct,MAT,8,2011,VA,PC:P9,TOTAL,All students,335.496002197266,0,1
statepct,MAT,8,2011,VT,PC:P1,TOTAL,All students,246.965994262695,0,1
statepct,MAT,8,2011,VT,PC:P2,TOTAL,All students,270.592004394531,0,1
statepct,MAT,8,2011,VT,PC:P5,TOTAL,All students,295.558001708985,0,1
statepct,MAT,8,2011,VT,PC:P9,TOTAL,All students,337.702001953125,0,1
statepct,MAT,8,2011,WA,PC:P1,TOTAL,All students,238.35,0,1
statepct,MAT,8,2011,WA,PC:P2,TOTAL,All students,263.853997802734,0,1
statepct,MAT,8,2011,WA,PC:P5,TOTAL,All students,290.4580078125,0,1
statepct,MAT,8,2011,WA,PC:P9,TOTAL,All students,334.924005126953,0,1
statepct,MAT,8,2011,WI,PC:P1,TOTAL,All students,242.592001342774,0,1
statepct,MAT,8,2011,WI,PC:P2,TOTAL,All students,266.161999511719,0,1
statepct,MAT,8,2011,WI,PC:P5,TOTAL,All students,291.497998046875,0,1
statepct,MAT,8,2011,WI,PC:P9,TOTAL,All students,331.552001953125,0,1
statepct,MAT,8,2011,WV,PC:P1,TOTAL,All students,230.999996948242,0,1
statepct,MAT,8,2011,WV,PC:P2,TOTAL,All students,251.939999389649,0,1
statepct,MAT,8,2011,WV,PC:P5,TOTAL,All students,274.378009033203,0,1
statepct,MAT,8,2011,WV,PC:P9,TOTAL,All students,314.255999755859,0,1
statepct,MAT,8,2011,WY,PC:P1,TOTAL,All students,245.830001831055,0,1
statepct,MAT,8,2011,WY,PC:P2,TOTAL,All students,268.034002685547,0,1
statepct,MAT,8,2011,WY,PC:P5,TOTAL,All students,289.421997070313,0,1
statepct,MAT,8,2011,WY,PC:P9,TOTAL,All students,327.501995849609,0,1
statepct,MAT,8,2013,RI,PC:P1,TOTAL,All students,235.883000946045,0,1
statepct,MAT,8,2013,RI,PC:P2,TOTAL,All students,260.961503601074,0,1
statepct,MAT,8,2013,RI,PC:P5,TOTAL,All students,286.004000854492,0,1
statepct,MAT,8,2013,RI,PC:P9,TOTAL,All students,329.973498535156,0,1
statepct,MAT,8,2013,SC,PC:P1,TOTAL,All students,232.424999237061,0,1
statepct,MAT,8,2013,SC,PC:P2,TOTAL,All students,255.048999786377,0,1
statepct,MAT,8,2013,SC,PC:P5,TOTAL,All students,280.074002075195,0,1
statepct,MAT,8,2013,SC,PC:P9,TOTAL,All students,327.70899810791,0,1
statepct,MAT,8,2013,SD,PC:P1,TOTAL,All students,242.351998901367,0,1
statepct,MAT,8,2013,SD,PC:P2,TOTAL,All students,266.599000549316,0,1
statepct,MAT,8,2013,SD,PC:P5,TOTAL,All students,289.886500549317,0,1
statepct,MAT,8,2013,SD,PC:P9,TOTAL,All students,328.254998779297,0,1
statepct,MAT,8,2013,TN,PC:P1,TOTAL,All students,231.698000335694,0,1
statepct,MAT,8,2013,TN,PC:P2,TOTAL,All students,255.273500061035,0,1
statepct,MAT,8,2013,TN,PC:P5,TOTAL,All students,279.596000671387,0,1
statepct,MAT,8,2013,TN,PC:P9,TOTAL,All students,321.708999633789,0,1
statepct,MAT,8,2013,TX,PC:P1,TOTAL,All students,246.717500305176,0,1
statepct,MAT,8,2013,TX,PC:P2,TOTAL,All students,267.213000488281,0,1
statepct,MAT,8,2013,TX,PC:P5,TOTAL,All students,289.129498291016,0,1
statepct,MAT,8,2013,TX,PC:P9,TOTAL,All students,328.832499694824,0,1
statepct,MAT,8,2013,UT,PC:P1,TOTAL,All students,236.642500305176,0,1
statepct,MAT,8,2013,UT,PC:P2,TOTAL,All students,261.545999145508,0,1
statepct,MAT,8,2013,UT,PC:P5,TOTAL,All students,286.997999572754,0,1
statepct,MAT,8,2013,UT,PC:P9,TOTAL,All students,328.300500488281,0,1
statepct,MAT,8,2013,VA,PC:P1,TOTAL,All students,243.056002807617,0,1
statepct,MAT,8,2013,VA,PC:P2,TOTAL,All students,264.707498168945,0,1
statepct,MAT,8,2013,VA,PC:P5,TOTAL,All students,288.478001403809,0,1
statepct,MAT,8,2013,VA,PC:P9,TOTAL,All students,333.605499267578,0,1
statepct,MAT,8,2013,VT,PC:P1,TOTAL,All students,250.027000427246,0,1
statepct,MAT,8,2013,VT,PC:P2,TOTAL,All students,272.865496826172,0,1
statepct,MAT,8,2013,VT,PC:P5,TOTAL,All students,296.358999633789,0,1
statepct,MAT,8,2013,VT,PC:P9,TOTAL,All students,339.953999328614,0,1
statepct,MAT,8,2013,WA,PC:P1,TOTAL,All students,241.764998626709,0,1
statepct,MAT,8,2013,WA,PC:P2,TOTAL,All students,267.001499938965,0,1
statepct,MAT,8,2013,WA,PC:P5,TOTAL,All students,291.695498657227,0,1
statepct,MAT,8,2013,WA,PC:P9,TOTAL,All students,336.041497802734,0,1
statepct,MAT,8,2013,WI,PC:P1,TOTAL,All students,242.275,0,1
statepct,MAT,8,2013,WI,PC:P2,TOTAL,All students,265.663497924805,0,1
statepct,MAT,8,2013,WI,PC:P5,TOTAL,All students,289.992997741699,0,1
statepct,MAT,8,2013,WI,PC:P9,TOTAL,All students,333.846998596192,0,1
statepct,MAT,8,2013,WV,PC:P1,TOTAL,All students,231.57200088501,0,1
statepct,MAT,8,2013,WV,PC:P2,TOTAL,All students,252.5125,0,1
statepct,MAT,8,2013,WV,PC:P5,TOTAL,All students,275.479998779297,0,1
statepct,MAT,8,2013,WV,PC:P9,TOTAL,All students,316.459495544434,0,1
statepct,MAT,8,2013,WY,PC:P1,TOTAL,All students,248.628000640869,0,1
statepct,MAT,8,2013,WY,PC:P2,TOTAL,All students,268.061499023438,0,1
statepct,MAT,8,2013,WY,PC:P5,TOTAL,All students,289.285501098633,0,1
statepct,MAT,8,2013,WY,PC:P9,TOTAL,All students,326.722001647949,0,1
statepct,MAT,8,2015,RI,PC:P1,TOTAL,All students,234.951000213623,0,1
statepct,MAT,8,2015,RI,PC:P2,TOTAL,All students,259.290000915527,0,1
statepct,MAT,8,2015,RI,PC:P5,TOTAL,All students,282.772999572754,0,1
statepct,MAT,8,2015,RI,PC:P9,TOTAL,All students,325.799998474121,0,1
statepct,MAT,8,2015,SC,PC:P1,TOTAL,All students,231.025000762939,0,1
statepct,MAT,8,2015,SC,PC:P2,TOTAL,All students,252.499500274658,0,1
statepct,MAT,8,2015,SC,PC:P5,TOTAL,All students,275.795497131348,0,1
statepct,MAT,8,2015,SC,PC:P9,TOTAL,All students,321.609498596191,0,1
statepct,MAT,8,2015,SD,PC:P1,TOTAL,All students,242.846998596191,0,1
statepct,MAT,8,2015,SD,PC:P2,TOTAL,All students,264.597003173828,0,1
statepct,MAT,8,2015,SD,PC:P5,TOTAL,All students,286.068501281738,0,1
statepct,MAT,8,2015,SD,PC:P9,TOTAL,All students,324.967498779297,0,1
statepct,MAT,8,2015,TN,PC:P1,TOTAL,All students,230.295999145508,0,1
statepct,MAT,8,2015,TN,PC:P2,TOTAL,All students,254.163500213623,0,1
statepct,MAT,8,2015,TN,PC:P5,TOTAL,All students,279.26300201416,0,1
statepct,MAT,8,2015,TN,PC:P9,TOTAL,All students,324.473999023438,0,1
statepct,MAT,8,2015,TX,PC:P1,TOTAL,All students,240.920997619629,0,1
statepct,MAT,8,2015,TX,PC:P2,TOTAL,All students,261.66549987793,0,1
statepct,MAT,8,2015,TX,PC:P5,TOTAL,All students,283.900498962402,0,1
statepct,MAT,8,2015,TX,PC:P9,TOTAL,All students,326.992001342774,0,1
statepct,MAT,8,2015,UT,PC:P1,TOTAL,All students,239.09349899292,0,1
statepct,MAT,8,2015,UT,PC:P2,TOTAL,All students,263.640496826172,0,1
statepct,MAT,8,2015,UT,PC:P5,TOTAL,All students,288.390002441406,0,1
statepct,MAT,8,2015,UT,PC:P9,TOTAL,All students,329.888998413086,0,1
statepct,MAT,8,2015,VA,PC:P1,TOTAL,All students,241.416000366211,0,1
statepct,MAT,8,2015,VA,PC:P2,TOTAL,All students,263.38399810791,0,1
statepct,MAT,8,2015,VA,PC:P5,TOTAL,All students,287.732000732422,0,1
statepct,MAT,8,2015,VA,PC:P9,TOTAL,All students,333.393502807617,0,1
statepct,MAT,8,2015,VT,PC:P1,TOTAL,All students,242.218997955322,0,1
statepct,MAT,8,2015,VT,PC:P2,TOTAL,All students,266.70249786377,0,1
statepct,MAT,8,2015,VT,PC:P5,TOTAL,All students,291.77600402832,0,1
statepct,MAT,8,2015,VT,PC:P9,TOTAL,All students,335.519000244141,0,1
statepct,MAT,8,2015,WA,PC:P1,TOTAL,All students,234.125001525879,0,1
statepct,MAT,8,2015,WA,PC:P2,TOTAL,All students,260.947999572754,0,1
statepct,MAT,8,2015,WA,PC:P5,TOTAL,All students,288.605499267578,0,1
statepct,MAT,8,2015,WA,PC:P9,TOTAL,All students,335.524000549317,0,1
statepct,MAT,8,2015,WI,PC:P1,TOTAL,All students,240.347998809814,0,1
statepct,MAT,8,2015,WI,PC:P2,TOTAL,All students,265.390002441406,0,1
statepct,MAT,8,2015,WI,PC:P5,TOTAL,All students,290.836001586914,0,1
statepct,MAT,8,2015,WI,PC:P9,TOTAL,All students,334.611499023438,0,1
statepct,MAT,8,2015,WV,PC:P1,TOTAL,All students,228.824999237061,0,1
statepct,MAT,8,2015,WV,PC:P2,TOTAL,All students,249.456498718262,0,1
statepct,MAT,8,2015,WV,PC:P5,TOTAL,All students,272.067999267578,0,1
statepct,MAT,8,2015,WV,PC:P9,TOTAL,All students,314.471000671387,0,1
statepct,MAT,8,2015,WY,PC:P1,TOTAL,All students,244.770999908447,0,1
statepct,MAT,8,2015,WY,PC:P2,TOTAL,All students,265.893501281739,0,1
statepct,MAT,8,2015,WY,PC:P5,TOTAL,All students,287.4375,0,1
statepct,MAT,8,2015,WY,PC:P9,TOTAL,All students,327.635002136231,0,1
statepct,MAT,8,2017,RI,PC:P1,TOTAL,All students,226.82149810791,0,1
statepct,MAT,8,2017,RI,PC:P2,TOTAL,All students,250.684001159668,0,1
statepct,MAT,8,2017,RI,PC:P5,TOTAL,All students,278.537997436524,0,1
statepct,MAT,8,2017,RI,PC:P9,TOTAL,All students,325.545501708985,0,1
statepct,MAT,8,2017,SC,PC:P1,TOTAL,All students,227.248499298096,0,1
statepct,MAT,8,2017,SC,PC:P2,TOTAL,All students,249.485498046875,0,1
statepct,MAT,8,2017,SC,PC:P5,TOTAL,All students,273.970999145508,0,1
statepct,MAT,8,2017,SC,PC:P9,TOTAL,All students,322.995500183106,0,1
statepct,MAT,8,2017,SD,PC:P1,TOTAL,All students,238.925999450684,0,1
statepct,MAT,8,2017,SD,PC:P2,TOTAL,All students,263.332002258301,0,1
statepct,MAT,8,2017,SD,PC:P5,TOTAL,All students,288.805499267578,0,1
statepct,MAT,8,2017,SD,PC:P9,TOTAL,All students,331.455999755859,0,1
statepct,MAT,8,2017,TN,PC:P1,TOTAL,All students,232.031500244141,0,1
statepct,MAT,8,2017,TN,PC:P2,TOTAL,All students,254.129001617432,0,1
statepct,MAT,8,2017,TN,PC:P5,TOTAL,All students,279.060499572754,0,1
statepct,MAT,8,2017,TN,PC:P9,TOTAL,All students,325.601498413086,0,1
statepct,MAT,8,2017,TX,PC:P1,TOTAL,All students,234.583002471924,0,1
statepct,MAT,8,2017,TX,PC:P2,TOTAL,All students,256.003498840332,0,1
statepct,MAT,8,2017,TX,PC:P5,TOTAL,All students,282.028999328613,0,1
statepct,MAT,8,2017,TX,PC:P9,TOTAL,All students,330.943998718262,0,1
statepct,MAT,8,2017,UT,PC:P1,TOTAL,All students,238.484999084473,0,1
statepct,MAT,8,2017,UT,PC:P2,TOTAL,All students,262.173001098633,0,1
statepct,MAT,8,2017,UT,PC:P5,TOTAL,All students,288.159997558594,0,1
statepct,MAT,8,2017,UT,PC:P9,TOTAL,All students,333.202000427246,0,1
statepct,MAT,8,2017,VA,PC:P1,TOTAL,All students,242.602499389649,0,1
statepct,MAT,8,2017,VA,PC:P2,TOTAL,All students,263.887501525879,0,1
statepct,MAT,8,2017,VA,PC:P5,TOTAL,All students,288.952499389648,0,1
statepct,MAT,8,2017,VA,PC:P9,TOTAL,All students,338.972503662109,0,1
statepct,MAT,8,2017,VT,PC:P1,TOTAL,All students,239.638999938965,0,1
statepct,MAT,8,2017,VT,PC:P2,TOTAL,All students,263.664500427246,0,1
statepct,MAT,8,2017,VT,PC:P5,TOTAL,All students,289.041003417969,0,1
statepct,MAT,8,2017,VT,PC:P9,TOTAL,All students,333.005999755859,0,1
statepct,MAT,8,2017,WA,PC:P1,TOTAL,All students,237.364998626709,0,1
statepct,MAT,8,2017,WA,PC:P2,TOTAL,All students,262.107000732422,0,1
statepct,MAT,8,2017,WA,PC:P5,TOTAL,All students,290.019500732422,0,1
statepct,MAT,8,2017,WA,PC:P9,TOTAL,All students,338.948498535156,0,1
statepct,MAT,8,2017,WI,PC:P1,TOTAL,All students,239.568003082276,0,1
statepct,MAT,8,2017,WI,PC:P2,TOTAL,All students,263.150500488281,0,1
statepct,MAT,8,2017,WI,PC:P5,TOTAL,All students,288.588999938965,0,1
statepct,MAT,8,2017,WI,PC:P9,TOTAL,All students,335.978503417969,0,1
statepct,MAT,8,2017,WV,PC:P1,TOTAL,All students,228.766999053955,0,1
statepct,MAT,8,2017,WV,PC:P2,TOTAL,All students,249.356999969482,0,1
statepct,MAT,8,2017,WV,PC:P5,TOTAL,All students,272.536502075195,0,1
statepct,MAT,8,2017,WV,PC:P9,TOTAL,All students,319.874499511719,0,1
statepct,MAT,8,2017,WY,PC:P1,TOTAL,All students,246.095498657227,0,1
statepct,MAT,8,2017,WY,PC:P2,TOTAL,All students,266.559997558594,0,1
statepct,MAT,8,2017,WY,PC:P5,TOTAL,All students,289.081999206543,0,1
statepct,MAT,8,2017,WY,PC:P9,TOTAL,All students,331.668502807617,0,1
statepct,MAT,8,2019,RI,PC:P1,TOTAL,All students,221.304000091553,0,1
statepct,MAT,8,2019,RI,PC:P2,TOTAL,All students,248.122499847412,0,1
statepct,MAT,8,2019,RI,PC:P5,TOTAL,All students,277.069000244141,0,1
statepct,MAT,8,2019,RI,PC:P9,TOTAL,All students,328.487501525879,0,1
statepct,MAT,8,2019,SC,PC:P1,TOTAL,All students,226.058499145508,0,1
statepct,MAT,8,2019,SC,PC:P2,TOTAL,All students,249.570999145508,0,1
statepct,MAT,8,2019,SC,PC:P5,TOTAL,All students,275.856999206543,0,1
statepct,MAT,8,2019,SC,PC:P9,TOTAL,All students,328.569502258301,0,1
statepct,MAT,8,2019,SD,PC:P1,TOTAL,All students,237.411499786377,0,1
statepct,MAT,8,2019,SD,PC:P2,TOTAL,All students,263.641999816895,0,1
statepct,MAT,8,2019,SD,PC:P5,TOTAL,All students,289.450497436524,0,1
statepct,MAT,8,2019,SD,PC:P9,TOTAL,All students,333.062503051758,0,1
statepct,MAT,8,2019,TN,PC:P1,TOTAL,All students,231.2625,0,1
statepct,MAT,8,2019,TN,PC:P2,TOTAL,All students,253.940500640869,0,1
statepct,MAT,8,2019,TN,PC:P5,TOTAL,All students,279.601498413086,0,1
statepct,MAT,8,2019,TN,PC:P9,TOTAL,All students,329.716499328613,0,1
statepct,MAT,8,2019,TX,PC:P1,TOTAL,All students,233.467999267578,0,1
statepct,MAT,8,2019,TX,PC:P2,TOTAL,All students,254.697501373291,0,1
statepct,MAT,8,2019,TX,PC:P5,TOTAL,All students,278.752502441406,0,1
statepct,MAT,8,2019,TX,PC:P9,TOTAL,All students,326.872999572754,0,1
statepct,MAT,8,2019,UT,PC:P1,TOTAL,All students,232.751499176025,0,1
statepct,MAT,8,2019,UT,PC:P2,TOTAL,All students,258.60700378418,0,1
statepct,MAT,8,2019,UT,PC:P5,TOTAL,All students,286.515501403809,0,1
statepct,MAT,8,2019,UT,PC:P9,TOTAL,All students,334.771998596191,0,1
statepct,MAT,8,2019,VA,PC:P1,TOTAL,All students,238.147999572754,0,1
statepct,MAT,8,2019,VA,PC:P2,TOTAL,All students,261.331500244141,0,1
statepct,MAT,8,2019,VA,PC:P5,TOTAL,All students,287.386000061035,0,1
statepct,MAT,8,2019,VA,PC:P9,TOTAL,All students,335.42200012207,0,1
statepct,MAT,8,2019,VT,PC:P1,TOTAL,All students,235.764499664307,0,1
statepct,MAT,8,2019,VT,PC:P2,TOTAL,All students,261.421499633789,0,1
statepct,MAT,8,2019,VT,PC:P5,TOTAL,All students,287.68450012207,0,1
statepct,MAT,8,2019,VT,PC:P9,TOTAL,All students,334.736503601074,0,1
statepct,MAT,8,2019,WA,PC:P1,TOTAL,All students,230.09349899292,0,1
statepct,MAT,8,2019,WA,PC:P2,TOTAL,All students,257.155501556396,0,1
statepct,MAT,8,2019,WA,PC:P5,TOTAL,All students,287.934999084473,0,1
statepct,MAT,8,2019,WA,PC:P9,TOTAL,All students,338.276501464844,0,1
statepct,MAT,8,2019,WI,PC:P1,TOTAL,All students,237.633497619629,0,1
statepct,MAT,8,2019,WI,PC:P2,TOTAL,All students,262.565000915527,0,1
statepct,MAT,8,2019,WI,PC:P5,TOTAL,All students,290.536497497559,0,1
statepct,MAT,8,2019,WI,PC:P9,TOTAL,All students,337.580001831055,0,1
statepct,MAT,8,2019,WV,PC:P1,TOTAL,All students,224.433002471924,0,1
statepct,MAT,8,2019,WV,PC:P2,TOTAL,All students,247.743501281738,0,1
statepct,MAT,8,2019,WV,PC:P5,TOTAL,All students,272.756999206543,0,1
statepct,MAT,8,2019,WV,PC:P9,TOTAL,All students,320.102000427246,0,1
statepct,MAT,8,2019,WY,PC:P1,TOTAL,All students,240.094003295899,0,1
statepct,MAT,8,2019,WY,PC:P2,TOTAL,All students,263.750500488281,0,1
statepct,MAT,8,2019,WY,PC:P5,TOTAL,All students,287.491502380371,0,1
statepct,MAT,8,2019,WY,PC:P9,TOTAL,All students,329.937498474121,0,1
statepct,MAT,8,2022,RI,PC:P1,TOTAL,All students,219.35299911499,0,1
statepct,MAT,8,2022,RI,PC:P2,TOTAL,All students,242.926000213623,0,1
statepct,MAT,8,2022,RI,PC:P5,TOTAL,All students,270.162004089355,0,1
statepct,MAT,8,2022,RI,PC:P9,TOTAL,All students,322.018000793457,0,1
statepct,MAT,8,2022,SC,PC:P1,TOTAL,All students,220.323498535156,0,1
statepct,MAT,8,2022,SC,PC:P2,TOTAL,All students,242.627500152588,0,1
statepct,MAT,8,2022,SC,PC:P5,TOTAL,All students,268.260501098633,0,1
statepct,MAT,8,2022,SC,PC:P9,TOTAL,All students,319.886499023438,0,1
statepct,MAT,8,2022,SD,PC:P1,TOTAL,All students,235.007998657227,0,1
statepct,MAT,8,2022,SD,PC:P2,TOTAL,All students,258.146002197266,0,1
statepct,MAT,8,2022,SD,PC:P5,TOTAL,All students,283.016496276855,0,1
statepct,MAT,8,2022,SD,PC:P9,TOTAL,All students,324.879998779297,0,1
statepct,MAT,8,2022,TN,PC:P1,TOTAL,All students,222.006001281738,0,1
statepct,MAT,8,2022,TN,PC:P2,TOTAL,All students,246.248500061035,0,1
statepct,MAT,8,2022,TN,PC:P5,TOTAL,All students,272.188000488281,0,1
statepct,MAT,8,2022,TN,PC:P9,TOTAL,All students,321.158995056152,0,1
statepct,MAT,8,2022,TX,PC:P1,TOTAL,All students,225.955000305176,0,1
statepct,MAT,8,2022,TX,PC:P2,TOTAL,All students,247.338500213623,0,1
statepct,MAT,8,2022,TX,PC:P5,TOTAL,All students,271.901499938965,0,1
statepct,MAT,8,2022,TX,PC:P9,TOTAL,All students,320.505003356934,0,1
statepct,MAT,8,2022,UT,PC:P1,TOTAL,All students,231.981500244141,0,1
statepct,MAT,8,2022,UT,PC:P2,TOTAL,All students,256.217497253418,0,1
statepct,MAT,8,2022,UT,PC:P5,TOTAL,All students,284.039501953125,0,1
statepct,MAT,8,2022,UT,PC:P9,TOTAL,All students,329.797998046875,0,1
statepct,MAT,8,2022,VA,PC:P1,TOTAL,All students,228.015000152588,0,1
statepct,MAT,8,2022,VA,PC:P2,TOTAL,All students,250.926501464844,0,1
statepct,MAT,8,2022,VA,PC:P5,TOTAL,All students,278.159001159668,0,1
statepct,MAT,8,2022,VA,PC:P9,TOTAL,All students,331.252003479004,0,1
statepct,MAT,8,2022,VT,PC:P1,TOTAL,All students,228.878499603272,0,1
statepct,MAT,8,2022,VT,PC:P2,TOTAL,All students,252.612998962402,0,1
statepct,MAT,8,2022,VT,PC:P5,TOTAL,All students,276.883503723145,0,1
statepct,MAT,8,2022,VT,PC:P9,TOTAL,All students,322.272999572754,0,1
statepct,MAT,8,2022,WA,PC:P1,TOTAL,All students,225.471999359131,0,1
statepct,MAT,8,2022,WA,PC:P2,TOTAL,All students,249.105500030518,0,1
statepct,MAT,8,2022,WA,PC:P5,TOTAL,All students,276.171499633789,0,1
statepct,MAT,8,2022,WA,PC:P9,TOTAL,All students,326.909501647949,0,1
statepct,MAT,8,2022,WI,PC:P1,TOTAL,All students,230.365999603271,0,1
statepct,MAT,8,2022,WI,PC:P2,TOTAL,All students,255.560499572754,0,1
statepct,MAT,8,2022,WI,PC:P5,TOTAL,All students,282.279499816895,0,1
statepct,MAT,8,2022,WI,PC:P9,TOTAL,All students,329.24949798584,0,1
statepct,MAT,8,2022,WV,PC:P1,TOTAL,All students,212.843999481201,0,1
statepct,MAT,8,2022,WV,PC:P2,TOTAL,All students,235.247499084473,0,1
statepct,MAT,8,2022,WV,PC:P5,TOTAL,All students,260.058500671387,0,1
statepct,MAT,8,2022,WV,PC:P9,TOTAL,All students,308.340498352051,0,1
statepct,MAT,8,2022,WY,PC:P1,TOTAL,All students,234.932999420166,0,1
statepct,MAT,8,2022,WY,PC:P2,TOTAL,All students,258.010002136231,0,1
statepct,MAT,8,2022,WY,PC:P5,TOTAL,All students,282.32200012207,0,1
statepct,MAT,8,2022,WY,PC:P9,TOTAL,All students,324.548498535156,0,1
statepct,MAT,8,2024,RI,PC:P1,TOTAL,All students,211.717000579834,0,1
statepct,MAT,8,2024,RI,PC:P2,TOTAL,All students,238.424499511719,0,1
statepct,MAT,8,2024,RI,PC:P5,TOTAL,All students,270.092997741699,0,1
statepct,MAT,8,2024,RI,PC:P9,TOTAL,All students,328.200498962402,0,1
statepct,MAT,8,2024,SC,PC:P1,TOTAL,All students,214.99400100708,0,1
statepct,MAT,8,2024,SC,PC:P2,TOTAL,All students,238.677498626709,0,1
statepct,MAT,8,2024,SC,PC:P5,TOTAL,All students,267.129998779297,0,1
statepct,MAT,8,2024,SC,PC:P9,TOTAL,All students,322.270500183106,0,1
statepct,MAT,8,2024,SD,PC:P1,TOTAL,All students,231.554000854492,0,1
statepct,MAT,8,2024,SD,PC:P2,TOTAL,All students,257.30249786377,0,1
statepct,MAT,8,2024,SD,PC:P5,TOTAL,All students,283.221499633789,0,1
statepct,MAT,8,2024,SD,PC:P9,TOTAL,All students,327.034501647949,0,1
statepct,MAT,8,2024,TN,PC:P1,TOTAL,All students,221.460498809815,0,1
statepct,MAT,8,2024,TN,PC:P2,TOTAL,All students,246.409001922608,0,1
statepct,MAT,8,2024,TN,PC:P5,TOTAL,All students,275.515498352051,0,1
statepct,MAT,8,2024,TN,PC:P9,TOTAL,All students,330.398501586914,0,1
statepct,MAT,8,2024,TX,PC:P1,TOTAL,All students,218.59100189209,0,1
statepct,MAT,8,2024,TX,PC:P2,TOTAL,All students,241.500000762939,0,1
statepct,MAT,8,2024,TX,PC:P5,TOTAL,All students,267.990496826172,0,1
statepct,MAT,8,2024,TX,PC:P9,TOTAL,All students,321.736001586914,0,1
statepct,MAT,8,2024,UT,PC:P1,TOTAL,All students,230.026000213623,0,1
statepct,MAT,8,2024,UT,PC:P2,TOTAL,All students,254.873498535156,0,1
statepct,MAT,8,2024,UT,PC:P5,TOTAL,All students,284.299002075195,0,1
statepct,MAT,8,2024,UT,PC:P9,TOTAL,All students,329.517999267578,0,1
statepct,MAT,8,2024,VA,PC:P1,TOTAL,All students,219.986999511719,0,1
statepct,MAT,8,2024,VA,PC:P2,TOTAL,All students,246.769499969483,0,1
statepct,MAT,8,2024,VA,PC:P5,TOTAL,All students,275.64049987793,0,1
statepct,MAT,8,2024,VA,PC:P9,TOTAL,All students,328.231500244141,0,1
statepct,MAT,8,2024,VT,PC:P1,TOTAL,All students,224.377001190185,0,1
statepct,MAT,8,2024,VT,PC:P2,TOTAL,All students,248.700498962402,0,1
statepct,MAT,8,2024,VT,PC:P5,TOTAL,All students,276.71600189209,0,1
statepct,MAT,8,2024,VT,PC:P9,TOTAL,All students,325.354498291016,0,1
statepct,MAT,8,2024,WA,PC:P1,TOTAL,All students,216.309498596191,0,1
statepct,MAT,8,2024,WA,PC:P2,TOTAL,All students,242.467502593994,0,1
statepct,MAT,8,2024,WA,PC:P5,TOTAL,All students,272.470503234863,0,1
statepct,MAT,8,2024,WA,PC:P9,TOTAL,All students,331.982499694824,0,1
statepct,MAT,8,2024,WI,PC:P1,TOTAL,All students,228.501000213623,0,1
statepct,MAT,8,2024,WI,PC:P2,TOTAL,All students,254.605999755859,0,1
statepct,MAT,8,2024,WI,PC:P5,TOTAL,All students,284.562995910645,0,1
statepct,MAT,8,2024,WI,PC:P9,TOTAL,All students,332.962998962403,0,1
statepct,MAT,8,2024,WV,PC:P1,TOTAL,All students,209.447497558594,0,1
statepct,MAT,8,2024,WV,PC:P2,TOTAL,All students,232.917000579834,0,1
statepct,MAT,8,2024,WV,PC:P5,TOTAL,All students,260.401998901367,0,1
statepct,MAT,8,2024,WV,PC:P9,TOTAL,All students,313.19700012207,0,1
statepct,MAT,8,2024,WY,PC:P1,TOTAL,All students,228.749999237061,0,1
statepct,MAT,8,2024,WY,PC:P2,TOTAL,All students,253.798001098633,0,1
statepct,MAT,8,2024,WY,PC:P5,TOTAL,All students,280.366998291016,0,1
statepct,MAT,8,2024,WY,PC:P9,TOTAL,All students,324.306997680664,0,1
statepct,RED,4,2003,AK,PC:P1,TOTAL,All students,154.394000244141,0,1
statepct,RED,4,2003,AK,PC:P2,TOTAL,All students,186.214001464844,0,1
statepct,RED,4,2003,AK,PC:P5,TOTAL,All students,216.064004516602,0,1
statepct,RED,4,2003,AK,PC:P9,TOTAL,All students,259.629992675781,0,1
statepct,RED,4,2003,AL,PC:P1,TOTAL,All students,154.899996948242,0,1
statepct,RED,4,2003,AL,PC:P2,TOTAL,All students,182.439999389648,0,1
statepct,RED,4,2003,AL,PC:P5,TOTAL,All students,210.40199584961,0,1
statepct,RED,4,2003,AL,PC:P9,TOTAL,All students,254.942001342774,0,1
statepct,RED,4,2003,AR,PC:P1,TOTAL,All students,161.619998168945,0,1
statepct,RED,4,2003,AR,PC:P2,TOTAL,All students,190.149996948242,0,1
statepct,RED,4,2003,AR,PC:P5,TOTAL,All students,217.40400390625,0,1
statepct,RED,4,2003,AR,PC:P9,TOTAL,All students,260.109997558594,0,1
statepct,RED,4,2003,AZ,PC:P1,TOTAL,All students,156.729998779297,0,1
statepct,RED,4,2003,AZ,PC:P2,TOTAL,All students,183.861999511719,0,1
statepct,RED,4,2003,AZ,PC:P5,TOTAL,All students,212.153997802734,0,1
statepct,RED,4,2003,AZ,PC:P9,TOTAL,All students,255.600003051758,0,1
statepct,RED,4,2003,CA,PC:P1,TOTAL,All students,153.263998413086,0,1
statepct,RED,4,2003,CA,PC:P2,TOTAL,All students,179.091998291016,0,1
statepct,RED,4,2003,CA,PC:P5,TOTAL,All students,207.512002563477,0,1
statepct,RED,4,2003,CA,PC:P9,TOTAL,All students,255.283999633789,0,1
statepct,RED,4,2003,CO,PC:P1,TOTAL,All students,177.504000854492,0,1
statepct,RED,4,2003,CO,PC:P2,TOTAL,All students,201.789999389648,0,1
statepct,RED,4,2003,CO,PC:P5,TOTAL,All students,226.387997436523,0,1
statepct,RED,4,2003,CO,PC:P9,TOTAL,All students,266.243994140625,0,1
statepct,RED,4,2003,CT,PC:P1,TOTAL,All students,180.011999511719,0,1
statepct,RED,4,2003,CT,PC:P2,TOTAL,All students,206.327996826172,0,1
statepct,RED,4,2003,CT,PC:P5,TOTAL,All students,231.645999145508,0,1
statepct,RED,4,2003,CT,PC:P9,TOTAL,All students,271.65400390625,0,1
statepct,RED,4,2003,DC,PC:P1,TOTAL,All students,136.367999267578,0,1
statepct,RED,4,2003,DC,PC:P2,TOTAL,All students,161.87799987793,0,1
statepct,RED,4,2003,DC,PC:P5,TOTAL,All students,188.714001464844,0,1
statepct,RED,4,2003,DC,PC:P9,TOTAL,All students,239.07799987793,0,1
statepct,RED,4,2003,DE,PC:P1,TOTAL,All students,185.446002197266,0,1
statepct,RED,4,2003,DE,PC:P2,TOTAL,All students,204.272003173828,0,1
statepct,RED,4,2003,DE,PC:P5,TOTAL,All students,224.612002563477,0,1
statepct,RED,4,2003,DE,PC:P9,TOTAL,All students,261.7,0,1
statepct,RED,4,2003,FL,PC:P1,TOTAL,All students,167.716003417969,0,1
statepct,RED,4,2003,FL,PC:P2,TOTAL,All students,193.805999755859,0,1
statepct,RED,4,2003,FL,PC:P5,TOTAL,All students,220.735998535156,0,1
statepct,RED,4,2003,FL,PC:P9,TOTAL,All students,264.200006103515,0,1
statepct,RED,4,2003,GA,PC:P1,TOTAL,All students,163.470001220703,0,1
statepct,RED,4,2003,GA,PC:P2,TOTAL,All students,189.47200012207,0,1
statepct,RED,4,2003,GA,PC:P5,TOTAL,All students,215.876000976563,0,1
statepct,RED,4,2003,GA,PC:P9,TOTAL,All students,259.861999511719,0,1
statepct,RED,4,2003,HI,PC:P1,TOTAL,All students,159.211999511719,0,1
statepct,RED,4,2003,HI,PC:P2,TOTAL,All students,184.95,0,1
statepct,RED,4,2003,HI,PC:P5,TOTAL,All students,211.02399597168,0,1
statepct,RED,4,2003,HI,PC:P9,TOTAL,All students,253.805999755859,0,1
statepct,RED,4,2003,ID,PC:P1,TOTAL,All students,171.088000488281,0,1
statepct,RED,4,2003,ID,PC:P2,TOTAL,All students,196.470001220703,0,1
statepct,RED,4,2003,ID,PC:P5,TOTAL,All students,220.913998413086,0,1
statepct,RED,4,2003,ID,PC:P9,TOTAL,All students,260.357995605469,0,1
statepct,RED,4,2005,AK,PC:P1,TOTAL,All students,155.76799621582,0,1
statepct,RED,4,2005,AK,PC:P2,TOTAL,All students,185.725997924805,0,1
statepct,RED,4,2005,AK,PC:P5,TOTAL,All students,216.639996337891,0,1
statepct,RED,4,2005,AK,PC:P9,TOTAL,All students,258.101995849609,0,1
statepct,RED,4,2005,AL,PC:P1,TOTAL,All students,156.828002929688,0,1
statepct,RED,4,2005,AL,PC:P2,TOTAL,All students,183.689996337891,0,1
statepct,RED,4,2005,AL,PC:P5,TOTAL,All students,210.617999267578,0,1
statepct,RED,4,2005,AL,PC:P9,TOTAL,All students,255.010003662109,0,1
statepct,RED,4,2005,AR,PC:P1,TOTAL,All students,169.626000976562,0,1
statepct,RED,4,2005,AR,PC:P2,TOTAL,All students,194.27799987793,0,1
statepct,RED,4,2005,AR,PC:P5,TOTAL,All students,219.866000366211,0,1
statepct,RED,4,2005,AR,PC:P9,TOTAL,All students,260.517999267578,0,1
statepct,RED,4,2005,AZ,PC:P1,TOTAL,All students,152.195999145508,0,1
statepct,RED,4,2005,AZ,PC:P2,TOTAL,All students,180.438000488281,0,1
statepct,RED,4,2005,AZ,PC:P5,TOTAL,All students,210.494000244141,0,1
statepct,RED,4,2005,AZ,PC:P9,TOTAL,All students,257.279998779297,0,1
statepct,RED,4,2005,CA,PC:P1,TOTAL,All students,155.598001098633,0,1
statepct,RED,4,2005,CA,PC:P2,TOTAL,All students,179.77799987793,0,1
statepct,RED,4,2005,CA,PC:P5,TOTAL,All students,207.961999511719,0,1
statepct,RED,4,2005,CA,PC:P9,TOTAL,All students,255.118002319336,0,1
statepct,RED,4,2005,CO,PC:P1,TOTAL,All students,177.48200378418,0,1
statepct,RED,4,2005,CO,PC:P2,TOTAL,All students,201.562002563477,0,1
statepct,RED,4,2005,CO,PC:P5,TOTAL,All students,226.601998901367,0,1
statepct,RED,4,2005,CO,PC:P9,TOTAL,All students,264.840002441406,0,1
statepct,RED,4,2005,CT,PC:P1,TOTAL,All students,178.380004882813,0,1
statepct,RED,4,2005,CT,PC:P2,TOTAL,All students,202.696002197266,0,1
statepct,RED,4,2005,CT,PC:P5,TOTAL,All students,227.546002197266,0,1
statepct,RED,4,2005,CT,PC:P9,TOTAL,All students,270.936004638672,0,1
statepct,RED,4,2005,DC,PC:P1,TOTAL,All students,141.003997802734,0,1
statepct,RED,4,2005,DC,PC:P2,TOTAL,All students,165.035998535156,0,1
statepct,RED,4,2005,DC,PC:P5,TOTAL,All students,190.57799987793,0,1
statepct,RED,4,2005,DC,PC:P9,TOTAL,All students,240.77200012207,0,1
statepct,RED,4,2005,DE,PC:P1,TOTAL,All students,189.779998779297,0,1
statepct,RED,4,2005,DE,PC:P2,TOTAL,All students,206.665997314453,0,1
statepct,RED,4,2005,DE,PC:P5,TOTAL,All students,226.079998779297,0,1
statepct,RED,4,2005,DE,PC:P9,TOTAL,All students,262.112005615234,0,1
statepct,RED,4,2005,FL,PC:P1,TOTAL,All students,174.560000610352,0,1
statepct,RED,4,2005,FL,PC:P2,TOTAL,All students,197.517999267578,0,1
statepct,RED,4,2005,FL,PC:P5,TOTAL,All students,221.076000976563,0,1
statepct,RED,4,2005,FL,PC:P9,TOTAL,All students,262.102001953125,0,1
statepct,RED,4,2005,GA,PC:P1,TOTAL,All students,167.771997070312,0,1
statepct,RED,4,2005,GA,PC:P2,TOTAL,All students,190.194000244141,0,1
statepct,RED,4,2005,GA,PC:P5,TOTAL,All students,215.973999023438,0,1
statepct,RED,4,2005,GA,PC:P9,TOTAL,All students,259.823992919922,0,1
statepct,RED,4,2005,HI,PC:P1,TOTAL,All students,160.278002929688,0,1
statepct,RED,4,2005,HI,PC:P2,TOTAL,All students,184.862002563477,0,1
statepct,RED,4,2005,HI,PC:P5,TOTAL,All students,211.033999633789,0,1
statepct,RED,4,2005,HI,PC:P9,TOTAL,All students,256.626000976563,0,1
statepct,RED,4,2005,ID,PC:P1,TOTAL,All students,177.289999389648,0,1
statepct,RED,4,2005,ID,PC:P2,TOTAL,All students,201.625997924805,0,1
statepct,RED,4,2005,ID,PC:P5,TOTAL,All students,224.035998535156,0,1
statepct,RED,4,2005,ID,PC:P9,TOTAL,All students,262.371997070313,0,1
statepct,RED,4,2007,AK,PC:P1,TOTAL,All students,160.588000488281,0,1
statepct,RED,4,2007,AK,PC:P2,TOTAL,All students,192.156002807617,0,1
statepct,RED,4,2007,AK,PC:P5,TOTAL,All students,219.192001342774,0,1
statepct,RED,4,2007,AK,PC:P9,TOTAL,All students,260.998004150391,0,1
statepct,RED,4,2007,AL,PC:P1,TOTAL,All students,169.538000488281,0,1
statepct,RED,4,2007,AL,PC:P2,TOTAL,All students,193.269998168945,0,1
statepct,RED,4,2007,AL,PC:P5,TOTAL,All students,218.992004394531,0,1
statepct,RED,4,2007,AL,PC:P9,TOTAL,All students,260.461999511719,0,1
statepct,RED,4,2007,AR,PC:P1,TOTAL,All students,171.352001953125,0,1
statepct,RED,4,2007,AR,PC:P2,TOTAL,All students,195.572003173828,0,1
statepct,RED,4,2007,AR,PC:P5,TOTAL,All students,219.99400024414,0,1
statepct,RED,4,2007,AR,PC:P9,TOTAL,All students,259.646002197266,0,1
statepct,RED,4,2007,AZ,PC:P1,TOTAL,All students,157.825997924805,0,1
statepct,RED,4,2007,AZ,PC:P2,TOTAL,All students,185.967999267578,0,1
statepct,RED,4,2007,AZ,PC:P5,TOTAL,All students,213.617999267578,0,1
statepct,RED,4,2007,AZ,PC:P9,TOTAL,All students,255.789999389649,0,1
statepct,RED,4,2007,CA,PC:P1,TOTAL,All students,157.415997314453,0,1
statepct,RED,4,2007,CA,PC:P2,TOTAL,All students,184.038000488281,0,1
statepct,RED,4,2007,CA,PC:P5,TOTAL,All students,211.007998657227,0,1
statepct,RED,4,2007,CA,PC:P9,TOTAL,All students,256.162002563477,0,1
statepct,RED,4,2007,CO,PC:P1,TOTAL,All students,177.533996582031,0,1
statepct,RED,4,2007,CO,PC:P2,TOTAL,All students,202.195999145508,0,1
statepct,RED,4,2007,CO,PC:P5,TOTAL,All students,226.430001831055,0,1
statepct,RED,4,2007,CO,PC:P9,TOTAL,All students,266.338000488281,0,1
statepct,RED,4,2007,CT,PC:P1,TOTAL,All students,178.741998291015,0,1
statepct,RED,4,2007,CT,PC:P2,TOTAL,All students,204.831997680664,0,1
statepct,RED,4,2007,CT,PC:P5,TOTAL,All students,230.62799987793,0,1
statepct,RED,4,2007,CT,PC:P9,TOTAL,All students,271.25400390625,0,1
statepct,RED,4,2007,DC,PC:P1,TOTAL,All students,147.508001708984,0,1
statepct,RED,4,2007,DC,PC:P2,TOTAL,All students,171.205999755859,0,1
statepct,RED,4,2007,DC,PC:P5,TOTAL,All students,197.119998168946,0,1
statepct,RED,4,2007,DC,PC:P9,TOTAL,All students,246.103997802735,0,1
statepct,RED,4,2007,DE,PC:P1,TOTAL,All students,186.62399597168,0,1
statepct,RED,4,2007,DE,PC:P2,TOTAL,All students,205.757998657227,0,1
statepct,RED,4,2007,DE,PC:P5,TOTAL,All students,226.160000610352,0,1
statepct,RED,4,2007,DE,PC:P9,TOTAL,All students,262.15599975586,0,1
statepct,RED,4,2007,FL,PC:P1,TOTAL,All students,180.617999267578,0,1
statepct,RED,4,2007,FL,PC:P2,TOTAL,All students,203.296002197266,0,1
statepct,RED,4,2007,FL,PC:P5,TOTAL,All students,225.2,0,1
statepct,RED,4,2007,FL,PC:P9,TOTAL,All students,263.958001708984,0,1
statepct,RED,4,2007,GA,PC:P1,TOTAL,All students,176.875997924805,0,1
statepct,RED,4,2007,GA,PC:P2,TOTAL,All students,198.539999389648,0,1
statepct,RED,4,2007,GA,PC:P5,TOTAL,All students,220.709997558594,0,1
statepct,RED,4,2007,GA,PC:P9,TOTAL,All students,257.530004882813,0,1
statepct,RED,4,2007,HI,PC:P1,TOTAL,All students,165.733999633789,0,1
statepct,RED,4,2007,HI,PC:P2,TOTAL,All students,190.733999633789,0,1
statepct,RED,4,2007,HI,PC:P5,TOTAL,All students,215.793997192383,0,1
statepct,RED,4,2007,HI,PC:P9,TOTAL,All students,257.873999023438,0,1
statepct,RED,4,2007,ID,PC:P1,TOTAL,All students,180.391998291016,0,1
statepct,RED,4,2007,ID,PC:P2,TOTAL,All students,202.980001831055,0,1
statepct,RED,4,2007,ID,PC:P5,TOTAL,All students,225.985998535156,0,1
statepct,RED,4,2007,ID,PC:P9,TOTAL,All students,263.794000244141,0,1
statepct,RED,4,2009,AK,PC:P1,TOTAL,All students,153.795999145508,0,1
statepct,RED,4,2009,AK,PC:P2,TOTAL,All students,188.410000610352,0,1
statepct,RED,4,2009,AK,PC:P5,TOTAL,All students,217.072003173828,0,1
statepct,RED,4,2009,AK,PC:P9,TOTAL,All students,257.971997070313,0,1
statepct,RED,4,2009,AL,PC:P1,TOTAL,All students,169.587997436524,0,1
statepct,RED,4,2009,AL,PC:P2,TOTAL,All students,194.075997924805,0,1
statepct,RED,4,2009,AL,PC:P5,TOTAL,All students,219.188000488281,0,1
statepct,RED,4,2009,AL,PC:P9,TOTAL,All students,259.561999511719,0,1
statepct,RED,4,2009,AR,PC:P1,TOTAL,All students,166.96799621582,0,1
statepct,RED,4,2009,AR,PC:P2,TOTAL,All students,195.235998535156,0,1
statepct,RED,4,2009,AR,PC:P5,TOTAL,All students,219.883999633789,0,1
statepct,RED,4,2009,AR,PC:P9,TOTAL,All students,259.967999267578,0,1
statepct,RED,4,2009,AZ,PC:P1,TOTAL,All students,156.885998535156,0,1
statepct,RED,4,2009,AZ,PC:P2,TOTAL,All students,186.604000854492,0,1
statepct,RED,4,2009,AZ,PC:P5,TOTAL,All students,214.036001586914,0,1
statepct,RED,4,2009,AZ,PC:P9,TOTAL,All students,256.946002197265,0,1
statepct,RED,4,2009,CA,PC:P1,TOTAL,All students,159.937997436523,0,1
statepct,RED,4,2009,CA,PC:P2,TOTAL,All students,185.312002563477,0,1
statepct,RED,4,2009,CA,PC:P5,TOTAL,All students,211.660000610352,0,1
statepct,RED,4,2009,CA,PC:P9,TOTAL,All students,257.045999145508,0,1
statepct,RED,4,2009,CO,PC:P1,TOTAL,All students,176.51799621582,0,1
statepct,RED,4,2009,CO,PC:P2,TOTAL,All students,204.091995239258,0,1
statepct,RED,4,2009,CO,PC:P5,TOTAL,All students,229.840002441406,0,1
statepct,RED,4,2009,CO,PC:P9,TOTAL,All students,268.944006347656,0,1
statepct,RED,4,2009,CT,PC:P1,TOTAL,All students,182.983999633789,0,1
statepct,RED,4,2009,CT,PC:P2,TOTAL,All students,208.788000488281,0,1
statepct,RED,4,2009,CT,PC:P5,TOTAL,All students,232.248001098633,0,1
statepct,RED,4,2009,CT,PC:P9,TOTAL,All students,270.329992675781,0,1
statepct,RED,4,2009,DC,PC:P1,TOTAL,All students,153.492001342773,0,1
statepct,RED,4,2009,DC,PC:P2,TOTAL,All students,177.269998168945,0,1
statepct,RED,4,2009,DC,PC:P5,TOTAL,All students,202.273999023438,0,1
statepct,RED,4,2009,DC,PC:P9,TOTAL,All students,250.515997314453,0,1
statepct,RED,4,2009,DE,PC:P1,TOTAL,All students,186.524002075195,0,1
statepct,RED,4,2009,DE,PC:P2,TOTAL,All students,205.8,0,1
statepct,RED,4,2009,DE,PC:P5,TOTAL,All students,226.591998291016,0,1
statepct,RED,4,2009,DE,PC:P9,TOTAL,All students,263.364007568359,0,1
statepct,RED,4,2009,FL,PC:P1,TOTAL,All students,185.916003417969,0,1
statepct,RED,4,2009,FL,PC:P2,TOTAL,All students,206.103997802734,0,1
statepct,RED,4,2009,FL,PC:P5,TOTAL,All students,226.833996582031,0,1
statepct,RED,4,2009,FL,PC:P9,TOTAL,All students,263.603997802734,0,1
statepct,RED,4,2009,GA,PC:P1,TOTAL,All students,172.288000488281,0,1
statepct,RED,4,2009,GA,PC:P2,TOTAL,All students,195.324002075196,0,1
statepct,RED,4,2009,GA,PC:P5,TOTAL,All students,219.729998779297,0,1
statepct,RED,4,2009,GA,PC:P9,TOTAL,All students,261.152001953125,0,1
statepct,RED,4,2009,HI,PC:P1,TOTAL,All students,156.559997558594,0,1
statepct,RED,4,2009,HI,PC:P2,TOTAL,All students,187.333999633789,0,1
statepct,RED,4,2009,HI,PC:P5,TOTAL,All students,214.564001464844,0,1
statepct,RED,4,2009,HI,PC:P9,TOTAL,All students,258.591998291016,0,1
statepct,RED,4,2009,ID,PC:P1,TOTAL,All students,177.245999145508,0,1
statepct,RED,4,2009,ID,PC:P2,TOTAL,All students,201.419998168945,0,1
statepct,RED,4,2009,ID,PC:P5,TOTAL,All students,224.188000488281,0,1
statepct,RED,4,2009,ID,PC:P9,TOTAL,All students,260.785998535156,0,1
statepct,RED,4,2011,AK,PC:P1,TOTAL,All students,148.048001098633,0,1
statepct,RED,4,2011,AK,PC:P2,TOTAL,All students,183.361999511719,0,1
statepct,RED,4,2011,AK,PC:P5,TOTAL,All students,214.220004272461,0,1
statepct,RED,4,2011,AK,PC:P9,TOTAL,All students,257.579998779297,0,1
statepct,RED,4,2011,AL,PC:P1,TOTAL,All students,176.011999511719,0,1
statepct,RED,4,2011,AL,PC:P2,TOTAL,All students,199.877996826172,0,1
statepct,RED,4,2011,AL,PC:P5,TOTAL,All students,222.651998901367,0,1
statepct,RED,4,2011,AL,PC:P9,TOTAL,All students,261.574005126953,0,1
statepct,RED,4,2011,AR,PC:P1,TOTAL,All students,168.765997314453,0,1
statepct,RED,4,2011,AR,PC:P2,TOTAL,All students,194.167999267578,0,1
statepct,RED,4,2011,AR,PC:P5,TOTAL,All students,219.783996582031,0,1
statepct,RED,4,2011,AR,PC:P9,TOTAL,All students,260.520001220703,0,1
statepct,RED,4,2011,AZ,PC:P1,TOTAL,All students,161.572003173828,0,1
statepct,RED,4,2011,AZ,PC:P2,TOTAL,All students,189.805999755859,0,1
statepct,RED,4,2011,AZ,PC:P5,TOTAL,All students,215.650003051758,0,1
statepct,RED,4,2011,AZ,PC:P9,TOTAL,All students,258.305993652344,0,1
statepct,RED,4,2011,CA,PC:P1,TOTAL,All students,161.281997680664,0,1
statepct,RED,4,2011,CA,PC:P2,TOTAL,All students,187.751998901367,0,1
statepct,RED,4,2011,CA,PC:P5,TOTAL,All students,213.957998657226,0,1
statepct,RED,4,2011,CA,PC:P9,TOTAL,All students,257.534002685547,0,1
statepct,RED,4,2011,CO,PC:P1,TOTAL,All students,173.229998779297,0,1
statepct,RED,4,2011,CO,PC:P2,TOTAL,All students,202.619998168945,0,1
statepct,RED,4,2011,CO,PC:P5,TOTAL,All students,228.305996704102,0,1
statepct,RED,4,2011,CO,PC:P9,TOTAL,All students,266.699993896484,0,1
statepct,RED,4,2011,CT,PC:P1,TOTAL,All students,179.677996826172,0,1
statepct,RED,4,2011,CT,PC:P2,TOTAL,All students,205.783999633789,0,1
statepct,RED,4,2011,CT,PC:P5,TOTAL,All students,230.560000610352,0,1
statepct,RED,4,2011,CT,PC:P9,TOTAL,All students,271.169995117188,0,1
statepct,RED,4,2011,DC,PC:P1,TOTAL,All students,146.125997924805,0,1
statepct,RED,4,2011,DC,PC:P2,TOTAL,All students,173.045999145508,0,1
statepct,RED,4,2011,DC,PC:P5,TOTAL,All students,201.410000610352,0,1
statepct,RED,4,2011,DC,PC:P9,TOTAL,All students,254.204000854492,0,1
statepct,RED,4,2011,DE,PC:P1,TOTAL,All students,184.166000366211,0,1
statepct,RED,4,2011,DE,PC:P2,TOTAL,All students,205.112002563477,0,1
statepct,RED,4,2011,DE,PC:P5,TOTAL,All students,227.217999267578,0,1
statepct,RED,4,2011,DE,PC:P9,TOTAL,All students,263.276000976563,0,1
statepct,RED,4,2011,FL,PC:P1,TOTAL,All students,182.85,0,1
statepct,RED,4,2011,FL,PC:P2,TOTAL,All students,204.221997070313,0,1
statepct,RED,4,2011,FL,PC:P5,TOTAL,All students,226.214001464844,0,1
statepct,RED,4,2011,FL,PC:P9,TOTAL,All students,264.479992675781,0,1
statepct,RED,4,2011,GA,PC:P1,TOTAL,All students,175.455999755859,0,1
statepct,RED,4,2011,GA,PC:P2,TOTAL,All students,198.611999511719,0,1
statepct,RED,4,2011,GA,PC:P5,TOTAL,All students,223.107998657227,0,1
statepct,RED,4,2011,GA,PC:P9,TOTAL,All students,263.05,0,1
statepct,RED,4,2011,HI,PC:P1,TOTAL,All students,163.514001464844,0,1
statepct,RED,4,2011,HI,PC:P2,TOTAL,All students,190.879998779297,0,1
statepct,RED,4,2011,HI,PC:P5,TOTAL,All students,216.832000732422,0,1
statepct,RED,4,2011,HI,PC:P9,TOTAL,All students,259.297998046875,0,1
statepct,RED,4,2011,ID,PC:P1,TOTAL,All students,175.975997924805,0,1
statepct,RED,4,2011,ID,PC:P2,TOTAL,All students,201.346002197266,0,1
statepct,RED,4,2011,ID,PC:P5,TOTAL,All students,224.222000122071,0,1
statepct,RED,4,2011,ID,PC:P9,TOTAL,All students,261.544000244141,0,1
statepct,RED,4,2013,AK,PC:P1,TOTAL,All students,147.481999969483,0,1
statepct,RED,4,2013,AK,PC:P2,TOTAL,All students,184.231500244141,0,1
statepct,RED,4,2013,AK,PC:P5,TOTAL,All students,216.292500305176,0,1
statepct,RED,4,2013,AK,PC:P9,TOTAL,All students,259.815002441406,0,1
statepct,RED,4,2013,AL,PC:P1,TOTAL,All students,172.407999420166,0,1
statepct,RED,4,2013,AL,PC:P2,TOTAL,All students,198.042002105713,0,1
statepct,RED,4,2013,AL,PC:P5,TOTAL,All students,221.756500244141,0,1
statepct,RED,4,2013,AL,PC:P9,TOTAL,All students,261.172003173828,0,1
statepct,RED,4,2013,AR,PC:P1,TOTAL,All students,169.526000213623,0,1
statepct,RED,4,2013,AR,PC:P2,TOTAL,All students,197.714500427246,0,1
statepct,RED,4,2013,AR,PC:P5,TOTAL,All students,222.943000793457,0,1
statepct,RED,4,2013,AR,PC:P9,TOTAL,All students,261.751002502442,0,1
statepct,RED,4,2013,AZ,PC:P1,TOTAL,All students,161.925001525879,0,1
statepct,RED,4,2013,AZ,PC:P2,TOTAL,All students,190.905001831055,0,1
statepct,RED,4,2013,AZ,PC:P5,TOTAL,All students,217.381000518799,0,1
statepct,RED,4,2013,AZ,PC:P9,TOTAL,All students,258.371496582031,0,1
statepct,RED,4,2013,CA,PC:P1,TOTAL,All students,160.887499237061,0,1
statepct,RED,4,2013,CA,PC:P2,TOTAL,All students,188.383000183106,0,1
statepct,RED,4,2013,CA,PC:P5,TOTAL,All students,216.039498901367,0,1
statepct,RED,4,2013,CA,PC:P9,TOTAL,All students,259.079501342773,0,1
statepct,RED,4,2013,CO,PC:P1,TOTAL,All students,180.022499084473,0,1
statepct,RED,4,2013,CO,PC:P2,TOTAL,All students,206.950499725342,0,1
statepct,RED,4,2013,CO,PC:P5,TOTAL,All students,230.449498748779,0,1
statepct,RED,4,2013,CO,PC:P9,TOTAL,All students,268.435501098633,0,1
statepct,RED,4,2013,CT,PC:P1,TOTAL,All students,185.223001098633,0,1
statepct,RED,4,2013,CT,PC:P2,TOTAL,All students,209.268499755859,0,1
statepct,RED,4,2013,CT,PC:P5,TOTAL,All students,232.078002166748,0,1
statepct,RED,4,2013,CT,PC:P9,TOTAL,All students,271.020002746582,0,1
statepct,RED,4,2013,DC,PC:P1,TOTAL,All students,149.341999053955,0,1
statepct,RED,4,2013,DC,PC:P2,TOTAL,All students,178.392999267578,0,1
statepct,RED,4,2013,DC,PC:P5,TOTAL,All students,207.654000091553,0,1
statepct,RED,4,2013,DC,PC:P9,TOTAL,All students,259.612997436523,0,1
statepct,RED,4,2013,DE,PC:P1,TOTAL,All students,182.235999298096,0,1
statepct,RED,4,2013,DE,PC:P2,TOTAL,All students,205.527000427246,0,1
statepct,RED,4,2013,DE,PC:P5,TOTAL,All students,228.425499725342,0,1
statepct,RED,4,2013,DE,PC:P9,TOTAL,All students,265.967500305176,0,1
statepct,RED,4,2013,FL,PC:P1,TOTAL,All students,186.045500183106,0,1
statepct,RED,4,2013,FL,PC:P2,TOTAL,All students,207.993000793457,0,1
statepct,RED,4,2013,FL,PC:P5,TOTAL,All students,229.485501098633,0,1
statepct,RED,4,2013,FL,PC:P9,TOTAL,All students,266.157002258301,0,1
statepct,RED,4,2013,GA,PC:P1,TOTAL,All students,175.398000335693,0,1
statepct,RED,4,2013,GA,PC:P2,TOTAL,All students,199.045500183106,0,1
statepct,RED,4,2013,GA,PC:P5,TOTAL,All students,223.961499786377,0,1
statepct,RED,4,2013,GA,PC:P9,TOTAL,All students,265.45950012207,0,1
statepct,RED,4,2013,HI,PC:P1,TOTAL,All students,161.794999694824,0,1
statepct,RED,4,2013,HI,PC:P2,TOTAL,All students,192.210499572754,0,1
statepct,RED,4,2013,HI,PC:P5,TOTAL,All students,219.51849899292,0,1
statepct,RED,4,2013,HI,PC:P9,TOTAL,All students,261.844500732422,0,1
statepct,RED,4,2013,ID,PC:P1,TOTAL,All students,171.033500671387,0,1
statepct,RED,4,2013,ID,PC:P2,TOTAL,All students,199.334001922607,0,1
statepct,RED,4,2013,ID,PC:P5,TOTAL,All students,224.090998840332,0,1
statepct,RED,4,2013,ID,PC:P9,TOTAL,All students,261.859498596191,0,1
statepct,RED,4,2015,AK,PC:P1,TOTAL,All students,154.053500366211,0,1
statepct,RED,4,2015,AK,PC:P2,TOTAL,All students,189.583500671387,0,1
statepct,RED,4,2015,AK,PC:P5,TOTAL,All students,219.75299911499,0,1
statepct,RED,4,2015,AK,PC:P9,TOTAL,All students,260.888996887207,0,1
statepct,RED,4,2015,AL,PC:P1,TOTAL,All students,171.617999267578,0,1
statepct,RED,4,2015,AL,PC:P2,TOTAL,All students,196.703498840332,0,1
statepct,RED,4,2015,AL,PC:P5,TOTAL,All students,220.931998443604,0,1
statepct,RED,4,2015,AL,PC:P9,TOTAL,All students,257.624995422363,0,1
statepct,RED,4,2015,AR,PC:P1,TOTAL,All students,168.717000579834,0,1
statepct,RED,4,2015,AR,PC:P2,TOTAL,All students,196.197499847412,0,1
statepct,RED,4,2015,AR,PC:P5,TOTAL,All students,222.555001068115,0,1
statepct,RED,4,2015,AR,PC:P9,TOTAL,All students,260.828500366211,0,1
statepct,RED,4,2015,AZ,PC:P1,TOTAL,All students,163.151501464844,0,1
statepct,RED,4,2015,AZ,PC:P2,TOTAL,All students,192.860499572754,0,1
statepct,RED,4,2015,AZ,PC:P5,TOTAL,All students,219.406500244141,0,1
statepct,RED,4,2015,AZ,PC:P9,TOTAL,All students,261.862503051758,0,1
statepct,RED,4,2015,CA,PC:P1,TOTAL,All students,159.851998901367,0,1
statepct,RED,4,2015,CA,PC:P2,TOTAL,All students,188.334999084473,0,1
statepct,RED,4,2015,CA,PC:P5,TOTAL,All students,216.526499176025,0,1
statepct,RED,4,2015,CA,PC:P9,TOTAL,All students,260.00650177002,0,1
statepct,RED,4,2015,CO,PC:P1,TOTAL,All students,174.102500152588,0,1
statepct,RED,4,2015,CO,PC:P2,TOTAL,All students,202.80299987793,0,1
statepct,RED,4,2015,CO,PC:P5,TOTAL,All students,228.24400100708,0,1
statepct,RED,4,2015,CO,PC:P9,TOTAL,All students,267.439498901367,0,1
statepct,RED,4,2015,CT,PC:P1,TOTAL,All students,181.412500762939,0,1
statepct,RED,4,2015,CT,PC:P2,TOTAL,All students,207.201000213623,0,1
statepct,RED,4,2015,CT,PC:P5,TOTAL,All students,232.366501617432,0,1
statepct,RED,4,2015,CT,PC:P9,TOTAL,All students,272.369998168945,0,1
statepct,RED,4,2015,DC,PC:P1,TOTAL,All students,158.077001190186,0,1
statepct,RED,4,2015,DC,PC:P2,TOTAL,All students,185.593500518799,0,1
statepct,RED,4,2015,DC,PC:P5,TOTAL,All students,213.824001312256,0,1
statepct,RED,4,2015,DC,PC:P9,TOTAL,All students,264.055500793457,0,1
statepct,RED,4,2015,DE,PC:P1,TOTAL,All students,175.483499908447,0,1
statepct,RED,4,2015,DE,PC:P2,TOTAL,All students,202.187000274658,0,1
statepct,RED,4,2015,DE,PC:P5,TOTAL,All students,227.36900177002,0,1
statepct,RED,4,2015,DE,PC:P9,TOTAL,All students,266.595001220703,0,1
statepct,RED,4,2015,FL,PC:P1,TOTAL,All students,186.717999267578,0,1
statepct,RED,4,2015,FL,PC:P2,TOTAL,All students,207.554500579834,0,1
statepct,RED,4,2015,FL,PC:P5,TOTAL,All students,229.184501647949,0,1
statepct,RED,4,2015,FL,PC:P9,TOTAL,All students,264.834002685547,0,1
statepct,RED,4,2015,GA,PC:P1,TOTAL,All students,177.070500946045,0,1
statepct,RED,4,2015,GA,PC:P2,TOTAL,All students,200.544998931885,0,1
statepct,RED,4,2015,GA,PC:P5,TOTAL,All students,224.533000183106,0,1
statepct,RED,4,2015,GA,PC:P9,TOTAL,All students,263.112498474121,0,1
statepct,RED,4,2015,HI,PC:P1,TOTAL,All students,164.299499511719,0,1
statepct,RED,4,2015,HI,PC:P2,TOTAL,All students,192.502497863769,0,1
statepct,RED,4,2015,HI,PC:P5,TOTAL,All students,219.089499664307,0,1
statepct,RED,4,2015,HI,PC:P9,TOTAL,All students,260.488000488281,0,1
statepct,RED,4,2015,ID,PC:P1,TOTAL,All students,173.555499267578,0,1
statepct,RED,4,2015,ID,PC:P2,TOTAL,All students,200.500498199463,0,1
statepct,RED,4,2015,ID,PC:P5,TOTAL,All students,226.390502166748,0,1
statepct,RED,4,2015,ID,PC:P9,TOTAL,All students,263.80700378418,0,1
statepct,RED,4,2017,AK,PC:P1,TOTAL,All students,140.42149887085,0,1
statepct,RED,4,2017,AK,PC:P2,TOTAL,All students,181.380999755859,0,1
statepct,RED,4,2017,AK,PC:P5,TOTAL,All students,215.071000671387,0,1
statepct,RED,4,2017,AK,PC:P9,TOTAL,All students,260.062001037598,0,1
statepct,RED,4,2017,AL,PC:P1,TOTAL,All students,163.258501434326,0,1
statepct,RED,4,2017,AL,PC:P2,TOTAL,All students,192.723499298096,0,1
statepct,RED,4,2017,AL,PC:P5,TOTAL,All students,221.22200012207,0,1
statepct,RED,4,2017,AL,PC:P9,TOTAL,All students,261.95350189209,0,1
statepct,RED,4,2017,AR,PC:P1,TOTAL,All students,162.47200012207,0,1
statepct,RED,4,2017,AR,PC:P2,TOTAL,All students,192.663500976563,0,1
statepct,RED,4,2017,AR,PC:P5,TOTAL,All students,220.492500305176,0,1
statepct,RED,4,2017,AR,PC:P9,TOTAL,All students,262.074998474121,0,1
statepct,RED,4,2017,AZ,PC:P1,TOTAL,All students,161.517000579834,0,1
statepct,RED,4,2017,AZ,PC:P2,TOTAL,All students,190.364500427246,0,1
statepct,RED,4,2017,AZ,PC:P5,TOTAL,All students,219.354999542236,0,1
statepct,RED,4,2017,AZ,PC:P9,TOTAL,All students,262.974000549317,0,1
statepct,RED,4,2017,CA,PC:P1,TOTAL,All students,160.257500457764,0,1
statepct,RED,4,2017,CA,PC:P2,TOTAL,All students,189.92200088501,0,1
statepct,RED,4,2017,CA,PC:P5,TOTAL,All students,219.523499298096,0,1
statepct,RED,4,2017,CA,PC:P9,TOTAL,All students,264.410998535156,0,1
statepct,RED,4,2017,CO,PC:P1,TOTAL,All students,173.568000030517,0,1
statepct,RED,4,2017,CO,PC:P2,TOTAL,All students,202.408000183105,0,1
statepct,RED,4,2017,CO,PC:P5,TOTAL,All students,229.349002075195,0,1
statepct,RED,4,2017,CO,PC:P9,TOTAL,All students,268.548500061035,0,1
statepct,RED,4,2017,CT,PC:P1,TOTAL,All students,179.519499206543,0,1
statepct,RED,4,2017,CT,PC:P2,TOTAL,All students,206.571499633789,0,1
statepct,RED,4,2017,CT,PC:P5,TOTAL,All students,231.875997924805,0,1
statepct,RED,4,2017,CT,PC:P9,TOTAL,All students,271.441000366211,0,1
statepct,RED,4,2017,DC,PC:P1,TOTAL,All students,159.015000915527,0,1
statepct,RED,4,2017,DC,PC:P2,TOTAL,All students,185.833998870849,0,1
statepct,RED,4,2017,DC,PC:P5,TOTAL,All students,214.977000427246,0,1
statepct,RED,4,2017,DC,PC:P9,TOTAL,All students,265.113500976563,0,1
statepct,RED,4,2017,DE,PC:P1,TOTAL,All students,169.921000671387,0,1
statepct,RED,4,2017,DE,PC:P2,TOTAL,All students,198.339001464844,0,1
statepct,RED,4,2017,DE,PC:P5,TOTAL,All students,225.085498809815,0,1
statepct,RED,4,2017,DE,PC:P9,TOTAL,All students,266.784001159668,0,1
statepct,RED,4,2017,FL,PC:P1,TOTAL,All students,184.002498626709,0,1
statepct,RED,4,2017,FL,PC:P2,TOTAL,All students,207.429000854492,0,1
statepct,RED,4,2017,FL,PC:P5,TOTAL,All students,230.620998382568,0,1
statepct,RED,4,2017,FL,PC:P9,TOTAL,All students,269.00899810791,0,1
statepct,RED,4,2017,GA,PC:P1,TOTAL,All students,166.892500305176,0,1
statepct,RED,4,2017,GA,PC:P2,TOTAL,All students,196.340501403809,0,1
statepct,RED,4,2017,GA,PC:P5,TOTAL,All students,224.312500762939,0,1
statepct,RED,4,2017,GA,PC:P9,TOTAL,All students,265.353999328613,0,1
statepct,RED,4,2017,HI,PC:P1,TOTAL,All students,162.754999542236,0,1
statepct,RED,4,2017,HI,PC:P2,TOTAL,All students,191.959498596191,0,1
statepct,RED,4,2017,HI,PC:P5,TOTAL,All students,220.705500030518,0,1
statepct,RED,4,2017,HI,PC:P9,TOTAL,All students,262.600999450684,0,1
statepct,RED,4,2017,ID,PC:P1,TOTAL,All students,172.292001342773,0,1
statepct,RED,4,2017,ID,PC:P2,TOTAL,All students,201.188998413086,0,1
statepct,RED,4,2017,ID,PC:P5,TOTAL,All students,228.072501373291,0,1
statepct,RED,4,2017,ID,PC:P9,TOTAL,All students,265.616999816895,0,1
statepct,RED,4,2019,AK,PC:P1,TOTAL,All students,139.713498687744,0,1
statepct,RED,4,2019,AK,PC:P2,TOTAL,All students,175.85950012207,0,1
statepct,RED,4,2019,AK,PC:P5,TOTAL,All students,211.793499755859,0,1
statepct,RED,4,2019,AK,PC:P9,TOTAL,All students,257.885998535156,0,1
statepct,RED,4,2019,AL,PC:P1,TOTAL,All students,157.476999664307,0,1
statepct,RED,4,2019,AL,PC:P2,TOTAL,All students,186.581999206543,0,1
statepct,RED,4,2019,AL,PC:P5,TOTAL,All students,216.06199798584,0,1
statepct,RED,4,2019,AL,PC:P9,TOTAL,All students,259.592999267578,0,1
statepct,RED,4,2019,AR,PC:P1,TOTAL,All students,158.9255027771,0,1
statepct,RED,4,2019,AR,PC:P2,TOTAL,All students,190.944000244141,0,1
statepct,RED,4,2019,AR,PC:P5,TOTAL,All students,220.470500183106,0,1
statepct,RED,4,2019,AR,PC:P9,TOTAL,All students,262.578001403809,0,1
statepct,RED,4,2019,AZ,PC:P1,TOTAL,All students,162.345999145508,0,1
statepct,RED,4,2019,AZ,PC:P2,TOTAL,All students,190.950501251221,0,1
statepct,RED,4,2019,AZ,PC:P5,TOTAL,All students,220.154001617432,0,1
statepct,RED,4,2019,AZ,PC:P9,TOTAL,All students,262.895500183106,0,1
statepct,RED,4,2019,CA,PC:P1,TOTAL,All students,161.013500213623,0,1
statepct,RED,4,2019,CA,PC:P2,TOTAL,All students,191.365000152588,0,1
statepct,RED,4,2019,CA,PC:P5,TOTAL,All students,220.701000976562,0,1
statepct,RED,4,2019,CA,PC:P9,TOTAL,All students,264.828999328613,0,1
statepct,RED,4,2019,CO,PC:P1,TOTAL,All students,173.704499053955,0,1
statepct,RED,4,2019,CO,PC:P2,TOTAL,All students,202.545999145508,0,1
statepct,RED,4,2019,CO,PC:P5,TOTAL,All students,228.957498168945,0,1
statepct,RED,4,2019,CO,PC:P9,TOTAL,All students,269.372500610352,0,1
statepct,RED,4,2019,CT,PC:P1,TOTAL,All students,170.68099975586,0,1
statepct,RED,4,2019,CT,PC:P2,TOTAL,All students,201.079499053955,0,1
statepct,RED,4,2019,CT,PC:P5,TOTAL,All students,229.198000335693,0,1
statepct,RED,4,2019,CT,PC:P9,TOTAL,All students,270.433499145508,0,1
statepct,RED,4,2019,DC,PC:P1,TOTAL,All students,159.16600112915,0,1
statepct,RED,4,2019,DC,PC:P2,TOTAL,All students,186.016498565674,0,1
statepct,RED,4,2019,DC,PC:P5,TOTAL,All students,215.789999389648,0,1
statepct,RED,4,2019,DC,PC:P9,TOTAL,All students,267.193000793457,0,1
statepct,RED,4,2019,DE,PC:P1,TOTAL,All students,164.608000946045,0,1
statepct,RED,4,2019,DE,PC:P2,TOTAL,All students,192.279498291016,0,1
statepct,RED,4,2019,DE,PC:P5,TOTAL,All students,221.379000091553,0,1
statepct,RED,4,2019,DE,PC:P9,TOTAL,All students,265.613497924805,0,1
statepct,RED,4,2019,FL,PC:P1,TOTAL,All students,177.688998413086,0,1
statepct,RED,4,2019,FL,PC:P2,TOTAL,All students,202.446999359131,0,1
statepct,RED,4,2019,FL,PC:P5,TOTAL,All students,227.698498535156,0,1
statepct,RED,4,2019,FL,PC:P9,TOTAL,All students,267.10199584961,0,1
statepct,RED,4,2019,GA,PC:P1,TOTAL,All students,164.64700012207,0,1
statepct,RED,4,2019,GA,PC:P2,TOTAL,All students,193.282499694824,0,1
statepct,RED,4,2019,GA,PC:P5,TOTAL,All students,221.376998901367,0,1
statepct,RED,4,2019,GA,PC:P9,TOTAL,All students,266.010502624512,0,1
statepct,RED,4,2019,HI,PC:P1,TOTAL,All students,163.176001739502,0,1
statepct,RED,4,2019,HI,PC:P2,TOTAL,All students,191.79649810791,0,1
statepct,RED,4,2019,HI,PC:P5,TOTAL,All students,221.925500488281,0,1
statepct,RED,4,2019,HI,PC:P9,TOTAL,All students,265.236999511719,0,1
statepct,RED,4,2019,ID,PC:P1,TOTAL,All students,171.434499359131,0,1
statepct,RED,4,2019,ID,PC:P2,TOTAL,All students,200.65650100708,0,1
statepct,RED,4,2019,ID,PC:P5,TOTAL,All students,227.253999328613,0,1
statepct,RED,4,2019,ID,PC:P9,TOTAL,All students,266.566999816895,0,1
statepct,RED,4,2022,AK,PC:P1,TOTAL,All students,141.658000183106,0,1
statepct,RED,4,2022,AK,PC:P2,TOTAL,All students,174.412000274658,0,1
statepct,RED,4,2022,AK,PC:P5,TOTAL,All students,209.40950012207,0,1
statepct,RED,4,2022,AK,PC:P9,TOTAL,All students,257.168000030518,0,1
statepct,RED,4,2022,AL,PC:P1,TOTAL,All students,160.875,0,1
statepct,RED,4,2022,AL,PC:P2,TOTAL,All students,188.359999847412,0,1
statepct,RED,4,2022,AL,PC:P5,TOTAL,All students,216.98450012207,0,1
statepct,RED,4,2022,AL,PC:P9,TOTAL,All students,260.111003112793,0,1
statepct,RED,4,2022,AR,PC:P1,TOTAL,All students,153.061000061035,0,1
statepct,RED,4,2022,AR,PC:P2,TOTAL,All students,184.360499572754,0,1
statepct,RED,4,2022,AR,PC:P5,TOTAL,All students,217.085500335693,0,1
statepct,RED,4,2022,AR,PC:P9,TOTAL,All students,262.762498474121,0,1
statepct,RED,4,2022,AZ,PC:P1,TOTAL,All students,161.284999847412,0,1
statepct,RED,4,2022,AZ,PC:P2,TOTAL,All students,189.519000244141,0,1
statepct,RED,4,2022,AZ,PC:P5,TOTAL,All students,219.955500030518,0,1
statepct,RED,4,2022,AZ,PC:P9,TOTAL,All students,262.556001281738,0,1
statepct,RED,4,2022,CA,PC:P1,TOTAL,All students,157.01199798584,0,1
statepct,RED,4,2022,CA,PC:P2,TOTAL,All students,186.15299911499,0,1
statepct,RED,4,2022,CA,PC:P5,TOTAL,All students,217.721499633789,0,1
statepct,RED,4,2022,CA,PC:P9,TOTAL,All students,266.097499084473,0,1
statepct,RED,4,2022,CO,PC:P1,TOTAL,All students,169.911000823975,0,1
statepct,RED,4,2022,CO,PC:P2,TOTAL,All students,197.969497680664,0,1
statepct,RED,4,2022,CO,PC:P5,TOTAL,All students,226.666500854492,0,1
statepct,RED,4,2022,CO,PC:P9,TOTAL,All students,269.812002563476,0,1
statepct,RED,4,2022,CT,PC:P1,TOTAL,All students,163.553499603272,0,1
statepct,RED,4,2022,CT,PC:P2,TOTAL,All students,193.463498687744,0,1
statepct,RED,4,2022,CT,PC:P5,TOTAL,All students,222.81549911499,0,1
statepct,RED,4,2022,CT,PC:P9,TOTAL,All students,267.983500671387,0,1
statepct,RED,4,2022,DC,PC:P1,TOTAL,All students,144.876000976562,0,1
statepct,RED,4,2022,DC,PC:P2,TOTAL,All students,173.691999816895,0,1
statepct,RED,4,2022,DC,PC:P5,TOTAL,All students,207.59349899292,0,1
statepct,RED,4,2022,DC,PC:P9,TOTAL,All students,268.557496643067,0,1
statepct,RED,4,2022,DE,PC:P1,TOTAL,All students,151.97200088501,0,1
statepct,RED,4,2022,DE,PC:P2,TOTAL,All students,180.966498565674,0,1
statepct,RED,4,2022,DE,PC:P5,TOTAL,All students,211.271499633789,0,1
statepct,RED,4,2022,DE,PC:P9,TOTAL,All students,259.270999145508,0,1
statepct,RED,4,2022,FL,PC:P1,TOTAL,All students,175.825001525879,0,1
statepct,RED,4,2022,FL,PC:P2,TOTAL,All students,202.462001037598,0,1
statepct,RED,4,2022,FL,PC:P5,TOTAL,All students,228.574501800537,0,1
statepct,RED,4,2022,FL,PC:P9,TOTAL,All students,267.16499786377,0,1
statepct,RED,4,2022,GA,PC:P1,TOTAL,All students,159.992500305176,0,1
statepct,RED,4,2022,GA,PC:P2,TOTAL,All students,189.520500946045,0,1
statepct,RED,4,2022,GA,PC:P5,TOTAL,All students,219.625998687744,0,1
statepct,RED,4,2022,GA,PC:P9,TOTAL,All students,265.486003112793,0,1
statepct,RED,4,2022,HI,PC:P1,TOTAL,All students,162.184000396728,0,1
statepct,RED,4,2022,HI,PC:P2,TOTAL,All students,192.570500183106,0,1
statepct,RED,4,2022,HI,PC:P5,TOTAL,All students,223.137499237061,0,1
statepct,RED,4,2022,HI,PC:P9,TOTAL,All students,268.592001342773,0,1
statepct,RED,4,2022,ID,PC:P1,TOTAL,All students,157.733500671387,0,1
statepct,RED,4,2022,ID,PC:P2,TOTAL,All students,189.365000915527,0,1
statepct,RED,4,2022,ID,PC:P5,TOTAL,All students,220.137997436523,0,1
statepct,RED,4,2022,ID,PC:P9,TOTAL,All students,263.572497558594,0,1
statepct,RED,4,2024,AK,PC:P1,TOTAL,All students,142.106999969483,0,1
statepct,RED,4,2024,AK,PC:P2,TOTAL,All students,171.47200088501,0,1
statepct,RED,4,2024,AK,PC:P5,TOTAL,All students,205.009999084473,0,1
statepct,RED,4,2024,AK,PC:P9,TOTAL,All students,256.086500549316,0,1
statepct,RED,4,2024,AL,PC:P1,TOTAL,All students,159.623999023438,0,1
statepct,RED,4,2024,AL,PC:P2,TOTAL,All students,187.076999664307,0,1
statepct,RED,4,2024,AL,PC:P5,TOTAL,All students,215.508999633789,0,1
statepct,RED,4,2024,AL,PC:P9,TOTAL,All students,262.229998779297,0,1
statepct,RED,4,2024,AR,PC:P1,TOTAL,All students,148.831498718262,0,1
statepct,RED,4,2024,AR,PC:P2,TOTAL,All students,180.956999969482,0,1
statepct,RED,4,2024,AR,PC:P5,TOTAL,All students,215.012998962402,0,1
statepct,RED,4,2024,AR,PC:P9,TOTAL,All students,261.892999267578,0,1
statepct,RED,4,2024,AZ,PC:P1,TOTAL,All students,147.364999389649,0,1
statepct,RED,4,2024,AZ,PC:P2,TOTAL,All students,178.682000732422,0,1
statepct,RED,4,2024,AZ,PC:P5,TOTAL,All students,211.960998535156,0,1
statepct,RED,4,2024,AZ,PC:P9,TOTAL,All students,261.997999572754,0,1
statepct,RED,4,2024,CA,PC:P1,TOTAL,All students,155.251501464844,0,1
statepct,RED,4,2024,CA,PC:P2,TOTAL,All students,183.42799911499,0,1
statepct,RED,4,2024,CA,PC:P5,TOTAL,All students,214.87200088501,0,1
statepct,RED,4,2024,CA,PC:P9,TOTAL,All students,262.901501464844,0,1
statepct,RED,4,2024,CO,PC:P1,TOTAL,All students,167.086000823975,0,1
statepct,RED,4,2024,CO,PC:P2,TOTAL,All students,195.198999786377,0,1
statepct,RED,4,2024,CO,PC:P5,TOTAL,All students,223.819000244141,0,1
statepct,RED,4,2024,CO,PC:P9,TOTAL,All students,269.77200012207,0,1
statepct,RED,4,2024,CT,PC:P1,TOTAL,All students,159.687498474121,0,1
statepct,RED,4,2024,CT,PC:P2,TOTAL,All students,191.126999664307,0,1
statepct,RED,4,2024,CT,PC:P5,TOTAL,All students,223.137499237061,0,1
statepct,RED,4,2024,CT,PC:P9,TOTAL,All students,270.905000305176,0,1
statepct,RED,4,2024,DC,PC:P1,TOTAL,All students,145.015999603272,0,1
statepct,RED,4,2024,DC,PC:P2,TOTAL,All students,175.380001068115,0,1
statepct,RED,4,2024,DC,PC:P5,TOTAL,All students,210.605000305176,0,1
statepct,RED,4,2024,DC,PC:P9,TOTAL,All students,270.488499450684,0,1
statepct,RED,4,2024,DE,PC:P1,TOTAL,All students,151.411500549316,0,1
statepct,RED,4,2024,DE,PC:P2,TOTAL,All students,182.261500549317,0,1
statepct,RED,4,2024,DE,PC:P5,TOTAL,All students,213.939999389648,0,1
statepct,RED,4,2024,DE,PC:P9,TOTAL,All students,260.094996643066,0,1
statepct,RED,4,2024,FL,PC:P1,TOTAL,All students,164.261498260498,0,1
statepct,RED,4,2024,FL,PC:P2,TOTAL,All students,192.666500091553,0,1
statepct,RED,4,2024,FL,PC:P5,TOTAL,All students,221.392999267578,0,1
statepct,RED,4,2024,FL,PC:P9,TOTAL,All students,266.708502197266,0,1
statepct,RED,4,2024,GA,PC:P1,TOTAL,All students,156.634999084473,0,1
statepct,RED,4,2024,GA,PC:P2,TOTAL,All students,187.353999328613,0,1
statepct,RED,4,2024,GA,PC:P5,TOTAL,All students,218.397501373291,0,1
statepct,RED,4,2024,GA,PC:P9,TOTAL,All students,265.041496276856,0,1
statepct,RED,4,2024,HI,PC:P1,TOTAL,All students,160.35599899292,0,1
statepct,RED,4,2024,HI,PC:P2,TOTAL,All students,189.973500061035,0,1
statepct,RED,4,2024,HI,PC:P5,TOTAL,All students,219.674999237061,0,1
statepct,RED,4,2024,HI,PC:P9,TOTAL,All students,265.097502136231,0,1
statepct,RED,4,2024,ID,PC:P1,TOTAL,All students,159.762998199463,0,1
statepct,RED,4,2024,ID,PC:P2,TOTAL,All students,189.525500488281,0,1
statepct,RED,4,2024,ID,PC:P5,TOTAL,All students,220.851500701904,0,1
statepct,RED,4,2024,ID,PC:P9,TOTAL,All students,263.436999511719,0,1
statepct,RED,4,2003,IA,PC:P1,TOTAL,All students,179.010000610352,0,1
statepct,RED,4,2003,IA,PC:P2,TOTAL,All students,202.94599609375,0,1
statepct,RED,4,2003,IA,PC:P5,TOTAL,All students,225.816000366211,0,1
statepct,RED,4,2003,IA,PC:P9,TOTAL,All students,263.186004638672,0,1
statepct,RED,4,2003,IL,PC:P1,TOTAL,All students,163.696002197266,0,1
statepct,RED,4,2003,IL,PC:P2,TOTAL,All students,191.410003662109,0,1
statepct,RED,4,2003,IL,PC:P5,TOTAL,All students,219.244000244141,0,1
statepct,RED,4,2003,IL,PC:P9,TOTAL,All students,263.632000732422,0,1
statepct,RED,4,2003,IN,PC:P1,TOTAL,All students,173.307998657227,0,1
statepct,RED,4,2003,IN,PC:P2,TOTAL,All students,198.123999023438,0,1
statepct,RED,4,2003,IN,PC:P5,TOTAL,All students,222.751998901367,0,1
statepct,RED,4,2003,IN,PC:P9,TOTAL,All students,263.660003662109,0,1
statepct,RED,4,2003,KS,PC:P1,TOTAL,All students,172.563995361328,0,1
statepct,RED,4,2003,KS,PC:P2,TOTAL,All students,197.506002807617,0,1
statepct,RED,4,2003,KS,PC:P5,TOTAL,All students,223.016003417969,0,1
statepct,RED,4,2003,KS,PC:P9,TOTAL,All students,263.323999023438,0,1
statepct,RED,4,2003,KY,PC:P1,TOTAL,All students,174.249996948242,0,1
statepct,RED,4,2003,KY,PC:P2,TOTAL,All students,196.705999755859,0,1
statepct,RED,4,2003,KY,PC:P5,TOTAL,All students,221.039999389649,0,1
statepct,RED,4,2003,KY,PC:P9,TOTAL,All students,261.177990722656,0,1
statepct,RED,4,2003,LA,PC:P1,TOTAL,All students,154.100003051758,0,1
statepct,RED,4,2003,LA,PC:P2,TOTAL,All students,179.644000244141,0,1
statepct,RED,4,2003,LA,PC:P5,TOTAL,All students,206.864001464844,0,1
statepct,RED,4,2003,LA,PC:P9,TOTAL,All students,252.315997314453,0,1
statepct,RED,4,2003,MA,PC:P1,TOTAL,All students,183.216000366211,0,1
statepct,RED,4,2003,MA,PC:P2,TOTAL,All students,206.005996704101,0,1
statepct,RED,4,2003,MA,PC:P5,TOTAL,All students,229.657998657227,0,1
statepct,RED,4,2003,MA,PC:P9,TOTAL,All students,268.891998291016,0,1
statepct,RED,4,2003,MD,PC:P1,TOTAL,All students,168.915997314453,0,1
statepct,RED,4,2003,MD,PC:P2,TOTAL,All students,193.811999511719,0,1
statepct,RED,4,2003,MD,PC:P5,TOTAL,All students,220.410000610352,0,1
statepct,RED,4,2003,MD,PC:P9,TOTAL,All students,265.726000976563,0,1
statepct,RED,4,2003,ME,PC:P1,TOTAL,All students,179.457998657226,0,1
statepct,RED,4,2003,ME,PC:P2,TOTAL,All students,202.914001464844,0,1
statepct,RED,4,2003,ME,PC:P5,TOTAL,All students,226.087997436523,0,1
statepct,RED,4,2003,ME,PC:P9,TOTAL,All students,264.008001708984,0,1
statepct,RED,4,2003,MI,PC:P1,TOTAL,All students,169.861996459961,0,1
statepct,RED,4,2003,MI,PC:P2,TOTAL,All students,195.616000366211,0,1
statepct,RED,4,2003,MI,PC:P5,TOTAL,All students,221.901998901367,0,1
statepct,RED,4,2003,MI,PC:P9,TOTAL,All students,262.928002929688,0,1
statepct,RED,4,2003,MN,PC:P1,TOTAL,All students,172.397998046875,0,1
statepct,RED,4,2003,MN,PC:P2,TOTAL,All students,200.226000976563,0,1
statepct,RED,4,2003,MN,PC:P5,TOTAL,All students,226.737997436523,0,1
statepct,RED,4,2003,MN,PC:P9,TOTAL,All students,266.455999755859,0,1
statepct,RED,4,2003,MO,PC:P1,TOTAL,All students,177.055999755859,0,1
statepct,RED,4,2003,MO,PC:P2,TOTAL,All students,200.331997680664,0,1
statepct,RED,4,2003,MO,PC:P5,TOTAL,All students,224.241998291016,0,1
statepct,RED,4,2003,MO,PC:P9,TOTAL,All students,264.564001464844,0,1
statepct,RED,4,2003,MS,PC:P1,TOTAL,All students,158.56000366211,0,1
statepct,RED,4,2003,MS,PC:P2,TOTAL,All students,181.818002319336,0,1
statepct,RED,4,2003,MS,PC:P5,TOTAL,All students,206.755999755859,0,1
statepct,RED,4,2003,MS,PC:P9,TOTAL,All students,250.386001586914,0,1
statepct,RED,4,2005,IA,PC:P1,TOTAL,All students,174.829998779297,0,1
statepct,RED,4,2005,IA,PC:P2,TOTAL,All students,199.438000488281,0,1
statepct,RED,4,2005,IA,PC:P5,TOTAL,All students,223.515997314453,0,1
statepct,RED,4,2005,IA,PC:P9,TOTAL,All students,262.872003173828,0,1
statepct,RED,4,2005,IL,PC:P1,TOTAL,All students,166.933999633789,0,1
statepct,RED,4,2005,IL,PC:P2,TOTAL,All students,193.474002075195,0,1
statepct,RED,4,2005,IL,PC:P5,TOTAL,All students,219.783999633789,0,1
statepct,RED,4,2005,IL,PC:P9,TOTAL,All students,261.276000976563,0,1
statepct,RED,4,2005,IN,PC:P1,TOTAL,All students,169.473999023438,0,1
statepct,RED,4,2005,IN,PC:P2,TOTAL,All students,196.091998291016,0,1
statepct,RED,4,2005,IN,PC:P5,TOTAL,All students,220.953997802734,0,1
statepct,RED,4,2005,IN,PC:P9,TOTAL,All students,261.54599609375,0,1
statepct,RED,4,2005,KS,PC:P1,TOTAL,All students,173.195999145508,0,1
statepct,RED,4,2005,KS,PC:P2,TOTAL,All students,198.572003173828,0,1
statepct,RED,4,2005,KS,PC:P5,TOTAL,All students,223.158001708985,0,1
statepct,RED,4,2005,KS,PC:P9,TOTAL,All students,263.229998779297,0,1
statepct,RED,4,2005,KY,PC:P1,TOTAL,All students,175.414001464844,0,1
statepct,RED,4,2005,KY,PC:P2,TOTAL,All students,197.086001586914,0,1
statepct,RED,4,2005,KY,PC:P5,TOTAL,All students,221.125997924805,0,1
statepct,RED,4,2005,KY,PC:P9,TOTAL,All students,263.016009521485,0,1
statepct,RED,4,2005,LA,PC:P1,TOTAL,All students,163.520001220703,0,1
statepct,RED,4,2005,LA,PC:P2,TOTAL,All students,186.944000244141,0,1
statepct,RED,4,2005,LA,PC:P5,TOTAL,All students,210.268005371094,0,1
statepct,RED,4,2005,LA,PC:P9,TOTAL,All students,252.424002075195,0,1
statepct,RED,4,2005,MA,PC:P1,TOTAL,All students,189.375997924805,0,1
statepct,RED,4,2005,MA,PC:P2,TOTAL,All students,211.099996948242,0,1
statepct,RED,4,2005,MA,PC:P5,TOTAL,All students,232.9,0,1
statepct,RED,4,2005,MA,PC:P9,TOTAL,All students,270.574005126953,0,1
statepct,RED,4,2005,MD,PC:P1,TOTAL,All students,172.185998535156,0,1
statepct,RED,4,2005,MD,PC:P2,TOTAL,All students,196.005996704101,0,1
statepct,RED,4,2005,MD,PC:P5,TOTAL,All students,222.198001098633,0,1
statepct,RED,4,2005,MD,PC:P9,TOTAL,All students,264.815997314453,0,1
statepct,RED,4,2005,ME,PC:P1,TOTAL,All students,181.226000976563,0,1
statepct,RED,4,2005,ME,PC:P2,TOTAL,All students,203.8,0,1
statepct,RED,4,2005,ME,PC:P5,TOTAL,All students,226.002001953125,0,1
statepct,RED,4,2005,ME,PC:P9,TOTAL,All students,265.426007080078,0,1
statepct,RED,4,2005,MI,PC:P1,TOTAL,All students,168.975997924805,0,1
statepct,RED,4,2005,MI,PC:P2,TOTAL,All students,193.942004394531,0,1
statepct,RED,4,2005,MI,PC:P5,TOTAL,All students,221.064001464844,0,1
statepct,RED,4,2005,MI,PC:P9,TOTAL,All students,262.940002441406,0,1
statepct,RED,4,2005,MN,PC:P1,TOTAL,All students,178.659997558594,0,1
statepct,RED,4,2005,MN,PC:P2,TOTAL,All students,203.734002685547,0,1
statepct,RED,4,2005,MN,PC:P5,TOTAL,All students,227.593997192383,0,1
statepct,RED,4,2005,MN,PC:P9,TOTAL,All students,268.660003662109,0,1
statepct,RED,4,2005,MO,PC:P1,TOTAL,All students,176.058001708984,0,1
statepct,RED,4,2005,MO,PC:P2,TOTAL,All students,199.603997802734,0,1
statepct,RED,4,2005,MO,PC:P5,TOTAL,All students,223.289999389648,0,1
statepct,RED,4,2005,MO,PC:P9,TOTAL,All students,262.973999023438,0,1
statepct,RED,4,2005,MS,PC:P1,TOTAL,All students,157.292001342774,0,1
statepct,RED,4,2005,MS,PC:P2,TOTAL,All students,180.00400390625,0,1
statepct,RED,4,2005,MS,PC:P5,TOTAL,All students,205.87200012207,0,1
statepct,RED,4,2005,MS,PC:P9,TOTAL,All students,249.363998413086,0,1
statepct,RED,4,2007,IA,PC:P1,TOTAL,All students,183.620001220703,0,1
statepct,RED,4,2007,IA,PC:P2,TOTAL,All students,206.325997924805,0,1
statepct,RED,4,2007,IA,PC:P5,TOTAL,All students,227.420001220703,0,1
statepct,RED,4,2007,IA,PC:P9,TOTAL,All students,263.45,0,1
statepct,RED,4,2007,IL,PC:P1,TOTAL,All students,171.205999755859,0,1
statepct,RED,4,2007,IL,PC:P2,TOTAL,All students,196.35,0,1
statepct,RED,4,2007,IL,PC:P5,TOTAL,All students,221.735998535156,0,1
statepct,RED,4,2007,IL,PC:P9,TOTAL,All students,263.90599975586,0,1
statepct,RED,4,2007,IN,PC:P1,TOTAL,All students,177.861999511719,0,1
statepct,RED,4,2007,IN,PC:P2,TOTAL,All students,200.888003540039,0,1
statepct,RED,4,2007,IN,PC:P5,TOTAL,All students,224.613998413086,0,1
statepct,RED,4,2007,IN,PC:P9,TOTAL,All students,262.359997558594,0,1
statepct,RED,4,2007,KS,PC:P1,TOTAL,All students,183.336001586914,0,1
statepct,RED,4,2007,KS,PC:P2,TOTAL,All students,204.621997070313,0,1
statepct,RED,4,2007,KS,PC:P5,TOTAL,All students,226.848001098633,0,1
statepct,RED,4,2007,KS,PC:P9,TOTAL,All students,263.781994628906,0,1
statepct,RED,4,2007,KY,PC:P1,TOTAL,All students,177.633999633789,0,1
statepct,RED,4,2007,KY,PC:P2,TOTAL,All students,200.930001831055,0,1
statepct,RED,4,2007,KY,PC:P5,TOTAL,All students,224.225997924805,0,1
statepct,RED,4,2007,KY,PC:P9,TOTAL,All students,264.846002197265,0,1
statepct,RED,4,2007,LA,PC:P1,TOTAL,All students,159.147998046875,0,1
statepct,RED,4,2007,LA,PC:P2,TOTAL,All students,183.713998413086,0,1
statepct,RED,4,2007,LA,PC:P5,TOTAL,All students,209.930001831055,0,1
statepct,RED,4,2007,LA,PC:P9,TOTAL,All students,251.863998413086,0,1
statepct,RED,4,2007,MA,PC:P1,TOTAL,All students,193.780001831055,0,1
statepct,RED,4,2007,MA,PC:P2,TOTAL,All students,215.237997436523,0,1
statepct,RED,4,2007,MA,PC:P5,TOTAL,All students,237.211999511719,0,1
statepct,RED,4,2007,MA,PC:P9,TOTAL,All students,275.688006591797,0,1
statepct,RED,4,2007,MD,PC:P1,TOTAL,All students,180.079998779297,0,1
statepct,RED,4,2007,MD,PC:P2,TOTAL,All students,200.991998291016,0,1
statepct,RED,4,2007,MD,PC:P5,TOTAL,All students,225.754000854492,0,1
statepct,RED,4,2007,MD,PC:P9,TOTAL,All students,268.088000488281,0,1
statepct,RED,4,2007,ME,PC:P1,TOTAL,All students,185.742001342773,0,1
statepct,RED,4,2007,ME,PC:P2,TOTAL,All students,206.22799987793,0,1
statepct,RED,4,2007,ME,PC:P5,TOTAL,All students,227.085995483398,0,1
statepct,RED,4,2007,ME,PC:P9,TOTAL,All students,263.255999755859,0,1
statepct,RED,4,2007,MI,PC:P1,TOTAL,All students,171.592001342774,0,1
statepct,RED,4,2007,MI,PC:P2,TOTAL,All students,197.831997680664,0,1
statepct,RED,4,2007,MI,PC:P5,TOTAL,All students,222.982000732422,0,1
statepct,RED,4,2007,MI,PC:P9,TOTAL,All students,263.722003173828,0,1
statepct,RED,4,2007,MN,PC:P1,TOTAL,All students,180.923999023438,0,1
statepct,RED,4,2007,MN,PC:P2,TOTAL,All students,205.631997680664,0,1
statepct,RED,4,2007,MN,PC:P5,TOTAL,All students,227.717999267578,0,1
statepct,RED,4,2007,MN,PC:P9,TOTAL,All students,265.670001220703,0,1
statepct,RED,4,2007,MO,PC:P1,TOTAL,All students,177.205999755859,0,1
statepct,RED,4,2007,MO,PC:P2,TOTAL,All students,199.928002929688,0,1
statepct,RED,4,2007,MO,PC:P5,TOTAL,All students,223.060003662109,0,1
statepct,RED,4,2007,MO,PC:P9,TOTAL,All students,261.741998291016,0,1
statepct,RED,4,2007,MS,PC:P1,TOTAL,All students,163.452001953125,0,1
statepct,RED,4,2007,MS,PC:P2,TOTAL,All students,185.320001220703,0,1
statepct,RED,4,2007,MS,PC:P5,TOTAL,All students,209.205996704102,0,1
statepct,RED,4,2007,MS,PC:P9,TOTAL,All students,250.218002319336,0,1
statepct,RED,4,2009,IA,PC:P1,TOTAL,All students,175.565997314453,0,1
statepct,RED,4,2009,IA,PC:P2,TOTAL,All students,201.334002685547,0,1
statepct,RED,4,2009,IA,PC:P5,TOTAL,All students,224.973999023437,0,1
statepct,RED,4,2009,IA,PC:P9,TOTAL,All students,262.644000244141,0,1
statepct,RED,4,2009,IL,PC:P1,TOTAL,All students,169.538000488281,0,1
statepct,RED,4,2009,IL,PC:P2,TOTAL,All students,195.810003662109,0,1
statepct,RED,4,2009,IL,PC:P5,TOTAL,All students,221.876000976563,0,1
statepct,RED,4,2009,IL,PC:P9,TOTAL,All students,265.063995361328,0,1
statepct,RED,4,2009,IN,PC:P1,TOTAL,All students,180.136001586914,0,1
statepct,RED,4,2009,IN,PC:P2,TOTAL,All students,202.474002075195,0,1
statepct,RED,4,2009,IN,PC:P5,TOTAL,All students,225.199996948242,0,1
statepct,RED,4,2009,IN,PC:P9,TOTAL,All students,263.3,0,1
statepct,RED,4,2009,KS,PC:P1,TOTAL,All students,180.887997436524,0,1
statepct,RED,4,2009,KS,PC:P2,TOTAL,All students,204.67600402832,0,1
statepct,RED,4,2009,KS,PC:P5,TOTAL,All students,226.647998046875,0,1
statepct,RED,4,2009,KS,PC:P9,TOTAL,All students,262.766003417969,0,1
statepct,RED,4,2009,KY,PC:P1,TOTAL,All students,183.687997436523,0,1
statepct,RED,4,2009,KY,PC:P2,TOTAL,All students,204.786001586914,0,1
statepct,RED,4,2009,KY,PC:P5,TOTAL,All students,227.108001708984,0,1
statepct,RED,4,2009,KY,PC:P9,TOTAL,All students,264.853997802735,0,1
statepct,RED,4,2009,LA,PC:P1,TOTAL,All students,164.126000976562,0,1
statepct,RED,4,2009,LA,PC:P2,TOTAL,All students,186.507998657227,0,1
statepct,RED,4,2009,LA,PC:P5,TOTAL,All students,209.005999755859,0,1
statepct,RED,4,2009,LA,PC:P9,TOTAL,All students,249.510000610352,0,1
statepct,RED,4,2009,MA,PC:P1,TOTAL,All students,192.186001586914,0,1
statepct,RED,4,2009,MA,PC:P2,TOTAL,All students,213.966003417969,0,1
statepct,RED,4,2009,MA,PC:P5,TOTAL,All students,235.859997558594,0,1
statepct,RED,4,2009,MA,PC:P9,TOTAL,All students,273.089996337891,0,1
statepct,RED,4,2009,MD,PC:P1,TOTAL,All students,180.554000854492,0,1
statepct,RED,4,2009,MD,PC:P2,TOTAL,All students,202.970001220703,0,1
statepct,RED,4,2009,MD,PC:P5,TOTAL,All students,227.152001953125,0,1
statepct,RED,4,2009,MD,PC:P9,TOTAL,All students,269.359997558594,0,1
statepct,RED,4,2009,ME,PC:P1,TOTAL,All students,180.671997070312,0,1
statepct,RED,4,2009,ME,PC:P2,TOTAL,All students,203.201998901367,0,1
statepct,RED,4,2009,ME,PC:P5,TOTAL,All students,226.133999633789,0,1
statepct,RED,4,2009,ME,PC:P9,TOTAL,All students,264.264001464844,0,1
statepct,RED,4,2009,MI,PC:P1,TOTAL,All students,172.47200012207,0,1
statepct,RED,4,2009,MI,PC:P2,TOTAL,All students,196.761999511719,0,1
statepct,RED,4,2009,MI,PC:P5,TOTAL,All students,220.183999633789,0,1
statepct,RED,4,2009,MI,PC:P9,TOTAL,All students,260.4919921875,0,1
statepct,RED,4,2009,MN,PC:P1,TOTAL,All students,173.946002197266,0,1
statepct,RED,4,2009,MN,PC:P2,TOTAL,All students,202.058001708985,0,1
statepct,RED,4,2009,MN,PC:P5,TOTAL,All students,227.474002075196,0,1
statepct,RED,4,2009,MN,PC:P9,TOTAL,All students,266.775994873047,0,1
statepct,RED,4,2009,MO,PC:P1,TOTAL,All students,178.231997680664,0,1
statepct,RED,4,2009,MO,PC:P2,TOTAL,All students,202.854000854492,0,1
statepct,RED,4,2009,MO,PC:P5,TOTAL,All students,226.387997436523,0,1
statepct,RED,4,2009,MO,PC:P9,TOTAL,All students,265.488000488281,0,1
statepct,RED,4,2009,MS,PC:P1,TOTAL,All students,165.301998901367,0,1
statepct,RED,4,2009,MS,PC:P2,TOTAL,All students,187.748001098633,0,1
statepct,RED,4,2009,MS,PC:P5,TOTAL,All students,211.866000366211,0,1
statepct,RED,4,2009,MS,PC:P9,TOTAL,All students,253.172003173828,0,1
statepct,RED,4,2011,IA,PC:P1,TOTAL,All students,174.453997802734,0,1
statepct,RED,4,2011,IA,PC:P2,TOTAL,All students,200.762002563477,0,1
statepct,RED,4,2011,IA,PC:P5,TOTAL,All students,224.457995605469,0,1
statepct,RED,4,2011,IA,PC:P9,TOTAL,All students,262.032000732422,0,1
statepct,RED,4,2011,IL,PC:P1,TOTAL,All students,168.694000244141,0,1
statepct,RED,4,2011,IL,PC:P2,TOTAL,All students,196.629998779297,0,1
statepct,RED,4,2011,IL,PC:P5,TOTAL,All students,222.879998779297,0,1
statepct,RED,4,2011,IL,PC:P9,TOTAL,All students,265.168005371094,0,1
statepct,RED,4,2011,IN,PC:P1,TOTAL,All students,175.683999633789,0,1
statepct,RED,4,2011,IN,PC:P2,TOTAL,All students,200.139996337891,0,1
statepct,RED,4,2011,IN,PC:P5,TOTAL,All students,224.454000854492,0,1
statepct,RED,4,2011,IN,PC:P9,TOTAL,All students,260.963995361328,0,1
statepct,RED,4,2011,KS,PC:P1,TOTAL,All students,177.518002319336,0,1
statepct,RED,4,2011,KS,PC:P2,TOTAL,All students,203.161999511719,0,1
statepct,RED,4,2011,KS,PC:P5,TOTAL,All students,227.024002075196,0,1
statepct,RED,4,2011,KS,PC:P9,TOTAL,All students,264.952001953125,0,1
statepct,RED,4,2011,KY,PC:P1,TOTAL,All students,184.417999267578,0,1
statepct,RED,4,2011,KY,PC:P2,TOTAL,All students,204.65,0,1
statepct,RED,4,2011,KY,PC:P5,TOTAL,All students,226.279998779297,0,1
statepct,RED,4,2011,KY,PC:P9,TOTAL,All students,264.111999511719,0,1
statepct,RED,4,2011,LA,PC:P1,TOTAL,All students,162.901995849609,0,1
statepct,RED,4,2011,LA,PC:P2,TOTAL,All students,187.148001098633,0,1
statepct,RED,4,2011,LA,PC:P5,TOTAL,All students,212.940002441406,0,1
statepct,RED,4,2011,LA,PC:P9,TOTAL,All students,254.519998168946,0,1
statepct,RED,4,2011,MA,PC:P1,TOTAL,All students,196.367999267578,0,1
statepct,RED,4,2011,MA,PC:P2,TOTAL,All students,216.914004516602,0,1
statepct,RED,4,2011,MA,PC:P5,TOTAL,All students,238.260000610352,0,1
statepct,RED,4,2011,MA,PC:P9,TOTAL,All students,275.002001953125,0,1
statepct,RED,4,2011,MD,PC:P1,TOTAL,All students,185.728002929688,0,1
statepct,RED,4,2011,MD,PC:P2,TOTAL,All students,207.970004272461,0,1
statepct,RED,4,2011,MD,PC:P5,TOTAL,All students,232.214001464844,0,1
statepct,RED,4,2011,MD,PC:P9,TOTAL,All students,273.976000976563,0,1
statepct,RED,4,2011,ME,PC:P1,TOTAL,All students,179.663998413086,0,1
statepct,RED,4,2011,ME,PC:P2,TOTAL,All students,202.241998291016,0,1
statepct,RED,4,2011,ME,PC:P5,TOTAL,All students,224,0,1
statepct,RED,4,2011,ME,PC:P9,TOTAL,All students,261.10400390625,0,1
statepct,RED,4,2011,MI,PC:P1,TOTAL,All students,170.966000366211,0,1
statepct,RED,4,2011,MI,PC:P2,TOTAL,All students,196.756002807617,0,1
statepct,RED,4,2011,MI,PC:P5,TOTAL,All students,222.414001464844,0,1
statepct,RED,4,2011,MI,PC:P9,TOTAL,All students,260.74799194336,0,1
statepct,RED,4,2011,MN,PC:P1,TOTAL,All students,175.085995483398,0,1
statepct,RED,4,2011,MN,PC:P2,TOTAL,All students,202.560000610351,0,1
statepct,RED,4,2011,MN,PC:P5,TOTAL,All students,225.819998168945,0,1
statepct,RED,4,2011,MN,PC:P9,TOTAL,All students,264.709997558594,0,1
statepct,RED,4,2011,MO,PC:P1,TOTAL,All students,170.045999145508,0,1
statepct,RED,4,2011,MO,PC:P2,TOTAL,All students,198.158001708984,0,1
statepct,RED,4,2011,MO,PC:P5,TOTAL,All students,223.757998657227,0,1
statepct,RED,4,2011,MO,PC:P9,TOTAL,All students,265.109997558594,0,1
statepct,RED,4,2011,MS,PC:P1,TOTAL,All students,160.920001220703,0,1
statepct,RED,4,2011,MS,PC:P2,TOTAL,All students,186.485998535156,0,1
statepct,RED,4,2011,MS,PC:P5,TOTAL,All students,212.275997924805,0,1
statepct,RED,4,2011,MS,PC:P9,TOTAL,All students,252.675997924805,0,1
statepct,RED,4,2013,IA,PC:P1,TOTAL,All students,174.861000061035,0,1
statepct,RED,4,2013,IA,PC:P2,TOTAL,All students,203.974501037598,0,1
statepct,RED,4,2013,IA,PC:P5,TOTAL,All students,228.413999938965,0,1
statepct,RED,4,2013,IA,PC:P9,TOTAL,All students,266.083497619629,0,1
statepct,RED,4,2013,IL,PC:P1,TOTAL,All students,165.254498291016,0,1
statepct,RED,4,2013,IL,PC:P2,TOTAL,All students,194.876499938965,0,1
statepct,RED,4,2013,IL,PC:P5,TOTAL,All students,222.758499145508,0,1
statepct,RED,4,2013,IL,PC:P9,TOTAL,All students,264.607000732422,0,1
statepct,RED,4,2013,IN,PC:P1,TOTAL,All students,181.54349899292,0,1
statepct,RED,4,2013,IN,PC:P2,TOTAL,All students,206.252500915527,0,1
statepct,RED,4,2013,IN,PC:P5,TOTAL,All students,228.744999694824,0,1
statepct,RED,4,2013,IN,PC:P9,TOTAL,All students,265.028500366211,0,1
statepct,RED,4,2013,KS,PC:P1,TOTAL,All students,176.037998962402,0,1
statepct,RED,4,2013,KS,PC:P2,TOTAL,All students,203.450999450684,0,1
statepct,RED,4,2013,KS,PC:P5,TOTAL,All students,227.803999328613,0,1
statepct,RED,4,2013,KS,PC:P9,TOTAL,All students,264.769502258301,0,1
statepct,RED,4,2013,KY,PC:P1,TOTAL,All students,179.844499206543,0,1
statepct,RED,4,2013,KY,PC:P2,TOTAL,All students,203.813997650147,0,1
statepct,RED,4,2013,KY,PC:P5,TOTAL,All students,226.879000091553,0,1
statepct,RED,4,2013,KY,PC:P9,TOTAL,All students,265.548001098633,0,1
statepct,RED,4,2013,LA,PC:P1,TOTAL,All students,162.155502319336,0,1
statepct,RED,4,2013,LA,PC:P2,TOTAL,All students,188.555499267578,0,1
statepct,RED,4,2013,LA,PC:P5,TOTAL,All students,213.698999023437,0,1
statepct,RED,4,2013,LA,PC:P9,TOTAL,All students,253.96849975586,0,1
statepct,RED,4,2013,MA,PC:P1,TOTAL,All students,187.46549987793,0,1
statepct,RED,4,2013,MA,PC:P2,TOTAL,All students,212.881998443604,0,1
statepct,RED,4,2013,MA,PC:P5,TOTAL,All students,236.096998596191,0,1
statepct,RED,4,2013,MA,PC:P9,TOTAL,All students,273.190998840332,0,1
statepct,RED,4,2013,MD,PC:P1,TOTAL,All students,186.933000946045,0,1
statepct,RED,4,2013,MD,PC:P2,TOTAL,All students,209.740501403809,0,1
statepct,RED,4,2013,MD,PC:P5,TOTAL,All students,233.438000488281,0,1
statepct,RED,4,2013,MD,PC:P9,TOTAL,All students,275.075003051758,0,1
statepct,RED,4,2013,ME,PC:P1,TOTAL,All students,179.95000076294,0,1
statepct,RED,4,2013,ME,PC:P2,TOTAL,All students,204.061500549317,0,1
statepct,RED,4,2013,ME,PC:P5,TOTAL,All students,227.419501495361,0,1
statepct,RED,4,2013,ME,PC:P9,TOTAL,All students,265.999501037598,0,1
statepct,RED,4,2013,MI,PC:P1,TOTAL,All students,169.00599899292,0,1
statepct,RED,4,2013,MI,PC:P2,TOTAL,All students,195.645001220703,0,1
statepct,RED,4,2013,MI,PC:P5,TOTAL,All students,220.883000183106,0,1
statepct,RED,4,2013,MI,PC:P9,TOTAL,All students,261.310496520996,0,1
statepct,RED,4,2013,MN,PC:P1,TOTAL,All students,179.707500457764,0,1
statepct,RED,4,2013,MN,PC:P2,TOTAL,All students,206.764001464844,0,1
statepct,RED,4,2013,MN,PC:P5,TOTAL,All students,230.995999908447,0,1
statepct,RED,4,2013,MN,PC:P9,TOTAL,All students,268.64899597168,0,1
statepct,RED,4,2013,MO,PC:P1,TOTAL,All students,175.786497497559,0,1
statepct,RED,4,2013,MO,PC:P2,TOTAL,All students,201.670498657227,0,1
statepct,RED,4,2013,MO,PC:P5,TOTAL,All students,226.161500549316,0,1
statepct,RED,4,2013,MO,PC:P9,TOTAL,All students,263.443499755859,0,1
statepct,RED,4,2013,MS,PC:P1,TOTAL,All students,160.664501190185,0,1
statepct,RED,4,2013,MS,PC:P2,TOTAL,All students,185.545500183106,0,1
statepct,RED,4,2013,MS,PC:P5,TOTAL,All students,210.969999694824,0,1
statepct,RED,4,2013,MS,PC:P9,TOTAL,All students,252.814000701904,0,1
statepct,RED,4,2015,IA,PC:P1,TOTAL,All students,175.812000274658,0,1
statepct,RED,4,2015,IA,PC:P2,TOTAL,All students,203.56549987793,0,1
statepct,RED,4,2015,IA,PC:P5,TOTAL,All students,228.083499908447,0,1
statepct,RED,4,2015,IA,PC:P9,TOTAL,All students,265.98699798584,0,1
statepct,RED,4,2015,IL,PC:P1,TOTAL,All students,171.673500061035,0,1
statepct,RED,4,2015,IL,PC:P2,TOTAL,All students,199.395999145508,0,1
statepct,RED,4,2015,IL,PC:P5,TOTAL,All students,225.277500915527,0,1
statepct,RED,4,2015,IL,PC:P9,TOTAL,All students,266.564999389649,0,1
statepct,RED,4,2015,IN,PC:P1,TOTAL,All students,184.322499084473,0,1
statepct,RED,4,2015,IN,PC:P2,TOTAL,All students,207.817499542236,0,1
statepct,RED,4,2015,IN,PC:P5,TOTAL,All students,230.273500061035,0,1
statepct,RED,4,2015,IN,PC:P9,TOTAL,All students,266.433497619629,0,1
statepct,RED,4,2015,KS,PC:P1,TOTAL,All students,170.944998931885,0,1
statepct,RED,4,2015,KS,PC:P2,TOTAL,All students,198.904998779297,0,1
statepct,RED,4,2015,KS,PC:P5,TOTAL,All students,225.130999755859,0,1
statepct,RED,4,2015,KS,PC:P9,TOTAL,All students,265.812997436524,0,1
statepct,RED,4,2015,KY,PC:P1,TOTAL,All students,183.932502746582,0,1
statepct,RED,4,2015,KY,PC:P2,TOTAL,All students,207.402000427246,0,1
statepct,RED,4,2015,KY,PC:P5,TOTAL,All students,230.613999938965,0,1
statepct,RED,4,2015,KY,PC:P9,TOTAL,All students,268.120501708985,0,1
statepct,RED,4,2015,LA,PC:P1,TOTAL,All students,167.016500091553,0,1
statepct,RED,4,2015,LA,PC:P2,TOTAL,All students,194.023999023438,0,1
statepct,RED,4,2015,LA,PC:P5,TOTAL,All students,219.863500976562,0,1
statepct,RED,4,2015,LA,PC:P9,TOTAL,All students,259.401002502442,0,1
statepct,RED,4,2015,MA,PC:P1,TOTAL,All students,193.824500274658,0,1
statepct,RED,4,2015,MA,PC:P2,TOTAL,All students,216.090500640869,0,1
statepct,RED,4,2015,MA,PC:P5,TOTAL,All students,237.786501312256,0,1
statepct,RED,4,2015,MA,PC:P9,TOTAL,All students,273.599499511719,0,1
statepct,RED,4,2015,MD,PC:P1,TOTAL,All students,174.568000030518,0,1
statepct,RED,4,2015,MD,PC:P2,TOTAL,All students,199.308999633789,0,1
statepct,RED,4,2015,MD,PC:P5,TOTAL,All students,225.512000274658,0,1
statepct,RED,4,2015,MD,PC:P9,TOTAL,All students,267.174501037598,0,1
statepct,RED,4,2015,ME,PC:P1,TOTAL,All students,178.689000701904,0,1
statepct,RED,4,2015,ME,PC:P2,TOTAL,All students,203.510999298096,0,1
statepct,RED,4,2015,ME,PC:P5,TOTAL,All students,226.79700088501,0,1
statepct,RED,4,2015,ME,PC:P9,TOTAL,All students,264.476499938965,0,1
statepct,RED,4,2015,MI,PC:P1,TOTAL,All students,168.865998840332,0,1
statepct,RED,4,2015,MI,PC:P2,TOTAL,All students,194.980999755859,0,1
statepct,RED,4,2015,MI,PC:P5,TOTAL,All students,219.859000396729,0,1
statepct,RED,4,2015,MI,PC:P9,TOTAL,All students,258.211503601074,0,1
statepct,RED,4,2015,MN,PC:P1,TOTAL,All students,173.832499694824,0,1
statepct,RED,4,2015,MN,PC:P2,TOTAL,All students,202.638999176025,0,1
statepct,RED,4,2015,MN,PC:P5,TOTAL,All students,228.823500823975,0,1
statepct,RED,4,2015,MN,PC:P9,TOTAL,All students,266.57200012207,0,1
statepct,RED,4,2015,MO,PC:P1,TOTAL,All students,174.181500244141,0,1
statepct,RED,4,2015,MO,PC:P2,TOTAL,All students,201.481499481201,0,1
statepct,RED,4,2015,MO,PC:P5,TOTAL,All students,226.738999176025,0,1
statepct,RED,4,2015,MO,PC:P9,TOTAL,All students,265.328001403809,0,1
statepct,RED,4,2015,MS,PC:P1,TOTAL,All students,167.262998962402,0,1
statepct,RED,4,2015,MS,PC:P2,TOTAL,All students,192.771998596191,0,1
statepct,RED,4,2015,MS,PC:P5,TOTAL,All students,217.234498596192,0,1
statepct,RED,4,2015,MS,PC:P9,TOTAL,All students,256.612501525879,0,1
statepct,RED,4,2017,IA,PC:P1,TOTAL,All students,171.910499572754,0,1
statepct,RED,4,2017,IA,PC:P2,TOTAL,All students,200.174999237061,0,1
statepct,RED,4,2017,IA,PC:P5,TOTAL,All students,226.791499328613,0,1
statepct,RED,4,2017,IA,PC:P9,TOTAL,All students,264.023504638672,0,1
statepct,RED,4,2017,IL,PC:P1,TOTAL,All students,167.443000030518,0,1
statepct,RED,4,2017,IL,PC:P2,TOTAL,All students,195.725999450684,0,1
statepct,RED,4,2017,IL,PC:P5,TOTAL,All students,224.159999847412,0,1
statepct,RED,4,2017,IL,PC:P9,TOTAL,All students,267.018998718262,0,1
statepct,RED,4,2017,IN,PC:P1,TOTAL,All students,179.310000610352,0,1
statepct,RED,4,2017,IN,PC:P2,TOTAL,All students,205.181499481201,0,1
statepct,RED,4,2017,IN,PC:P5,TOTAL,All students,230.172499084473,0,1
statepct,RED,4,2017,IN,PC:P9,TOTAL,All students,268.394499206543,0,1
statepct,RED,4,2017,KS,PC:P1,TOTAL,All students,176.404499816895,0,1
statepct,RED,4,2017,KS,PC:P2,TOTAL,All students,202.230000305176,0,1
statepct,RED,4,2017,KS,PC:P5,TOTAL,All students,227.471000671387,0,1
statepct,RED,4,2017,KS,PC:P9,TOTAL,All students,265.119999694824,0,1
statepct,RED,4,2017,KY,PC:P1,TOTAL,All students,176.061001586914,0,1
statepct,RED,4,2017,KY,PC:P2,TOTAL,All students,201.555500030518,0,1
statepct,RED,4,2017,KY,PC:P5,TOTAL,All students,226.957000732422,0,1
statepct,RED,4,2017,KY,PC:P9,TOTAL,All students,267.844499206543,0,1
statepct,RED,4,2017,LA,PC:P1,TOTAL,All students,160.14750213623,0,1
statepct,RED,4,2017,LA,PC:P2,TOTAL,All students,186.169499206543,0,1
statepct,RED,4,2017,LA,PC:P5,TOTAL,All students,213.858000183106,0,1
statepct,RED,4,2017,LA,PC:P9,TOTAL,All students,259.373500061035,0,1
statepct,RED,4,2017,MA,PC:P1,TOTAL,All students,189.472499084473,0,1
statepct,RED,4,2017,MA,PC:P2,TOTAL,All students,214.018500518799,0,1
statepct,RED,4,2017,MA,PC:P5,TOTAL,All students,238.702499389649,0,1
statepct,RED,4,2017,MA,PC:P9,TOTAL,All students,277.64450378418,0,1
statepct,RED,4,2017,MD,PC:P1,TOTAL,All students,173.1,0,1
statepct,RED,4,2017,MD,PC:P2,TOTAL,All students,199.987999725342,0,1
statepct,RED,4,2017,MD,PC:P5,TOTAL,All students,228.696001434326,0,1
statepct,RED,4,2017,MD,PC:P9,TOTAL,All students,271.619502258301,0,1
statepct,RED,4,2017,ME,PC:P1,TOTAL,All students,169.037000274658,0,1
statepct,RED,4,2017,ME,PC:P2,TOTAL,All students,197.818997192383,0,1
statepct,RED,4,2017,ME,PC:P5,TOTAL,All students,225.698999786377,0,1
statepct,RED,4,2017,ME,PC:P9,TOTAL,All students,266.453001403809,0,1
statepct,RED,4,2017,MI,PC:P1,TOTAL,All students,166.497001647949,0,1
statepct,RED,4,2017,MI,PC:P2,TOTAL,All students,194.729499053955,0,1
statepct,RED,4,2017,MI,PC:P5,TOTAL,All students,222.36250076294,0,1
statepct,RED,4,2017,MI,PC:P9,TOTAL,All students,261.713499450684,0,1
statepct,RED,4,2017,MN,PC:P1,TOTAL,All students,175.576499938965,0,1
statepct,RED,4,2017,MN,PC:P2,TOTAL,All students,203.611499023438,0,1
statepct,RED,4,2017,MN,PC:P5,TOTAL,All students,228.775501251221,0,1
statepct,RED,4,2017,MN,PC:P9,TOTAL,All students,267.324499511719,0,1
statepct,RED,4,2017,MO,PC:P1,TOTAL,All students,173.857499694824,0,1
statepct,RED,4,2017,MO,PC:P2,TOTAL,All students,201.15299911499,0,1
statepct,RED,4,2017,MO,PC:P5,TOTAL,All students,226.493501281738,0,1
statepct,RED,4,2017,MO,PC:P9,TOTAL,All students,265.258500671387,0,1
statepct,RED,4,2017,MS,PC:P1,TOTAL,All students,168.217501068115,0,1
statepct,RED,4,2017,MS,PC:P2,TOTAL,All students,192.050499725342,0,1
statepct,RED,4,2017,MS,PC:P5,TOTAL,All students,217.504499816895,0,1
statepct,RED,4,2017,MS,PC:P9,TOTAL,All students,259.279499816895,0,1
statepct,RED,4,2019,IA,PC:P1,TOTAL,All students,169.051998901367,0,1
statepct,RED,4,2019,IA,PC:P2,TOTAL,All students,199.082500457764,0,1
statepct,RED,4,2019,IA,PC:P5,TOTAL,All students,225.445999145508,0,1
statepct,RED,4,2019,IA,PC:P9,TOTAL,All students,264.8125,0,1
statepct,RED,4,2019,IL,PC:P1,TOTAL,All students,163.71849899292,0,1
statepct,RED,4,2019,IL,PC:P2,TOTAL,All students,194.104499053955,0,1
statepct,RED,4,2019,IL,PC:P5,TOTAL,All students,223.263999176025,0,1
statepct,RED,4,2019,IL,PC:P9,TOTAL,All students,265.173500061035,0,1
statepct,RED,4,2019,IN,PC:P1,TOTAL,All students,169.661497497559,0,1
statepct,RED,4,2019,IN,PC:P2,TOTAL,All students,198.558000946045,0,1
statepct,RED,4,2019,IN,PC:P5,TOTAL,All students,226.041500854492,0,1
statepct,RED,4,2019,IN,PC:P9,TOTAL,All students,267.584999084473,0,1
statepct,RED,4,2019,KS,PC:P1,TOTAL,All students,167.428499603271,0,1
statepct,RED,4,2019,KS,PC:P2,TOTAL,All students,197.376500701904,0,1
statepct,RED,4,2019,KS,PC:P5,TOTAL,All students,223.890999603272,0,1
statepct,RED,4,2019,KS,PC:P9,TOTAL,All students,263.365502929688,0,1
statepct,RED,4,2019,KY,PC:P1,TOTAL,All students,170.539999389648,0,1
statepct,RED,4,2019,KY,PC:P2,TOTAL,All students,198.177500152588,0,1
statepct,RED,4,2019,KY,PC:P5,TOTAL,All students,224.519999694824,0,1
statepct,RED,4,2019,KY,PC:P9,TOTAL,All students,265.61900177002,0,1
statepct,RED,4,2019,LA,PC:P1,TOTAL,All students,155.793999481201,0,1
statepct,RED,4,2019,LA,PC:P2,TOTAL,All students,183.640498352051,0,1
statepct,RED,4,2019,LA,PC:P5,TOTAL,All students,212.677498626709,0,1
statepct,RED,4,2019,LA,PC:P9,TOTAL,All students,259.243501281738,0,1
statepct,RED,4,2019,MA,PC:P1,TOTAL,All students,182.264000701904,0,1
statepct,RED,4,2019,MA,PC:P2,TOTAL,All students,209.14649810791,0,1
statepct,RED,4,2019,MA,PC:P5,TOTAL,All students,234.00599899292,0,1
statepct,RED,4,2019,MA,PC:P9,TOTAL,All students,274.577996826172,0,1
statepct,RED,4,2019,MD,PC:P1,TOTAL,All students,164.117499542236,0,1
statepct,RED,4,2019,MD,PC:P2,TOTAL,All students,193.564499664307,0,1
statepct,RED,4,2019,MD,PC:P5,TOTAL,All students,223.328499603272,0,1
statepct,RED,4,2019,MD,PC:P9,TOTAL,All students,270.008494567871,0,1
statepct,RED,4,2019,ME,PC:P1,TOTAL,All students,169.836499023438,0,1
statepct,RED,4,2019,ME,PC:P2,TOTAL,All students,197.828499603271,0,1
statepct,RED,4,2019,ME,PC:P5,TOTAL,All students,225.384000396729,0,1
statepct,RED,4,2019,ME,PC:P9,TOTAL,All students,266.603999328613,0,1
statepct,RED,4,2019,MI,PC:P1,TOTAL,All students,167.717500305176,0,1
statepct,RED,4,2019,MI,PC:P2,TOTAL,All students,195.0875,0,1
statepct,RED,4,2019,MI,PC:P5,TOTAL,All students,221.900500488281,0,1
statepct,RED,4,2019,MI,PC:P9,TOTAL,All students,263.054998779297,0,1
statepct,RED,4,2019,MN,PC:P1,TOTAL,All students,168.769501495361,0,1
statepct,RED,4,2019,MN,PC:P2,TOTAL,All students,200.298000335693,0,1
statepct,RED,4,2019,MN,PC:P5,TOTAL,All students,227.742000579834,0,1
statepct,RED,4,2019,MN,PC:P9,TOTAL,All students,267.112503051758,0,1
statepct,RED,4,2019,MO,PC:P1,TOTAL,All students,164.105500030518,0,1
statepct,RED,4,2019,MO,PC:P2,TOTAL,All students,193.801500701904,0,1
statepct,RED,4,2019,MO,PC:P5,TOTAL,All students,223.189498901367,0,1
statepct,RED,4,2019,MO,PC:P9,TOTAL,All students,264.112503051758,0,1
statepct,RED,4,2019,MS,PC:P1,TOTAL,All students,173.58150100708,0,1
statepct,RED,4,2019,MS,PC:P2,TOTAL,All students,197.473503112793,0,1
statepct,RED,4,2019,MS,PC:P5,TOTAL,All students,221.98450012207,0,1
statepct,RED,4,2019,MS,PC:P9,TOTAL,All students,261.022499084473,0,1
statepct,RED,4,2022,IA,PC:P1,TOTAL,All students,164.950999450684,0,1
statepct,RED,4,2022,IA,PC:P2,TOTAL,All students,194.503999328613,0,1
statepct,RED,4,2022,IA,PC:P5,TOTAL,All students,222.764000701904,0,1
statepct,RED,4,2022,IA,PC:P9,TOTAL,All students,263.158502197266,0,1
statepct,RED,4,2022,IL,PC:P1,TOTAL,All students,162.204501342773,0,1
statepct,RED,4,2022,IL,PC:P2,TOTAL,All students,191.422999572754,0,1
statepct,RED,4,2022,IL,PC:P5,TOTAL,All students,221.228001403809,0,1
statepct,RED,4,2022,IL,PC:P9,TOTAL,All students,267.326998901367,0,1
statepct,RED,4,2022,IN,PC:P1,TOTAL,All students,162.266499328613,0,1
statepct,RED,4,2022,IN,PC:P2,TOTAL,All students,191.595500183105,0,1
statepct,RED,4,2022,IN,PC:P5,TOTAL,All students,221.596002960205,0,1
statepct,RED,4,2022,IN,PC:P9,TOTAL,All students,265.363999938965,0,1
statepct,RED,4,2022,KS,PC:P1,TOTAL,All students,159.953997802734,0,1
statepct,RED,4,2022,KS,PC:P2,TOTAL,All students,188.755500030518,0,1
statepct,RED,4,2022,KS,PC:P5,TOTAL,All students,218.704000091553,0,1
statepct,RED,4,2022,KS,PC:P9,TOTAL,All students,262.448997497559,0,1
statepct,RED,4,2022,KY,PC:P1,TOTAL,All students,164.109000396729,0,1
statepct,RED,4,2022,KY,PC:P2,TOTAL,All students,191.681001281738,0,1
statepct,RED,4,2022,KY,PC:P5,TOTAL,All students,220.094000244141,0,1
statepct,RED,4,2022,KY,PC:P9,TOTAL,All students,263.237998962402,0,1
statepct,RED,4,2022,LA,PC:P1,TOTAL,All students,156.212500762939,0,1
statepct,RED,4,2022,LA,PC:P2,TOTAL,All students,186.033500671387,0,1
statepct,RED,4,2022,LA,PC:P5,TOTAL,All students,215.807999420166,0,1
statepct,RED,4,2022,LA,PC:P9,TOTAL,All students,261.84400177002,0,1
statepct,RED,4,2022,MA,PC:P1,TOTAL,All students,170.72200088501,0,1
statepct,RED,4,2022,MA,PC:P2,TOTAL,All students,201.215001678467,0,1
statepct,RED,4,2022,MA,PC:P5,TOTAL,All students,231.196500396729,0,1
statepct,RED,4,2022,MA,PC:P9,TOTAL,All students,275.553500366211,0,1
statepct,RED,4,2022,MD,PC:P1,TOTAL,All students,151.862503051758,0,1
statepct,RED,4,2022,MD,PC:P2,TOTAL,All students,182.712001037598,0,1
statepct,RED,4,2022,MD,PC:P5,TOTAL,All students,215.889998626709,0,1
statepct,RED,4,2022,MD,PC:P9,TOTAL,All students,266.986502075195,0,1
statepct,RED,4,2022,ME,PC:P1,TOTAL,All students,155.190501403809,0,1
statepct,RED,4,2022,ME,PC:P2,TOTAL,All students,186.449500274658,0,1
statepct,RED,4,2022,ME,PC:P5,TOTAL,All students,218.40299987793,0,1
statepct,RED,4,2022,ME,PC:P9,TOTAL,All students,260.945999145508,0,1
statepct,RED,4,2022,MI,PC:P1,TOTAL,All students,154.695500183105,0,1
statepct,RED,4,2022,MI,PC:P2,TOTAL,All students,185.557500457764,0,1
statepct,RED,4,2022,MI,PC:P5,TOTAL,All students,216.603500366211,0,1
statepct,RED,4,2022,MI,PC:P9,TOTAL,All students,260.965498352051,0,1
statepct,RED,4,2022,MN,PC:P1,TOTAL,All students,159.910499572754,0,1
statepct,RED,4,2022,MN,PC:P2,TOTAL,All students,189.734499359131,0,1
statepct,RED,4,2022,MN,PC:P5,TOTAL,All students,220.404500579834,0,1
statepct,RED,4,2022,MN,PC:P9,TOTAL,All students,263.153498840332,0,1
statepct,RED,4,2022,MO,PC:P1,TOTAL,All students,155.361499786377,0,1
statepct,RED,4,2022,MO,PC:P2,TOTAL,All students,187.380000305176,0,1
statepct,RED,4,2022,MO,PC:P5,TOTAL,All students,218.692999267578,0,1
statepct,RED,4,2022,MO,PC:P9,TOTAL,All students,262.494998168945,0,1
statepct,RED,4,2022,MS,PC:P1,TOTAL,All students,166.980500793457,0,1
statepct,RED,4,2022,MS,PC:P2,TOTAL,All students,193.84400100708,0,1
statepct,RED,4,2022,MS,PC:P5,TOTAL,All students,221.325998687744,0,1
statepct,RED,4,2022,MS,PC:P9,TOTAL,All students,260.604000854492,0,1
statepct,RED,4,2024,IA,PC:P1,TOTAL,All students,161.054499816895,0,1
statepct,RED,4,2024,IA,PC:P2,TOTAL,All students,190.599499511719,0,1
statepct,RED,4,2024,IA,PC:P5,TOTAL,All students,218.359000396729,0,1
statepct,RED,4,2024,IA,PC:P9,TOTAL,All students,261.523999023438,0,1
statepct,RED,4,2024,IL,PC:P1,TOTAL,All students,156.395500946045,0,1
statepct,RED,4,2024,IL,PC:P2,TOTAL,All students,186.407997894287,0,1
statepct,RED,4,2024,IL,PC:P5,TOTAL,All students,218.30000076294,0,1
statepct,RED,4,2024,IL,PC:P9,TOTAL,All students,265.938500976563,0,1
statepct,RED,4,2024,IN,PC:P1,TOTAL,All students,166.247999572754,0,1
statepct,RED,4,2024,IN,PC:P2,TOTAL,All students,195.776000976563,0,1
statepct,RED,4,2024,IN,PC:P5,TOTAL,All students,223.382499694824,0,1
statepct,RED,4,2024,IN,PC:P9,TOTAL,All students,268.022999572754,0,1
statepct,RED,4,2024,KS,PC:P1,TOTAL,All students,158.106498718262,0,1
statepct,RED,4,2024,KS,PC:P2,TOTAL,All students,188.781000518799,0,1
statepct,RED,4,2024,KS,PC:P5,TOTAL,All students,218.0875,0,1
statepct,RED,4,2024,KS,PC:P9,TOTAL,All students,259.436999511719,0,1
statepct,RED,4,2024,KY,PC:P1,TOTAL,All students,163.474501037598,0,1
statepct,RED,4,2024,KY,PC:P2,TOTAL,All students,191.873999786377,0,1
statepct,RED,4,2024,KY,PC:P5,TOTAL,All students,220.943501281738,0,1
statepct,RED,4,2024,KY,PC:P9,TOTAL,All students,267.489002990723,0,1
statepct,RED,4,2024,LA,PC:P1,TOTAL,All students,160.181500244141,0,1
statepct,RED,4,2024,LA,PC:P2,TOTAL,All students,189.000499725342,0,1
statepct,RED,4,2024,LA,PC:P5,TOTAL,All students,219.088500976563,0,1
statepct,RED,4,2024,LA,PC:P9,TOTAL,All students,266.78099822998,0,1
statepct,RED,4,2024,MA,PC:P1,TOTAL,All students,167.951000213623,0,1
statepct,RED,4,2024,MA,PC:P2,TOTAL,All students,198.60950088501,0,1
statepct,RED,4,2024,MA,PC:P5,TOTAL,All students,228.388499450683,0,1
statepct,RED,4,2024,MA,PC:P9,TOTAL,All students,275.588500976563,0,1
statepct,RED,4,2024,MD,PC:P1,TOTAL,All students,153.933499908447,0,1
statepct,RED,4,2024,MD,PC:P2,TOTAL,All students,184.726000976563,0,1
statepct,RED,4,2024,MD,PC:P5,TOTAL,All students,219.267999267578,0,1
statepct,RED,4,2024,MD,PC:P9,TOTAL,All students,271.645997619629,0,1
statepct,RED,4,2024,ME,PC:P1,TOTAL,All students,153.325501251221,0,1
statepct,RED,4,2024,ME,PC:P2,TOTAL,All students,183.136000061035,0,1
statepct,RED,4,2024,ME,PC:P5,TOTAL,All students,213.812998199463,0,1
statepct,RED,4,2024,ME,PC:P9,TOTAL,All students,258.586001586914,0,1
statepct,RED,4,2024,MI,PC:P1,TOTAL,All students,154.645998382568,0,1
statepct,RED,4,2024,MI,PC:P2,TOTAL,All students,183.142001342773,0,1
statepct,RED,4,2024,MI,PC:P5,TOTAL,All students,212.792501068115,0,1
statepct,RED,4,2024,MI,PC:P9,TOTAL,All students,257.522500610352,0,1
statepct,RED,4,2024,MN,PC:P1,TOTAL,All students,158.608999633789,0,1
statepct,RED,4,2024,MN,PC:P2,TOTAL,All students,190.13450012207,0,1
statepct,RED,4,2024,MN,PC:P5,TOTAL,All students,219.398500061035,0,1
statepct,RED,4,2024,MN,PC:P9,TOTAL,All students,261.462001037598,0,1
statepct,RED,4,2024,MO,PC:P1,TOTAL,All students,156.531999969482,0,1
statepct,RED,4,2024,MO,PC:P2,TOTAL,All students,186.973000335693,0,1
statepct,RED,4,2024,MO,PC:P5,TOTAL,All students,216.16600112915,0,1
statepct,RED,4,2024,MO,PC:P9,TOTAL,All students,260.197998046875,0,1
statepct,RED,4,2024,MS,PC:P1,TOTAL,All students,169.62799911499,0,1
statepct,RED,4,2024,MS,PC:P2,TOTAL,All students,195.870999145508,0,1
statepct,RED,4,2024,MS,PC:P5,TOTAL,All students,221.713500213623,0,1
statepct,RED,4,2024,MS,PC:P9,TOTAL,All students,262.303997802734,0,1
statepct,RED,4,2003,MT,PC:P1,TOTAL,All students,177.679998779297,0,1
statepct,RED,4,2003,MT,PC:P2,TOTAL,All students,201.531997680664,0,1
statepct,RED,4,2003,MT,PC:P5,TOTAL,All students,225.744000244141,0,1
statepct,RED,4,2003,MT,PC:P9,TOTAL,All students,264.177996826172,0,1
statepct,RED,4,2003,NC,PC:P1,TOTAL,All students,175.152001953125,0,1
statepct,RED,4,2003,NC,PC:P2,TOTAL,All students,198.473999023438,0,1
statepct,RED,4,2003,NC,PC:P5,TOTAL,All students,222.763998413086,0,1
statepct,RED,4,2003,NC,PC:P9,TOTAL,All students,265.169995117188,0,1
statepct,RED,4,2003,ND,PC:P1,TOTAL,All students,179.853997802734,0,1
statepct,RED,4,2003,ND,PC:P2,TOTAL,All students,201.670001220703,0,1
statepct,RED,4,2003,ND,PC:P5,TOTAL,All students,223.883996582031,0,1
statepct,RED,4,2003,ND,PC:P9,TOTAL,All students,260.623992919922,0,1
statepct,RED,4,2003,NE,PC:P1,TOTAL,All students,173.455999755859,0,1
statepct,RED,4,2003,NE,PC:P2,TOTAL,All students,198.35,0,1
statepct,RED,4,2003,NE,PC:P5,TOTAL,All students,222.777993774414,0,1
statepct,RED,4,2003,NE,PC:P9,TOTAL,All students,264.172003173828,0,1
statepct,RED,4,2003,NH,PC:P1,TOTAL,All students,184.920001220703,0,1
statepct,RED,4,2003,NH,PC:P2,TOTAL,All students,207.761999511719,0,1
statepct,RED,4,2003,NH,PC:P5,TOTAL,All students,230.427996826172,0,1
statepct,RED,4,2003,NH,PC:P9,TOTAL,All students,267.315997314453,0,1
statepct,RED,4,2003,NJ,PC:P1,TOTAL,All students,176.177996826172,0,1
statepct,RED,4,2003,NJ,PC:P2,TOTAL,All students,201.375997924805,0,1
statepct,RED,4,2003,NJ,PC:P5,TOTAL,All students,227.52200012207,0,1
statepct,RED,4,2003,NJ,PC:P9,TOTAL,All students,268.747998046875,0,1
statepct,RED,4,2003,NM,PC:P1,TOTAL,All students,150.354000854492,0,1
statepct,RED,4,2003,NM,PC:P2,TOTAL,All students,178.405999755859,0,1
statepct,RED,4,2003,NM,PC:P5,TOTAL,All students,205.67200012207,0,1
statepct,RED,4,2003,NM,PC:P9,TOTAL,All students,250.967999267578,0,1
statepct,RED,4,2003,NV,PC:P1,TOTAL,All students,156.840002441406,0,1
statepct,RED,4,2003,NV,PC:P2,TOTAL,All students,183.686001586914,0,1
statepct,RED,4,2003,NV,PC:P5,TOTAL,All students,209.974002075195,0,1
statepct,RED,4,2003,NV,PC:P9,TOTAL,All students,251.835998535156,0,1
statepct,RED,4,2003,NY,PC:P1,TOTAL,All students,176.789999389648,0,1
statepct,RED,4,2003,NY,PC:P2,TOTAL,All students,199.393997192383,0,1
statepct,RED,4,2003,NY,PC:P5,TOTAL,All students,224.242001342773,0,1
statepct,RED,4,2003,NY,PC:P9,TOTAL,All students,264.817999267578,0,1
statepct,RED,4,2003,OH,PC:P1,TOTAL,All students,174.833999633789,0,1
statepct,RED,4,2003,OH,PC:P2,TOTAL,All students,200.52799987793,0,1
statepct,RED,4,2003,OH,PC:P5,TOTAL,All students,225.02799987793,0,1
statepct,RED,4,2003,OH,PC:P9,TOTAL,All students,264.723999023438,0,1
statepct,RED,4,2003,OK,PC:P1,TOTAL,All students,164.494000244141,0,1
statepct,RED,4,2003,OK,PC:P2,TOTAL,All students,191.647994995117,0,1
statepct,RED,4,2003,OK,PC:P5,TOTAL,All students,217.005999755859,0,1
statepct,RED,4,2003,OK,PC:P9,TOTAL,All students,256.800003051758,0,1
statepct,RED,4,2003,OR,PC:P1,TOTAL,All students,169.179998779297,0,1
statepct,RED,4,2003,OR,PC:P2,TOTAL,All students,194.560000610351,0,1
statepct,RED,4,2003,OR,PC:P5,TOTAL,All students,220.362002563477,0,1
statepct,RED,4,2003,OR,PC:P9,TOTAL,All students,261.091998291016,0,1
statepct,RED,4,2003,PA,PC:P1,TOTAL,All students,167.501998901367,0,1
statepct,RED,4,2003,PA,PC:P2,TOTAL,All students,196.120001220703,0,1
statepct,RED,4,2003,PA,PC:P5,TOTAL,All students,222.638000488281,0,1
statepct,RED,4,2003,PA,PC:P9,TOTAL,All students,262.834002685547,0,1
statepct,RED,4,2005,MT,PC:P1,TOTAL,All students,181.251995849609,0,1
statepct,RED,4,2005,MT,PC:P2,TOTAL,All students,204.02799987793,0,1
statepct,RED,4,2005,MT,PC:P5,TOTAL,All students,227.241998291016,0,1
statepct,RED,4,2005,MT,PC:P9,TOTAL,All students,263.530004882813,0,1
statepct,RED,4,2005,NC,PC:P1,TOTAL,All students,170.013998413086,0,1
statepct,RED,4,2005,NC,PC:P2,TOTAL,All students,193.420001220703,0,1
statepct,RED,4,2005,NC,PC:P5,TOTAL,All students,218.827996826172,0,1
statepct,RED,4,2005,NC,PC:P9,TOTAL,All students,261.348004150391,0,1
statepct,RED,4,2005,ND,PC:P1,TOTAL,All students,183.738000488281,0,1
statepct,RED,4,2005,ND,PC:P2,TOTAL,All students,204.576000976562,0,1
statepct,RED,4,2005,ND,PC:P5,TOTAL,All students,227.129998779297,0,1
statepct,RED,4,2005,ND,PC:P9,TOTAL,All students,263.299993896485,0,1
statepct,RED,4,2005,NE,PC:P1,TOTAL,All students,174.414004516602,0,1
statepct,RED,4,2005,NE,PC:P2,TOTAL,All students,199.760000610352,0,1
statepct,RED,4,2005,NE,PC:P5,TOTAL,All students,224.289999389648,0,1
statepct,RED,4,2005,NE,PC:P9,TOTAL,All students,262.889996337891,0,1
statepct,RED,4,2005,NH,PC:P1,TOTAL,All students,185.407998657227,0,1
statepct,RED,4,2005,NH,PC:P2,TOTAL,All students,207.396002197266,0,1
statepct,RED,4,2005,NH,PC:P5,TOTAL,All students,229.108001708984,0,1
statepct,RED,4,2005,NH,PC:P9,TOTAL,All students,266.510003662109,0,1
statepct,RED,4,2005,NJ,PC:P1,TOTAL,All students,174.038000488281,0,1
statepct,RED,4,2005,NJ,PC:P2,TOTAL,All students,199.905996704101,0,1
statepct,RED,4,2005,NJ,PC:P5,TOTAL,All students,226.343997192383,0,1
statepct,RED,4,2005,NJ,PC:P9,TOTAL,All students,267.317999267578,0,1
statepct,RED,4,2005,NM,PC:P1,TOTAL,All students,156.709997558594,0,1
statepct,RED,4,2005,NM,PC:P2,TOTAL,All students,183.038000488281,0,1
statepct,RED,4,2005,NM,PC:P5,TOTAL,All students,209.063998413086,0,1
statepct,RED,4,2005,NM,PC:P9,TOTAL,All students,252.388003540039,0,1
statepct,RED,4,2005,NV,PC:P1,TOTAL,All students,157.023999023438,0,1
statepct,RED,4,2005,NV,PC:P2,TOTAL,All students,182.717999267578,0,1
statepct,RED,4,2005,NV,PC:P5,TOTAL,All students,209.957998657227,0,1
statepct,RED,4,2005,NV,PC:P9,TOTAL,All students,251.887997436523,0,1
statepct,RED,4,2005,NY,PC:P1,TOTAL,All students,178.65599975586,0,1
statepct,RED,4,2005,NY,PC:P2,TOTAL,All students,201.766000366211,0,1
statepct,RED,4,2005,NY,PC:P5,TOTAL,All students,224.470001220703,0,1
statepct,RED,4,2005,NY,PC:P9,TOTAL,All students,263.685998535156,0,1
statepct,RED,4,2005,OH,PC:P1,TOTAL,All students,177.281997680664,0,1
statepct,RED,4,2005,OH,PC:P2,TOTAL,All students,200.918002319336,0,1
statepct,RED,4,2005,OH,PC:P5,TOTAL,All students,225.013998413086,0,1
statepct,RED,4,2005,OH,PC:P9,TOTAL,All students,264.135998535157,0,1
statepct,RED,4,2005,OK,PC:P1,TOTAL,All students,167.432000732422,0,1
statepct,RED,4,2005,OK,PC:P2,TOTAL,All students,192.251998901367,0,1
statepct,RED,4,2005,OK,PC:P5,TOTAL,All students,216.818002319336,0,1
statepct,RED,4,2005,OK,PC:P9,TOTAL,All students,256.056002807617,0,1
statepct,RED,4,2005,OR,PC:P1,TOTAL,All students,168.316000366211,0,1
statepct,RED,4,2005,OR,PC:P2,TOTAL,All students,193.736001586914,0,1
statepct,RED,4,2005,OR,PC:P5,TOTAL,All students,219.676000976562,0,1
statepct,RED,4,2005,OR,PC:P9,TOTAL,All students,261.105993652344,0,1
statepct,RED,4,2005,PA,PC:P1,TOTAL,All students,174.52200012207,0,1
statepct,RED,4,2005,PA,PC:P2,TOTAL,All students,199.935998535156,0,1
statepct,RED,4,2005,PA,PC:P5,TOTAL,All students,226.113998413086,0,1
statepct,RED,4,2005,PA,PC:P9,TOTAL,All students,265.755999755859,0,1
statepct,RED,4,2007,MT,PC:P1,TOTAL,All students,185.648001098633,0,1
statepct,RED,4,2007,MT,PC:P2,TOTAL,All students,208.073999023438,0,1
statepct,RED,4,2007,MT,PC:P5,TOTAL,All students,229.586001586914,0,1
statepct,RED,4,2007,MT,PC:P9,TOTAL,All students,264.117999267578,0,1
statepct,RED,4,2007,NC,PC:P1,TOTAL,All students,172.594000244141,0,1
statepct,RED,4,2007,NC,PC:P2,TOTAL,All students,196.388000488281,0,1
statepct,RED,4,2007,NC,PC:P5,TOTAL,All students,220.176000976563,0,1
statepct,RED,4,2007,NC,PC:P9,TOTAL,All students,260.343994140625,0,1
statepct,RED,4,2007,ND,PC:P1,TOTAL,All students,189.298001098633,0,1
statepct,RED,4,2007,ND,PC:P2,TOTAL,All students,208.318002319336,0,1
statepct,RED,4,2007,ND,PC:P5,TOTAL,All students,227.676000976562,0,1
statepct,RED,4,2007,ND,PC:P9,TOTAL,All students,261.691998291016,0,1
statepct,RED,4,2007,NE,PC:P1,TOTAL,All students,178.260000610352,0,1
statepct,RED,4,2007,NE,PC:P2,TOTAL,All students,203.170001220703,0,1
statepct,RED,4,2007,NE,PC:P5,TOTAL,All students,226.255999755859,0,1
statepct,RED,4,2007,NE,PC:P9,TOTAL,All students,263.658001708985,0,1
statepct,RED,4,2007,NH,PC:P1,TOTAL,All students,186.907998657226,0,1
statepct,RED,4,2007,NH,PC:P2,TOTAL,All students,209.116000366211,0,1
statepct,RED,4,2007,NH,PC:P5,TOTAL,All students,230.995999145508,0,1
statepct,RED,4,2007,NH,PC:P9,TOTAL,All students,268.807995605469,0,1
statepct,RED,4,2007,NJ,PC:P1,TOTAL,All students,187.805999755859,0,1
statepct,RED,4,2007,NJ,PC:P2,TOTAL,All students,210.291998291016,0,1
statepct,RED,4,2007,NJ,PC:P5,TOTAL,All students,232.37799987793,0,1
statepct,RED,4,2007,NJ,PC:P9,TOTAL,All students,270.961999511719,0,1
statepct,RED,4,2007,NM,PC:P1,TOTAL,All students,164.80599975586,0,1
statepct,RED,4,2007,NM,PC:P2,TOTAL,All students,190.061996459961,0,1
statepct,RED,4,2007,NM,PC:P5,TOTAL,All students,214.773999023437,0,1
statepct,RED,4,2007,NM,PC:P9,TOTAL,All students,255.27799987793,0,1
statepct,RED,4,2007,NV,PC:P1,TOTAL,All students,159.393997192383,0,1
statepct,RED,4,2007,NV,PC:P2,TOTAL,All students,187.892001342774,0,1
statepct,RED,4,2007,NV,PC:P5,TOTAL,All students,214.788003540039,0,1
statepct,RED,4,2007,NV,PC:P9,TOTAL,All students,256.275991821289,0,1
statepct,RED,4,2007,NY,PC:P1,TOTAL,All students,176.680001831055,0,1
statepct,RED,4,2007,NY,PC:P2,TOTAL,All students,201.816000366211,0,1
statepct,RED,4,2007,NY,PC:P5,TOTAL,All students,226.064001464844,0,1
statepct,RED,4,2007,NY,PC:P9,TOTAL,All students,267.468005371094,0,1
statepct,RED,4,2007,OH,PC:P1,TOTAL,All students,184.003997802734,0,1
statepct,RED,4,2007,OH,PC:P2,TOTAL,All students,206.285998535156,0,1
statepct,RED,4,2007,OH,PC:P5,TOTAL,All students,227.503997802735,0,1
statepct,RED,4,2007,OH,PC:P9,TOTAL,All students,264.157995605469,0,1
statepct,RED,4,2007,OK,PC:P1,TOTAL,All students,174.120001220703,0,1
statepct,RED,4,2007,OK,PC:P2,TOTAL,All students,198.226000976563,0,1
statepct,RED,4,2007,OK,PC:P5,TOTAL,All students,219.990002441406,0,1
statepct,RED,4,2007,OK,PC:P9,TOTAL,All students,256.440002441407,0,1
statepct,RED,4,2007,OR,PC:P1,TOTAL,All students,163.484002685547,0,1
statepct,RED,4,2007,OR,PC:P2,TOTAL,All students,192.702001953125,0,1
statepct,RED,4,2007,OR,PC:P5,TOTAL,All students,219.082000732422,0,1
statepct,RED,4,2007,OR,PC:P9,TOTAL,All students,259.861999511719,0,1
statepct,RED,4,2007,PA,PC:P1,TOTAL,All students,177.848001098633,0,1
statepct,RED,4,2007,PA,PC:P2,TOTAL,All students,205.052001953125,0,1
statepct,RED,4,2007,PA,PC:P5,TOTAL,All students,229.531997680664,0,1
statepct,RED,4,2007,PA,PC:P9,TOTAL,All students,270.453997802734,0,1
statepct,RED,4,2009,MT,PC:P1,TOTAL,All students,184.369998168945,0,1
statepct,RED,4,2009,MT,PC:P2,TOTAL,All students,205.832000732422,0,1
statepct,RED,4,2009,MT,PC:P5,TOTAL,All students,227.054000854492,0,1
statepct,RED,4,2009,MT,PC:P9,TOTAL,All students,262.121997070313,0,1
statepct,RED,4,2009,NC,PC:P1,TOTAL,All students,173.285995483398,0,1
statepct,RED,4,2009,NC,PC:P2,TOTAL,All students,197.387997436523,0,1
statepct,RED,4,2009,NC,PC:P5,TOTAL,All students,222.226000976563,0,1
statepct,RED,4,2009,NC,PC:P9,TOTAL,All students,262.323999023438,0,1
statepct,RED,4,2009,ND,PC:P1,TOTAL,All students,190.164001464844,0,1
statepct,RED,4,2009,ND,PC:P2,TOTAL,All students,208.538000488281,0,1
statepct,RED,4,2009,ND,PC:P5,TOTAL,All students,227.419998168945,0,1
statepct,RED,4,2009,ND,PC:P9,TOTAL,All students,260.590002441406,0,1
statepct,RED,4,2009,NE,PC:P1,TOTAL,All students,177.305999755859,0,1
statepct,RED,4,2009,NE,PC:P2,TOTAL,All students,202.588000488281,0,1
statepct,RED,4,2009,NE,PC:P5,TOTAL,All students,225.529998779297,0,1
statepct,RED,4,2009,NE,PC:P9,TOTAL,All students,263.95,0,1
statepct,RED,4,2009,NH,PC:P1,TOTAL,All students,187.683999633789,0,1
statepct,RED,4,2009,NH,PC:P2,TOTAL,All students,209.923999023438,0,1
statepct,RED,4,2009,NH,PC:P5,TOTAL,All students,231.470001220703,0,1
statepct,RED,4,2009,NH,PC:P9,TOTAL,All students,266.696002197266,0,1
statepct,RED,4,2009,NJ,PC:P1,TOTAL,All students,188.933999633789,0,1
statepct,RED,4,2009,NJ,PC:P2,TOTAL,All students,209.179998779297,0,1
statepct,RED,4,2009,NJ,PC:P5,TOTAL,All students,230.472003173828,0,1
statepct,RED,4,2009,NJ,PC:P9,TOTAL,All students,268.292004394531,0,1
statepct,RED,4,2009,NM,PC:P1,TOTAL,All students,159.867999267578,0,1
statepct,RED,4,2009,NM,PC:P2,TOTAL,All students,184.733996582031,0,1
statepct,RED,4,2009,NM,PC:P5,TOTAL,All students,210.032000732422,0,1
statepct,RED,4,2009,NM,PC:P9,TOTAL,All students,252.589999389649,0,1
statepct,RED,4,2009,NV,PC:P1,TOTAL,All students,162.211999511719,0,1
statepct,RED,4,2009,NV,PC:P2,TOTAL,All students,189.22200012207,0,1
statepct,RED,4,2009,NV,PC:P5,TOTAL,All students,214.730001831055,0,1
statepct,RED,4,2009,NV,PC:P9,TOTAL,All students,255.217999267578,0,1
statepct,RED,4,2009,NY,PC:P1,TOTAL,All students,180.601998901367,0,1
statepct,RED,4,2009,NY,PC:P2,TOTAL,All students,203.182000732422,0,1
statepct,RED,4,2009,NY,PC:P5,TOTAL,All students,226.261999511719,0,1
statepct,RED,4,2009,NY,PC:P9,TOTAL,All students,265.532000732422,0,1
statepct,RED,4,2009,OH,PC:P1,TOTAL,All students,180.57200012207,0,1
statepct,RED,4,2009,OH,PC:P2,TOTAL,All students,203.532000732422,0,1
statepct,RED,4,2009,OH,PC:P5,TOTAL,All students,226.745999145508,0,1
statepct,RED,4,2009,OH,PC:P9,TOTAL,All students,265.321997070313,0,1
statepct,RED,4,2009,OK,PC:P1,TOTAL,All students,173.57799987793,0,1
statepct,RED,4,2009,OK,PC:P2,TOTAL,All students,198.065997314453,0,1
statepct,RED,4,2009,OK,PC:P5,TOTAL,All students,220.786001586914,0,1
statepct,RED,4,2009,OK,PC:P9,TOTAL,All students,256.530004882813,0,1
statepct,RED,4,2009,OR,PC:P1,TOTAL,All students,169.005999755859,0,1
statepct,RED,4,2009,OR,PC:P2,TOTAL,All students,197.127996826172,0,1
statepct,RED,4,2009,OR,PC:P5,TOTAL,All students,222.086001586914,0,1
statepct,RED,4,2009,OR,PC:P9,TOTAL,All students,261.569995117187,0,1
statepct,RED,4,2009,PA,PC:P1,TOTAL,All students,176.258001708984,0,1
statepct,RED,4,2009,PA,PC:P2,TOTAL,All students,201.928002929688,0,1
statepct,RED,4,2009,PA,PC:P5,TOTAL,All students,226.370001220703,0,1
statepct,RED,4,2009,PA,PC:P9,TOTAL,All students,267.223999023438,0,1
statepct,RED,4,2011,MT,PC:P1,TOTAL,All students,184.492001342773,0,1
statepct,RED,4,2011,MT,PC:P2,TOTAL,All students,206.360000610352,0,1
statepct,RED,4,2011,MT,PC:P5,TOTAL,All students,227.355996704101,0,1
statepct,RED,4,2011,MT,PC:P9,TOTAL,All students,263.294000244141,0,1
statepct,RED,4,2011,NC,PC:P1,TOTAL,All students,174.088003540039,0,1
statepct,RED,4,2011,NC,PC:P2,TOTAL,All students,200.374002075195,0,1
statepct,RED,4,2011,NC,PC:P5,TOTAL,All students,224.620001220703,0,1
statepct,RED,4,2011,NC,PC:P9,TOTAL,All students,264.752001953125,0,1
statepct,RED,4,2011,ND,PC:P1,TOTAL,All students,186.988000488281,0,1
statepct,RED,4,2011,ND,PC:P2,TOTAL,All students,206.796002197266,0,1
statepct,RED,4,2011,ND,PC:P5,TOTAL,All students,227.698001098633,0,1
statepct,RED,4,2011,ND,PC:P9,TOTAL,All students,261.687994384766,0,1
statepct,RED,4,2011,NE,PC:P1,TOTAL,All students,176.504000854492,0,1
statepct,RED,4,2011,NE,PC:P2,TOTAL,All students,202.439996337891,0,1
statepct,RED,4,2011,NE,PC:P5,TOTAL,All students,227.129998779297,0,1
statepct,RED,4,2011,NE,PC:P9,TOTAL,All students,264.75,0,1
statepct,RED,4,2011,NH,PC:P1,TOTAL,All students,188.827996826172,0,1
statepct,RED,4,2011,NH,PC:P2,TOTAL,All students,211.3,0,1
statepct,RED,4,2011,NH,PC:P5,TOTAL,All students,233.09599609375,0,1
statepct,RED,4,2011,NH,PC:P9,TOTAL,All students,268.344006347656,0,1
statepct,RED,4,2011,NJ,PC:P1,TOTAL,All students,189.089996337891,0,1
statepct,RED,4,2011,NJ,PC:P2,TOTAL,All students,211.518002319336,0,1
statepct,RED,4,2011,NJ,PC:P5,TOTAL,All students,233.421997070313,0,1
statepct,RED,4,2011,NJ,PC:P9,TOTAL,All students,270.234002685547,0,1
statepct,RED,4,2011,NM,PC:P1,TOTAL,All students,159.480001831055,0,1
statepct,RED,4,2011,NM,PC:P2,TOTAL,All students,185.457998657227,0,1
statepct,RED,4,2011,NM,PC:P5,TOTAL,All students,210.986001586914,0,1
statepct,RED,4,2011,NM,PC:P9,TOTAL,All students,252.032000732422,0,1
statepct,RED,4,2011,NV,PC:P1,TOTAL,All students,164.358001708984,0,1
statepct,RED,4,2011,NV,PC:P2,TOTAL,All students,190.259997558594,0,1
statepct,RED,4,2011,NV,PC:P5,TOTAL,All students,215.503997802734,0,1
statepct,RED,4,2011,NV,PC:P9,TOTAL,All students,256.751992797852,0,1
statepct,RED,4,2011,NY,PC:P1,TOTAL,All students,175.507998657227,0,1
statepct,RED,4,2011,NY,PC:P2,TOTAL,All students,200.566000366211,0,1
statepct,RED,4,2011,NY,PC:P5,TOTAL,All students,225.073999023438,0,1
statepct,RED,4,2011,NY,PC:P9,TOTAL,All students,266.167999267578,0,1
statepct,RED,4,2011,OH,PC:P1,TOTAL,All students,183.178002929688,0,1
statepct,RED,4,2011,OH,PC:P2,TOTAL,All students,204.466000366211,0,1
statepct,RED,4,2011,OH,PC:P5,TOTAL,All students,225.873999023437,0,1
statepct,RED,4,2011,OH,PC:P9,TOTAL,All students,261.564001464844,0,1
statepct,RED,4,2011,OK,PC:P1,TOTAL,All students,168.82399597168,0,1
statepct,RED,4,2011,OK,PC:P2,TOTAL,All students,195.791998291016,0,1
statepct,RED,4,2011,OK,PC:P5,TOTAL,All students,219.790002441406,0,1
statepct,RED,4,2011,OK,PC:P9,TOTAL,All students,256.408001708984,0,1
statepct,RED,4,2011,OR,PC:P1,TOTAL,All students,164.148001098633,0,1
statepct,RED,4,2011,OR,PC:P2,TOTAL,All students,193.551998901367,0,1
statepct,RED,4,2011,OR,PC:P5,TOTAL,All students,220.334002685547,0,1
statepct,RED,4,2011,OR,PC:P9,TOTAL,All students,262.396002197266,0,1
statepct,RED,4,2011,PA,PC:P1,TOTAL,All students,180.07200012207,0,1
statepct,RED,4,2011,PA,PC:P2,TOTAL,All students,206.376000976562,0,1
statepct,RED,4,2011,PA,PC:P5,TOTAL,All students,230.967999267578,0,1
statepct,RED,4,2011,PA,PC:P9,TOTAL,All students,269.602001953125,0,1
statepct,RED,4,2013,MT,PC:P1,TOTAL,All students,179.212999725342,0,1
statepct,RED,4,2013,MT,PC:P2,TOTAL,All students,202.985001373291,0,1
statepct,RED,4,2013,MT,PC:P5,TOTAL,All students,225.668499755859,0,1
statepct,RED,4,2013,MT,PC:P9,TOTAL,All students,263.223997497559,0,1
statepct,RED,4,2013,NC,PC:P1,TOTAL,All students,175.621500396729,0,1
statepct,RED,4,2013,NC,PC:P2,TOTAL,All students,201.162001037598,0,1
statepct,RED,4,2013,NC,PC:P5,TOTAL,All students,225.585499572754,0,1
statepct,RED,4,2013,NC,PC:P9,TOTAL,All students,264.383497619629,0,1
statepct,RED,4,2013,ND,PC:P1,TOTAL,All students,184.445998382568,0,1
statepct,RED,4,2013,ND,PC:P2,TOTAL,All students,206.055999755859,0,1
statepct,RED,4,2013,ND,PC:P5,TOTAL,All students,226.6375,0,1
statepct,RED,4,2013,ND,PC:P9,TOTAL,All students,260.303500366211,0,1
statepct,RED,4,2013,NE,PC:P1,TOTAL,All students,176.076499176025,0,1
statepct,RED,4,2013,NE,PC:P2,TOTAL,All students,203.373999786377,0,1
statepct,RED,4,2013,NE,PC:P5,TOTAL,All students,227.452500915527,0,1
statepct,RED,4,2013,NE,PC:P9,TOTAL,All students,265.224998474121,0,1
statepct,RED,4,2013,NH,PC:P1,TOTAL,All students,192.07799987793,0,1
statepct,RED,4,2013,NH,PC:P2,TOTAL,All students,214.127001190186,0,1
statepct,RED,4,2013,NH,PC:P5,TOTAL,All students,234.255500793457,0,1
statepct,RED,4,2013,NH,PC:P9,TOTAL,All students,268.835498046875,0,1
statepct,RED,4,2013,NJ,PC:P1,TOTAL,All students,183.613000488281,0,1
statepct,RED,4,2013,NJ,PC:P2,TOTAL,All students,208.042999267578,0,1
statepct,RED,4,2013,NJ,PC:P5,TOTAL,All students,231.561500549316,0,1
statepct,RED,4,2013,NJ,PC:P9,TOTAL,All students,270.433999633789,0,1
statepct,RED,4,2013,NM,PC:P1,TOTAL,All students,151.598500823975,0,1
statepct,RED,4,2013,NM,PC:P2,TOTAL,All students,181.762999725342,0,1
statepct,RED,4,2013,NM,PC:P5,TOTAL,All students,210.405000305176,0,1
statepct,RED,4,2013,NM,PC:P9,TOTAL,All students,253.354501342773,0,1
statepct,RED,4,2013,NV,PC:P1,TOTAL,All students,163.009000396729,0,1
statepct,RED,4,2013,NV,PC:P2,TOTAL,All students,192.703000640869,0,1
statepct,RED,4,2013,NV,PC:P5,TOTAL,All students,218.333500671387,0,1
statepct,RED,4,2013,NV,PC:P9,TOTAL,All students,258.301997375488,0,1
statepct,RED,4,2013,NY,PC:P1,TOTAL,All students,176.254499053955,0,1
statepct,RED,4,2013,NY,PC:P2,TOTAL,All students,202.103500366211,0,1
statepct,RED,4,2013,NY,PC:P5,TOTAL,All students,227.347500610352,0,1
statepct,RED,4,2013,NY,PC:P9,TOTAL,All students,266.230499267578,0,1
statepct,RED,4,2013,OH,PC:P1,TOTAL,All students,175.946999359131,0,1
statepct,RED,4,2013,OH,PC:P2,TOTAL,All students,202.785501098633,0,1
statepct,RED,4,2013,OH,PC:P5,TOTAL,All students,227.706999969482,0,1
statepct,RED,4,2013,OH,PC:P9,TOTAL,All students,266.423997497559,0,1
statepct,RED,4,2013,OK,PC:P1,TOTAL,All students,170.01900100708,0,1
statepct,RED,4,2013,OK,PC:P2,TOTAL,All students,197.147500610351,0,1
statepct,RED,4,2013,OK,PC:P5,TOTAL,All students,221.380001068115,0,1
statepct,RED,4,2013,OK,PC:P9,TOTAL,All students,259.20350189209,0,1
statepct,RED,4,2013,OR,PC:P1,TOTAL,All students,167.130501556397,0,1
statepct,RED,4,2013,OR,PC:P2,TOTAL,All students,197.111498260498,0,1
statepct,RED,4,2013,OR,PC:P5,TOTAL,All students,223.336000823975,0,1
statepct,RED,4,2013,OR,PC:P9,TOTAL,All students,265.488499450684,0,1
statepct,RED,4,2013,PA,PC:P1,TOTAL,All students,179.698001098633,0,1
statepct,RED,4,2013,PA,PC:P2,TOTAL,All students,205.969499969483,0,1
statepct,RED,4,2013,PA,PC:P5,TOTAL,All students,229.939498901367,0,1
statepct,RED,4,2013,PA,PC:P9,TOTAL,All students,267.964999389648,0,1
statepct,RED,4,2015,MT,PC:P1,TOTAL,All students,179.905000305176,0,1
statepct,RED,4,2015,MT,PC:P2,TOTAL,All students,205.021002197266,0,1
statepct,RED,4,2015,MT,PC:P5,TOTAL,All students,228.201998901367,0,1
statepct,RED,4,2015,MT,PC:P9,TOTAL,All students,264.834997558594,0,1
statepct,RED,4,2015,NC,PC:P1,TOTAL,All students,180.382000732422,0,1
statepct,RED,4,2015,NC,PC:P2,TOTAL,All students,205.103500366211,0,1
statepct,RED,4,2015,NC,PC:P5,TOTAL,All students,228.878999328613,0,1
statepct,RED,4,2015,NC,PC:P9,TOTAL,All students,266.741996765137,0,1
statepct,RED,4,2015,ND,PC:P1,TOTAL,All students,181.689500427246,0,1
statepct,RED,4,2015,ND,PC:P2,TOTAL,All students,205.863499450684,0,1
statepct,RED,4,2015,ND,PC:P5,TOTAL,All students,228.124999237061,0,1
statepct,RED,4,2015,ND,PC:P9,TOTAL,All students,263.065998840332,0,1
statepct,RED,4,2015,NE,PC:P1,TOTAL,All students,180.443500518799,0,1
statepct,RED,4,2015,NE,PC:P2,TOTAL,All students,206.840501403809,0,1
statepct,RED,4,2015,NE,PC:P5,TOTAL,All students,230.230001068115,0,1
statepct,RED,4,2015,NE,PC:P9,TOTAL,All students,267.205003356934,0,1
statepct,RED,4,2015,NH,PC:P1,TOTAL,All students,188.728498840332,0,1
statepct,RED,4,2015,NH,PC:P2,TOTAL,All students,212.954499816895,0,1
statepct,RED,4,2015,NH,PC:P5,TOTAL,All students,234.997498321533,0,1
statepct,RED,4,2015,NH,PC:P9,TOTAL,All students,270.607499694824,0,1
statepct,RED,4,2015,NJ,PC:P1,TOTAL,All students,184.266499328613,0,1
statepct,RED,4,2015,NJ,PC:P2,TOTAL,All students,208.473500823975,0,1
statepct,RED,4,2015,NJ,PC:P5,TOTAL,All students,232.106498718262,0,1
statepct,RED,4,2015,NJ,PC:P9,TOTAL,All students,271.063000488281,0,1
statepct,RED,4,2015,NM,PC:P1,TOTAL,All students,153.804000091553,0,1
statepct,RED,4,2015,NM,PC:P2,TOTAL,All students,183.591500091553,0,1
statepct,RED,4,2015,NM,PC:P5,TOTAL,All students,211.831999969482,0,1
statepct,RED,4,2015,NM,PC:P9,TOTAL,All students,254.383499908447,0,1
statepct,RED,4,2015,NV,PC:P1,TOTAL,All students,162.794998931885,0,1
statepct,RED,4,2015,NV,PC:P2,TOTAL,All students,191.284501647949,0,1
statepct,RED,4,2015,NV,PC:P5,TOTAL,All students,218.498000335693,0,1
statepct,RED,4,2015,NV,PC:P9,TOTAL,All students,260.437002563477,0,1
statepct,RED,4,2015,NY,PC:P1,TOTAL,All students,175.170500946045,0,1
statepct,RED,4,2015,NY,PC:P2,TOTAL,All students,200.460499572754,0,1
statepct,RED,4,2015,NY,PC:P5,TOTAL,All students,225.795999145508,0,1
statepct,RED,4,2015,NY,PC:P9,TOTAL,All students,266.04100189209,0,1
statepct,RED,4,2015,OH,PC:P1,TOTAL,All students,179.754499816895,0,1
statepct,RED,4,2015,OH,PC:P2,TOTAL,All students,204.926498413086,0,1
statepct,RED,4,2015,OH,PC:P5,TOTAL,All students,228.156500244141,0,1
statepct,RED,4,2015,OH,PC:P9,TOTAL,All students,265.554002380371,0,1
statepct,RED,4,2015,OK,PC:P1,TOTAL,All students,179.110499572754,0,1
statepct,RED,4,2015,OK,PC:P2,TOTAL,All students,203.454500579834,0,1
statepct,RED,4,2015,OK,PC:P5,TOTAL,All students,225.340000915527,0,1
statepct,RED,4,2015,OK,PC:P9,TOTAL,All students,259.777499389648,0,1
statepct,RED,4,2015,OR,PC:P1,TOTAL,All students,170.352500152588,0,1
statepct,RED,4,2015,OR,PC:P2,TOTAL,All students,198.762998962402,0,1
statepct,RED,4,2015,OR,PC:P5,TOTAL,All students,224.698001098633,0,1
statepct,RED,4,2015,OR,PC:P9,TOTAL,All students,264.6,0,1
statepct,RED,4,2015,PA,PC:P1,TOTAL,All students,177.926998901367,0,1
statepct,RED,4,2015,PA,PC:P2,TOTAL,All students,206.298998260498,0,1
statepct,RED,4,2015,PA,PC:P5,TOTAL,All students,231.058499908447,0,1
statepct,RED,4,2015,PA,PC:P9,TOTAL,All students,268.930500793457,0,1
statepct,RED,4,2017,MT,PC:P1,TOTAL,All students,171.852001190186,0,1
statepct,RED,4,2017,MT,PC:P2,TOTAL,All students,200.816498565674,0,1
statepct,RED,4,2017,MT,PC:P5,TOTAL,All students,227.595499420166,0,1
statepct,RED,4,2017,MT,PC:P9,TOTAL,All students,264.847500610352,0,1
statepct,RED,4,2017,NC,PC:P1,TOTAL,All students,174.481499481201,0,1
statepct,RED,4,2017,NC,PC:P2,TOTAL,All students,200.78399887085,0,1
statepct,RED,4,2017,NC,PC:P5,TOTAL,All students,227.799499511719,0,1
statepct,RED,4,2017,NC,PC:P9,TOTAL,All students,267.902500915527,0,1
statepct,RED,4,2017,ND,PC:P1,TOTAL,All students,176.461001586914,0,1
statepct,RED,4,2017,ND,PC:P2,TOTAL,All students,201.816500091553,0,1
statepct,RED,4,2017,ND,PC:P5,TOTAL,All students,225.91900100708,0,1
statepct,RED,4,2017,ND,PC:P9,TOTAL,All students,260.689002990723,0,1
statepct,RED,4,2017,NE,PC:P1,TOTAL,All students,175.219499969482,0,1
statepct,RED,4,2017,NE,PC:P2,TOTAL,All students,203.758999633789,0,1
statepct,RED,4,2017,NE,PC:P5,TOTAL,All students,228.758499145508,0,1
statepct,RED,4,2017,NE,PC:P9,TOTAL,All students,265.943002319336,0,1
statepct,RED,4,2017,NH,PC:P1,TOTAL,All students,184.314498901367,0,1
statepct,RED,4,2017,NH,PC:P2,TOTAL,All students,208.580500793457,0,1
statepct,RED,4,2017,NH,PC:P5,TOTAL,All students,232.275001525879,0,1
statepct,RED,4,2017,NH,PC:P9,TOTAL,All students,268.62449798584,0,1
statepct,RED,4,2017,NJ,PC:P1,TOTAL,All students,184.830000305176,0,1
statepct,RED,4,2017,NJ,PC:P2,TOTAL,All students,211.365500640869,0,1
statepct,RED,4,2017,NJ,PC:P5,TOTAL,All students,236.865501403809,0,1
statepct,RED,4,2017,NJ,PC:P9,TOTAL,All students,275.326499938965,0,1
statepct,RED,4,2017,NM,PC:P1,TOTAL,All students,149.968000030517,0,1
statepct,RED,4,2017,NM,PC:P2,TOTAL,All students,181.173502349854,0,1
statepct,RED,4,2017,NM,PC:P5,TOTAL,All students,212.009999084473,0,1
statepct,RED,4,2017,NM,PC:P9,TOTAL,All students,257.959495544434,0,1
statepct,RED,4,2017,NV,PC:P1,TOTAL,All students,159.972500610352,0,1
statepct,RED,4,2017,NV,PC:P2,TOTAL,All students,190.457500457764,0,1
statepct,RED,4,2017,NV,PC:P5,TOTAL,All students,218.994502258301,0,1
statepct,RED,4,2017,NV,PC:P9,TOTAL,All students,262.497000122071,0,1
statepct,RED,4,2017,NY,PC:P1,TOTAL,All students,171.779499816894,0,1
statepct,RED,4,2017,NY,PC:P2,TOTAL,All students,199.449000549317,0,1
statepct,RED,4,2017,NY,PC:P5,TOTAL,All students,225.175500488281,0,1
statepct,RED,4,2017,NY,PC:P9,TOTAL,All students,266.662498474121,0,1
statepct,RED,4,2017,OH,PC:P1,TOTAL,All students,177.387999725342,0,1
statepct,RED,4,2017,OH,PC:P2,TOTAL,All students,203.545999145508,0,1
statepct,RED,4,2017,OH,PC:P5,TOTAL,All students,228.529997253418,0,1
statepct,RED,4,2017,OH,PC:P9,TOTAL,All students,267.402000427246,0,1
statepct,RED,4,2017,OK,PC:P1,TOTAL,All students,169.457997894287,0,1
statepct,RED,4,2017,OK,PC:P2,TOTAL,All students,194.752500152588,0,1
statepct,RED,4,2017,OK,PC:P5,TOTAL,All students,220.15950088501,0,1
statepct,RED,4,2017,OK,PC:P9,TOTAL,All students,258.193998718262,0,1
statepct,RED,4,2017,OR,PC:P1,TOTAL,All students,164.281999969483,0,1
statepct,RED,4,2017,OR,PC:P2,TOTAL,All students,192.441999053955,0,1
statepct,RED,4,2017,OR,PC:P5,TOTAL,All students,221.689498138428,0,1
statepct,RED,4,2017,OR,PC:P9,TOTAL,All students,264.334996032715,0,1
statepct,RED,4,2017,PA,PC:P1,TOTAL,All students,173.934000396729,0,1
statepct,RED,4,2017,PA,PC:P2,TOTAL,All students,203.365000152588,0,1
statepct,RED,4,2017,PA,PC:P5,TOTAL,All students,229.528499603272,0,1
statepct,RED,4,2017,PA,PC:P9,TOTAL,All students,268.65950012207,0,1
statepct,RED,4,2019,MT,PC:P1,TOTAL,All students,169.498000335693,0,1
statepct,RED,4,2019,MT,PC:P2,TOTAL,All students,200.100001525879,0,1
statepct,RED,4,2019,MT,PC:P5,TOTAL,All students,226.704501342773,0,1
statepct,RED,4,2019,MT,PC:P9,TOTAL,All students,264.822497558594,0,1
statepct,RED,4,2019,NC,PC:P1,TOTAL,All students,170.522500610352,0,1
statepct,RED,4,2019,NC,PC:P2,TOTAL,All students,197.870998382568,0,1
statepct,RED,4,2019,NC,PC:P5,TOTAL,All students,225.224500274658,0,1
statepct,RED,4,2019,NC,PC:P9,TOTAL,All students,266.209002685547,0,1
statepct,RED,4,2019,ND,PC:P1,TOTAL,All students,173.143499755859,0,1
statepct,RED,4,2019,ND,PC:P2,TOTAL,All students,200.474000549317,0,1
statepct,RED,4,2019,ND,PC:P5,TOTAL,All students,224.983000183106,0,1
statepct,RED,4,2019,ND,PC:P9,TOTAL,All students,262.561499023438,0,1
statepct,RED,4,2019,NE,PC:P1,TOTAL,All students,171.263000488281,0,1
statepct,RED,4,2019,NE,PC:P2,TOTAL,All students,200.563999176025,0,1
statepct,RED,4,2019,NE,PC:P5,TOTAL,All students,226.497499847412,0,1
statepct,RED,4,2019,NE,PC:P9,TOTAL,All students,265.860997009277,0,1
statepct,RED,4,2019,NH,PC:P1,TOTAL,All students,174.383999633789,0,1
statepct,RED,4,2019,NH,PC:P2,TOTAL,All students,202.550000762939,0,1
statepct,RED,4,2019,NH,PC:P5,TOTAL,All students,228.091499328613,0,1
statepct,RED,4,2019,NH,PC:P9,TOTAL,All students,267.634999084473,0,1
statepct,RED,4,2019,NJ,PC:P1,TOTAL,All students,177.39700012207,0,1
statepct,RED,4,2019,NJ,PC:P2,TOTAL,All students,204.227000427246,0,1
statepct,RED,4,2019,NJ,PC:P5,TOTAL,All students,230.817998504639,0,1
statepct,RED,4,2019,NJ,PC:P9,TOTAL,All students,271.213496398926,0,1
statepct,RED,4,2019,NM,PC:P1,TOTAL,All students,153.123998260498,0,1
statepct,RED,4,2019,NM,PC:P2,TOTAL,All students,181.722500610352,0,1
statepct,RED,4,2019,NM,PC:P5,TOTAL,All students,211.011000061035,0,1
statepct,RED,4,2019,NM,PC:P9,TOTAL,All students,256.341000366211,0,1
statepct,RED,4,2019,NV,PC:P1,TOTAL,All students,166.417000579834,0,1
statepct,RED,4,2019,NV,PC:P2,TOTAL,All students,195.050997924805,0,1
statepct,RED,4,2019,NV,PC:P5,TOTAL,All students,221.488500976563,0,1
statepct,RED,4,2019,NV,PC:P9,TOTAL,All students,261.940501403809,0,1
statepct,RED,4,2019,NY,PC:P1,TOTAL,All students,167.491500091553,0,1
statepct,RED,4,2019,NY,PC:P2,TOTAL,All students,196.005001831055,0,1
statepct,RED,4,2019,NY,PC:P5,TOTAL,All students,223.832501220703,0,1
statepct,RED,4,2019,NY,PC:P9,TOTAL,All students,264.524499511719,0,1
statepct,RED,4,2019,OH,PC:P1,TOTAL,All students,172.110500335693,0,1
statepct,RED,4,2019,OH,PC:P2,TOTAL,All students,199.729499053955,0,1
statepct,RED,4,2019,OH,PC:P5,TOTAL,All students,225.935999298096,0,1
statepct,RED,4,2019,OH,PC:P9,TOTAL,All students,265.486003112793,0,1
statepct,RED,4,2019,OK,PC:P1,TOTAL,All students,168.815501403809,0,1
statepct,RED,4,2019,OK,PC:P2,TOTAL,All students,195.072998046875,0,1
statepct,RED,4,2019,OK,PC:P5,TOTAL,All students,220.127000427246,0,1
statepct,RED,4,2019,OK,PC:P9,TOTAL,All students,258.108497619629,0,1
statepct,RED,4,2019,OR,PC:P1,TOTAL,All students,160.963000488281,0,1
statepct,RED,4,2019,OR,PC:P2,TOTAL,All students,193.401500701904,0,1
statepct,RED,4,2019,OR,PC:P5,TOTAL,All students,222.839499664307,0,1
statepct,RED,4,2019,OR,PC:P9,TOTAL,All students,266.298001098633,0,1
statepct,RED,4,2019,PA,PC:P1,TOTAL,All students,167.752000427246,0,1
statepct,RED,4,2019,PA,PC:P2,TOTAL,All students,198.811500549317,0,1
statepct,RED,4,2019,PA,PC:P5,TOTAL,All students,227.921500396729,0,1
statepct,RED,4,2019,PA,PC:P9,TOTAL,All students,270.380000305176,0,1
statepct,RED,4,2022,MT,PC:P1,TOTAL,All students,166.069999694824,0,1
statepct,RED,4,2022,MT,PC:P2,TOTAL,All students,194.964499664307,0,1
statepct,RED,4,2022,MT,PC:P5,TOTAL,All students,223.631499481201,0,1
statepct,RED,4,2022,MT,PC:P9,TOTAL,All students,263.458502197266,0,1
statepct,RED,4,2022,NC,PC:P1,TOTAL,All students,159.262998199463,0,1
statepct,RED,4,2022,NC,PC:P2,TOTAL,All students,189.707499694824,0,1
statepct,RED,4,2022,NC,PC:P5,TOTAL,All students,220.293500518799,0,1
statepct,RED,4,2022,NC,PC:P9,TOTAL,All students,264.938999938965,0,1
statepct,RED,4,2022,ND,PC:P1,TOTAL,All students,167.80650100708,0,1
statepct,RED,4,2022,ND,PC:P2,TOTAL,All students,195.281998443604,0,1
statepct,RED,4,2022,ND,PC:P5,TOTAL,All students,221.98450088501,0,1
statepct,RED,4,2022,ND,PC:P9,TOTAL,All students,260.229995727539,0,1
statepct,RED,4,2022,NE,PC:P1,TOTAL,All students,163.188999938965,0,1
statepct,RED,4,2022,NE,PC:P2,TOTAL,All students,194.577500915527,0,1
statepct,RED,4,2022,NE,PC:P5,TOTAL,All students,223.473999023438,0,1
statepct,RED,4,2022,NE,PC:P9,TOTAL,All students,265.026501464844,0,1
statepct,RED,4,2022,NH,PC:P1,TOTAL,All students,170.806999206543,0,1
statepct,RED,4,2022,NH,PC:P2,TOTAL,All students,197.983501434326,0,1
statepct,RED,4,2022,NH,PC:P5,TOTAL,All students,226.12200012207,0,1
statepct,RED,4,2022,NH,PC:P9,TOTAL,All students,268.196000671387,0,1
statepct,RED,4,2022,NJ,PC:P1,TOTAL,All students,169.575501251221,0,1
statepct,RED,4,2022,NJ,PC:P2,TOTAL,All students,197.807501220703,0,1
statepct,RED,4,2022,NJ,PC:P5,TOTAL,All students,226.517499542236,0,1
statepct,RED,4,2022,NJ,PC:P9,TOTAL,All students,269.167500305176,0,1
statepct,RED,4,2022,NM,PC:P1,TOTAL,All students,144.58450088501,0,1
statepct,RED,4,2022,NM,PC:P2,TOTAL,All students,173.0125,0,1
statepct,RED,4,2022,NM,PC:P5,TOTAL,All students,205.348999023438,0,1
statepct,RED,4,2022,NM,PC:P9,TOTAL,All students,254.460499572754,0,1
statepct,RED,4,2022,NV,PC:P1,TOTAL,All students,156.838497924805,0,1
statepct,RED,4,2022,NV,PC:P2,TOTAL,All students,185.490000915527,0,1
statepct,RED,4,2022,NV,PC:P5,TOTAL,All students,214.9625,0,1
statepct,RED,4,2022,NV,PC:P9,TOTAL,All students,259.489500427246,0,1
statepct,RED,4,2022,NY,PC:P1,TOTAL,All students,157.342999267578,0,1
statepct,RED,4,2022,NY,PC:P2,TOTAL,All students,186.73450012207,0,1
statepct,RED,4,2022,NY,PC:P5,TOTAL,All students,217.065000152588,0,1
statepct,RED,4,2022,NY,PC:P9,TOTAL,All students,264.608999633789,0,1
statepct,RED,4,2022,OH,PC:P1,TOTAL,All students,161.945999908447,0,1
statepct,RED,4,2022,OH,PC:P2,TOTAL,All students,193.872500610352,0,1
statepct,RED,4,2022,OH,PC:P5,TOTAL,All students,223.826000976563,0,1
statepct,RED,4,2022,OH,PC:P9,TOTAL,All students,267.166998291016,0,1
statepct,RED,4,2022,OK,PC:P1,TOTAL,All students,153.42149887085,0,1
statepct,RED,4,2022,OK,PC:P2,TOTAL,All students,182.519499206543,0,1
statepct,RED,4,2022,OK,PC:P5,TOTAL,All students,213.170997619629,0,1
statepct,RED,4,2022,OK,PC:P9,TOTAL,All students,254.345499420166,0,1
statepct,RED,4,2022,OR,PC:P1,TOTAL,All students,151.993999481201,0,1
statepct,RED,4,2022,OR,PC:P2,TOTAL,All students,181.814499664307,0,1
statepct,RED,4,2022,OR,PC:P5,TOTAL,All students,214.488497161865,0,1
statepct,RED,4,2022,OR,PC:P9,TOTAL,All students,261.850497436524,0,1
statepct,RED,4,2022,PA,PC:P1,TOTAL,All students,163.917999267578,0,1
statepct,RED,4,2022,PA,PC:P2,TOTAL,All students,193.926499176025,0,1
statepct,RED,4,2022,PA,PC:P5,TOTAL,All students,222.724999237061,0,1
statepct,RED,4,2022,PA,PC:P9,TOTAL,All students,266.777996826172,0,1
statepct,RED,4,2024,MT,PC:P1,TOTAL,All students,165.087497711182,0,1
statepct,RED,4,2024,MT,PC:P2,TOTAL,All students,192.749999237061,0,1
statepct,RED,4,2024,MT,PC:P5,TOTAL,All students,220.14700088501,0,1
statepct,RED,4,2024,MT,PC:P9,TOTAL,All students,263.37799987793,0,1
statepct,RED,4,2024,NC,PC:P1,TOTAL,All students,154.626501464844,0,1
statepct,RED,4,2024,NC,PC:P2,TOTAL,All students,185.506498718262,0,1
statepct,RED,4,2024,NC,PC:P5,TOTAL,All students,217.262499237061,0,1
statepct,RED,4,2024,NC,PC:P9,TOTAL,All students,265.160499572754,0,1
statepct,RED,4,2024,ND,PC:P1,TOTAL,All students,167.087001037598,0,1
statepct,RED,4,2024,ND,PC:P2,TOTAL,All students,193.253500366211,0,1
statepct,RED,4,2024,ND,PC:P5,TOTAL,All students,218.958499145508,0,1
statepct,RED,4,2024,ND,PC:P9,TOTAL,All students,258.473501586914,0,1
statepct,RED,4,2024,NE,PC:P1,TOTAL,All students,154.914501190186,0,1
statepct,RED,4,2024,NE,PC:P2,TOTAL,All students,185.628499603271,0,1
statepct,RED,4,2024,NE,PC:P5,TOTAL,All students,216.040999603272,0,1
statepct,RED,4,2024,NE,PC:P9,TOTAL,All students,260.362995910645,0,1
statepct,RED,4,2024,NH,PC:P1,TOTAL,All students,169.138001251221,0,1
statepct,RED,4,2024,NH,PC:P2,TOTAL,All students,197.424001312256,0,1
statepct,RED,4,2024,NH,PC:P5,TOTAL,All students,225.386499023438,0,1
statepct,RED,4,2024,NH,PC:P9,TOTAL,All students,267.701000976563,0,1
statepct,RED,4,2024,NJ,PC:P1,TOTAL,All students,160.920000457764,0,1
statepct,RED,4,2024,NJ,PC:P2,TOTAL,All students,195.942999267578,0,1
statepct,RED,4,2024,NJ,PC:P5,TOTAL,All students,226.372499847412,0,1
statepct,RED,4,2024,NJ,PC:P9,TOTAL,All students,274.01199798584,0,1
statepct,RED,4,2024,NM,PC:P1,TOTAL,All students,141.819999694824,0,1
statepct,RED,4,2024,NM,PC:P2,TOTAL,All students,171.376000213623,0,1
statepct,RED,4,2024,NM,PC:P5,TOTAL,All students,204.4125,0,1
statepct,RED,4,2024,NM,PC:P9,TOTAL,All students,253.272499847412,0,1
statepct,RED,4,2024,NV,PC:P1,TOTAL,All students,155.661000823975,0,1
statepct,RED,4,2024,NV,PC:P2,TOTAL,All students,186.447499847412,0,1
statepct,RED,4,2024,NV,PC:P5,TOTAL,All students,217.571499633789,0,1
statepct,RED,4,2024,NV,PC:P9,TOTAL,All students,262.833999633789,0,1
statepct,RED,4,2024,NY,PC:P1,TOTAL,All students,157.267500305176,0,1
statepct,RED,4,2024,NY,PC:P2,TOTAL,All students,187.591498565674,0,1
statepct,RED,4,2024,NY,PC:P5,TOTAL,All students,218.043999481201,0,1
statepct,RED,4,2024,NY,PC:P9,TOTAL,All students,266.140502929688,0,1
statepct,RED,4,2024,OH,PC:P1,TOTAL,All students,158.9,0,1
statepct,RED,4,2024,OH,PC:P2,TOTAL,All students,190.244501495361,0,1
statepct,RED,4,2024,OH,PC:P5,TOTAL,All students,220.307998657227,0,1
statepct,RED,4,2024,OH,PC:P9,TOTAL,All students,264.806001281739,0,1
statepct,RED,4,2024,OK,PC:P1,TOTAL,All students,152.368000030518,0,1
statepct,RED,4,2024,OK,PC:P2,TOTAL,All students,182.226501464844,0,1
statepct,RED,4,2024,OK,PC:P5,TOTAL,All students,211.519499206543,0,1
statepct,RED,4,2024,OK,PC:P9,TOTAL,All students,253.945000457764,0,1
statepct,RED,4,2024,OR,PC:P1,TOTAL,All students,146.280500793457,0,1
statepct,RED,4,2024,OR,PC:P2,TOTAL,All students,176.14700012207,0,1
statepct,RED,4,2024,OR,PC:P5,TOTAL,All students,210.149999237061,0,1
statepct,RED,4,2024,OR,PC:P9,TOTAL,All students,262.10950012207,0,1
statepct,RED,4,2024,PA,PC:P1,TOTAL,All students,156.528499603272,0,1
statepct,RED,4,2024,PA,PC:P2,TOTAL,All students,189.52200012207,0,1
statepct,RED,4,2024,PA,PC:P5,TOTAL,All students,221.19649887085,0,1
statepct,RED,4,2024,PA,PC:P9,TOTAL,All students,264.586500549317,0,1
statepct,RED,4,2003,RI,PC:P1,TOTAL,All students,167.42600402832,0,1
statepct,RED,4,2003,RI,PC:P2,TOTAL,All students,193.416000366211,0,1
statepct,RED,4,2003,RI,PC:P5,TOTAL,All students,219.35,0,1
statepct,RED,4,2003,RI,PC:P9,TOTAL,All students,261.353997802734,0,1
statepct,RED,4,2003,SC,PC:P1,TOTAL,All students,169.283996582031,0,1
statepct,RED,4,2003,SC,PC:P2,TOTAL,All students,192.063998413086,0,1
statepct,RED,4,2003,SC,PC:P5,TOTAL,All students,216.27600402832,0,1
statepct,RED,4,2003,SC,PC:P9,TOTAL,All students,257.926000976563,0,1
statepct,RED,4,2003,SD,PC:P1,TOTAL,All students,178.375997924805,0,1
statepct,RED,4,2003,SD,PC:P2,TOTAL,All students,201.438000488281,0,1
statepct,RED,4,2003,SD,PC:P5,TOTAL,All students,224.305999755859,0,1
statepct,RED,4,2003,SD,PC:P9,TOTAL,All students,262.967999267578,0,1
statepct,RED,4,2003,TN,PC:P1,TOTAL,All students,159.931997680664,0,1
statepct,RED,4,2003,TN,PC:P2,TOTAL,All students,187.422003173828,0,1
statepct,RED,4,2003,TN,PC:P5,TOTAL,All students,215.205996704101,0,1
statepct,RED,4,2003,TN,PC:P9,TOTAL,All students,259.788000488281,0,1
statepct,RED,4,2003,TX,PC:P1,TOTAL,All students,168.479998779297,0,1
statepct,RED,4,2003,TX,PC:P2,TOTAL,All students,191.714001464844,0,1
statepct,RED,4,2003,TX,PC:P5,TOTAL,All students,216.080001831055,0,1
statepct,RED,4,2003,TX,PC:P9,TOTAL,All students,258.735998535156,0,1
statepct,RED,4,2003,UT,PC:P1,TOTAL,All students,171.228002929688,0,1
statepct,RED,4,2003,UT,PC:P2,TOTAL,All students,198.124002075195,0,1
statepct,RED,4,2003,UT,PC:P5,TOTAL,All students,222.844000244141,0,1
statepct,RED,4,2003,UT,PC:P9,TOTAL,All students,261.773999023438,0,1
statepct,RED,4,2003,VA,PC:P1,TOTAL,All students,177.739999389649,0,1
statepct,RED,4,2003,VA,PC:P2,TOTAL,All students,200.541998291015,0,1
statepct,RED,4,2003,VA,PC:P5,TOTAL,All students,225.001998901367,0,1
statepct,RED,4,2003,VA,PC:P9,TOTAL,All students,266.053997802735,0,1
statepct,RED,4,2003,VT,PC:P1,TOTAL,All students,184.729998779297,0,1
statepct,RED,4,2003,VT,PC:P2,TOTAL,All students,206.302001953125,0,1
statepct,RED,4,2003,VT,PC:P5,TOTAL,All students,227.853997802734,0,1
statepct,RED,4,2003,VT,PC:P9,TOTAL,All students,264.771997070313,0,1
statepct,RED,4,2003,WA,PC:P1,TOTAL,All students,174.104000854492,0,1
statepct,RED,4,2003,WA,PC:P2,TOTAL,All students,199.719998168945,0,1
statepct,RED,4,2003,WA,PC:P5,TOTAL,All students,223.782000732422,0,1
statepct,RED,4,2003,WA,PC:P9,TOTAL,All students,263.379998779297,0,1
statepct,RED,4,2003,WI,PC:P1,TOTAL,All students,174.646002197266,0,1
statepct,RED,4,2003,WI,PC:P2,TOTAL,All students,200.021997070313,0,1
statepct,RED,4,2003,WI,PC:P5,TOTAL,All students,223.493997192383,0,1
statepct,RED,4,2003,WI,PC:P9,TOTAL,All students,262.10199584961,0,1
statepct,RED,4,2003,WV,PC:P1,TOTAL,All students,177.45,0,1
statepct,RED,4,2003,WV,PC:P2,TOTAL,All students,198.325997924805,0,1
statepct,RED,4,2003,WV,PC:P5,TOTAL,All students,220.414001464844,0,1
statepct,RED,4,2003,WV,PC:P9,TOTAL,All students,259.128002929688,0,1
statepct,RED,4,2003,WY,PC:P1,TOTAL,All students,177.114001464844,0,1
statepct,RED,4,2003,WY,PC:P2,TOTAL,All students,201.065997314453,0,1
statepct,RED,4,2003,WY,PC:P5,TOTAL,All students,224.791995239258,0,1
statepct,RED,4,2003,WY,PC:P9,TOTAL,All students,263.35199584961,0,1
statepct,RED,4,2005,RI,PC:P1,TOTAL,All students,166.511999511719,0,1
statepct,RED,4,2005,RI,PC:P2,TOTAL,All students,192.79599609375,0,1
statepct,RED,4,2005,RI,PC:P5,TOTAL,All students,219.403997802735,0,1
statepct,RED,4,2005,RI,PC:P9,TOTAL,All students,262.357995605469,0,1
statepct,RED,4,2005,SC,PC:P1,TOTAL,All students,165.079998779297,0,1
statepct,RED,4,2005,SC,PC:P2,TOTAL,All students,189.364001464844,0,1
statepct,RED,4,2005,SC,PC:P5,TOTAL,All students,214.665997314453,0,1
statepct,RED,4,2005,SC,PC:P9,TOTAL,All students,258.814001464844,0,1
statepct,RED,4,2005,SD,PC:P1,TOTAL,All students,179.975997924805,0,1
statepct,RED,4,2005,SD,PC:P2,TOTAL,All students,202.609994506836,0,1
statepct,RED,4,2005,SD,PC:P5,TOTAL,All students,224.997998046875,0,1
statepct,RED,4,2005,SD,PC:P9,TOTAL,All students,261.444006347656,0,1
statepct,RED,4,2005,TN,PC:P1,TOTAL,All students,165.617999267578,0,1
statepct,RED,4,2005,TN,PC:P2,TOTAL,All students,190.95,0,1
statepct,RED,4,2005,TN,PC:P5,TOTAL,All students,216.728002929688,0,1
statepct,RED,4,2005,TN,PC:P9,TOTAL,All students,258.971997070313,0,1
statepct,RED,4,2005,TX,PC:P1,TOTAL,All students,174.854000854492,0,1
statepct,RED,4,2005,TX,PC:P2,TOTAL,All students,196.992001342774,0,1
statepct,RED,4,2005,TX,PC:P5,TOTAL,All students,220.02799987793,0,1
statepct,RED,4,2005,TX,PC:P9,TOTAL,All students,260.262005615235,0,1
statepct,RED,4,2005,UT,PC:P1,TOTAL,All students,173.613998413086,0,1
statepct,RED,4,2005,UT,PC:P2,TOTAL,All students,199.510000610352,0,1
statepct,RED,4,2005,UT,PC:P5,TOTAL,All students,224.539999389648,0,1
statepct,RED,4,2005,UT,PC:P9,TOTAL,All students,264.001995849609,0,1
statepct,RED,4,2005,VA,PC:P1,TOTAL,All students,183.991998291016,0,1
statepct,RED,4,2005,VA,PC:P2,TOTAL,All students,204.853997802734,0,1
statepct,RED,4,2005,VA,PC:P5,TOTAL,All students,227.409997558594,0,1
statepct,RED,4,2005,VA,PC:P9,TOTAL,All students,264.976007080078,0,1
statepct,RED,4,2005,VT,PC:P1,TOTAL,All students,183.136001586914,0,1
statepct,RED,4,2005,VT,PC:P2,TOTAL,All students,204.92799987793,0,1
statepct,RED,4,2005,VT,PC:P5,TOTAL,All students,228.626000976563,0,1
statepct,RED,4,2005,VT,PC:P9,TOTAL,All students,268.520001220703,0,1
statepct,RED,4,2005,WA,PC:P1,TOTAL,All students,178.239999389648,0,1
statepct,RED,4,2005,WA,PC:P2,TOTAL,All students,202.431997680664,0,1
statepct,RED,4,2005,WA,PC:P5,TOTAL,All students,226.142004394531,0,1
statepct,RED,4,2005,WA,PC:P9,TOTAL,All students,264.586004638672,0,1
statepct,RED,4,2005,WI,PC:P1,TOTAL,All students,174.981997680664,0,1
statepct,RED,4,2005,WI,PC:P2,TOTAL,All students,199.281997680664,0,1
statepct,RED,4,2005,WI,PC:P5,TOTAL,All students,223.746002197266,0,1
statepct,RED,4,2005,WI,PC:P9,TOTAL,All students,262.972003173828,0,1
statepct,RED,4,2005,WV,PC:P1,TOTAL,All students,169.610000610352,0,1
statepct,RED,4,2005,WV,PC:P2,TOTAL,All students,193.170001220703,0,1
statepct,RED,4,2005,WV,PC:P5,TOTAL,All students,217.328002929688,0,1
statepct,RED,4,2005,WV,PC:P9,TOTAL,All students,256.794000244141,0,1
statepct,RED,4,2005,WY,PC:P1,TOTAL,All students,179.201998901367,0,1
statepct,RED,4,2005,WY,PC:P2,TOTAL,All students,203.35,0,1
statepct,RED,4,2005,WY,PC:P5,TOTAL,All students,226.171997070313,0,1
statepct,RED,4,2005,WY,PC:P9,TOTAL,All students,262.492004394531,0,1
statepct,RED,4,2007,RI,PC:P1,TOTAL,All students,171.578002929688,0,1
statepct,RED,4,2007,RI,PC:P2,TOTAL,All students,197.664001464844,0,1
statepct,RED,4,2007,RI,PC:P5,TOTAL,All students,221.179998779297,0,1
statepct,RED,4,2007,RI,PC:P9,TOTAL,All students,262.368005371094,0,1
statepct,RED,4,2007,SC,PC:P1,TOTAL,All students,167.136001586914,0,1
statepct,RED,4,2007,SC,PC:P2,TOTAL,All students,191.179998779297,0,1
statepct,RED,4,2007,SC,PC:P5,TOTAL,All students,216.228002929688,0,1
statepct,RED,4,2007,SC,PC:P9,TOTAL,All students,258.071997070313,0,1
statepct,RED,4,2007,SD,PC:P1,TOTAL,All students,182.021997070312,0,1
statepct,RED,4,2007,SD,PC:P2,TOTAL,All students,204.103997802734,0,1
statepct,RED,4,2007,SD,PC:P5,TOTAL,All students,225.257998657226,0,1
statepct,RED,4,2007,SD,PC:P9,TOTAL,All students,262.794000244141,0,1
statepct,RED,4,2007,TN,PC:P1,TOTAL,All students,169.211999511719,0,1
statepct,RED,4,2007,TN,PC:P2,TOTAL,All students,193.419998168945,0,1
statepct,RED,4,2007,TN,PC:P5,TOTAL,All students,217.87799987793,0,1
statepct,RED,4,2007,TN,PC:P9,TOTAL,All students,258.835992431641,0,1
statepct,RED,4,2007,TX,PC:P1,TOTAL,All students,175.992004394531,0,1
statepct,RED,4,2007,TX,PC:P2,TOTAL,All students,198.805999755859,0,1
statepct,RED,4,2007,TX,PC:P5,TOTAL,All students,221.424002075195,0,1
statepct,RED,4,2007,TX,PC:P9,TOTAL,All students,260.355999755859,0,1
statepct,RED,4,2007,UT,PC:P1,TOTAL,All students,175.358004760742,0,1
statepct,RED,4,2007,UT,PC:P2,TOTAL,All students,200.666000366211,0,1
statepct,RED,4,2007,UT,PC:P5,TOTAL,All students,224.732000732422,0,1
statepct,RED,4,2007,UT,PC:P9,TOTAL,All students,263.473992919922,0,1
statepct,RED,4,2007,VA,PC:P1,TOTAL,All students,187.393997192383,0,1
statepct,RED,4,2007,VA,PC:P2,TOTAL,All students,207.366003417969,0,1
statepct,RED,4,2007,VA,PC:P5,TOTAL,All students,228.476000976563,0,1
statepct,RED,4,2007,VA,PC:P9,TOTAL,All students,265.447998046875,0,1
statepct,RED,4,2007,VT,PC:P1,TOTAL,All students,183.765997314453,0,1
statepct,RED,4,2007,VT,PC:P2,TOTAL,All students,207.314001464844,0,1
statepct,RED,4,2007,VT,PC:P5,TOTAL,All students,230.684002685547,0,1
statepct,RED,4,2007,VT,PC:P9,TOTAL,All students,269.555999755859,0,1
statepct,RED,4,2007,WA,PC:P1,TOTAL,All students,177.907998657227,0,1
statepct,RED,4,2007,WA,PC:P2,TOTAL,All students,202.74599609375,0,1
statepct,RED,4,2007,WA,PC:P5,TOTAL,All students,226.954000854492,0,1
statepct,RED,4,2007,WA,PC:P9,TOTAL,All students,267.034002685547,0,1
statepct,RED,4,2007,WI,PC:P1,TOTAL,All students,177.925997924805,0,1
statepct,RED,4,2007,WI,PC:P2,TOTAL,All students,203.185995483398,0,1
statepct,RED,4,2007,WI,PC:P5,TOTAL,All students,226.411999511719,0,1
statepct,RED,4,2007,WI,PC:P9,TOTAL,All students,264.582000732422,0,1
statepct,RED,4,2007,WV,PC:P1,TOTAL,All students,167.007998657227,0,1
statepct,RED,4,2007,WV,PC:P2,TOTAL,All students,194.378002929688,0,1
statepct,RED,4,2007,WV,PC:P5,TOTAL,All students,219.146002197266,0,1
statepct,RED,4,2007,WV,PC:P9,TOTAL,All students,258.234002685547,0,1
statepct,RED,4,2007,WY,PC:P1,TOTAL,All students,182.931997680664,0,1
statepct,RED,4,2007,WY,PC:P2,TOTAL,All students,206.4,0,1
statepct,RED,4,2007,WY,PC:P5,TOTAL,All students,227.864004516602,0,1
statepct,RED,4,2007,WY,PC:P9,TOTAL,All students,263.897991943359,0,1
statepct,RED,4,2009,RI,PC:P1,TOTAL,All students,175.083996582031,0,1
statepct,RED,4,2009,RI,PC:P2,TOTAL,All students,201.332000732422,0,1
statepct,RED,4,2009,RI,PC:P5,TOTAL,All students,225.77799987793,0,1
statepct,RED,4,2009,RI,PC:P9,TOTAL,All students,266.5,0,1
statepct,RED,4,2009,SC,PC:P1,TOTAL,All students,169.500003051758,0,1
statepct,RED,4,2009,SC,PC:P2,TOTAL,All students,193.892001342774,0,1
statepct,RED,4,2009,SC,PC:P5,TOTAL,All students,218.260000610352,0,1
statepct,RED,4,2009,SC,PC:P9,TOTAL,All students,259.232000732422,0,1
statepct,RED,4,2009,SD,PC:P1,TOTAL,All students,178.810000610352,0,1
statepct,RED,4,2009,SD,PC:P2,TOTAL,All students,201.808001708985,0,1
statepct,RED,4,2009,SD,PC:P5,TOTAL,All students,224.873999023438,0,1
statepct,RED,4,2009,SD,PC:P9,TOTAL,All students,262.067999267578,0,1
statepct,RED,4,2009,TN,PC:P1,TOTAL,All students,170.534002685547,0,1
statepct,RED,4,2009,TN,PC:P2,TOTAL,All students,194.810000610352,0,1
statepct,RED,4,2009,TN,PC:P5,TOTAL,All students,219.511999511719,0,1
statepct,RED,4,2009,TN,PC:P9,TOTAL,All students,258.911993408203,0,1
statepct,RED,4,2009,TX,PC:P1,TOTAL,All students,177.82799987793,0,1
statepct,RED,4,2009,TX,PC:P2,TOTAL,All students,198.559997558594,0,1
statepct,RED,4,2009,TX,PC:P5,TOTAL,All students,219.844000244141,0,1
statepct,RED,4,2009,TX,PC:P9,TOTAL,All students,258.863995361328,0,1
statepct,RED,4,2009,UT,PC:P1,TOTAL,All students,173.288000488281,0,1
statepct,RED,4,2009,UT,PC:P2,TOTAL,All students,198.757998657227,0,1
statepct,RED,4,2009,UT,PC:P5,TOTAL,All students,222.608001708984,0,1
statepct,RED,4,2009,UT,PC:P9,TOTAL,All students,260.043994140625,0,1
statepct,RED,4,2009,VA,PC:P1,TOTAL,All students,183.659997558594,0,1
statepct,RED,4,2009,VA,PC:P2,TOTAL,All students,206.47799987793,0,1
statepct,RED,4,2009,VA,PC:P5,TOTAL,All students,228.52200012207,0,1
statepct,RED,4,2009,VA,PC:P9,TOTAL,All students,266.696008300781,0,1
statepct,RED,4,2009,VT,PC:P1,TOTAL,All students,183.476000976562,0,1
statepct,RED,4,2009,VT,PC:P2,TOTAL,All students,207.854000854492,0,1
statepct,RED,4,2009,VT,PC:P5,TOTAL,All students,231.061999511719,0,1
statepct,RED,4,2009,VT,PC:P9,TOTAL,All students,270.614001464844,0,1
statepct,RED,4,2009,WA,PC:P1,TOTAL,All students,174.167999267578,0,1
statepct,RED,4,2009,WA,PC:P2,TOTAL,All students,199.883996582031,0,1
statepct,RED,4,2009,WA,PC:P5,TOTAL,All students,224.281997680664,0,1
statepct,RED,4,2009,WA,PC:P9,TOTAL,All students,264.334002685547,0,1
statepct,RED,4,2009,WI,PC:P1,TOTAL,All students,171.639999389649,0,1
statepct,RED,4,2009,WI,PC:P2,TOTAL,All students,198.688000488281,0,1
statepct,RED,4,2009,WI,PC:P5,TOTAL,All students,224.01000366211,0,1
statepct,RED,4,2009,WI,PC:P9,TOTAL,All students,262.625994873047,0,1
statepct,RED,4,2009,WV,PC:P1,TOTAL,All students,169.498001098633,0,1
statepct,RED,4,2009,WV,PC:P2,TOTAL,All students,194.342004394531,0,1
statepct,RED,4,2009,WV,PC:P5,TOTAL,All students,217.909997558594,0,1
statepct,RED,4,2009,WV,PC:P9,TOTAL,All students,255.536004638672,0,1
statepct,RED,4,2009,WY,PC:P1,TOTAL,All students,182.761999511719,0,1
statepct,RED,4,2009,WY,PC:P2,TOTAL,All students,204.611996459961,0,1
statepct,RED,4,2009,WY,PC:P5,TOTAL,All students,225.461999511719,0,1
statepct,RED,4,2009,WY,PC:P9,TOTAL,All students,259.199993896484,0,1
statepct,RED,4,2011,RI,PC:P1,TOTAL,All students,175.684002685547,0,1
statepct,RED,4,2011,RI,PC:P2,TOTAL,All students,202.444000244141,0,1
statepct,RED,4,2011,RI,PC:P5,TOTAL,All students,226.201998901367,0,1
statepct,RED,4,2011,RI,PC:P9,TOTAL,All students,263.744000244141,0,1
statepct,RED,4,2011,SC,PC:P1,TOTAL,All students,165.790002441406,0,1
statepct,RED,4,2011,SC,PC:P2,TOTAL,All students,193.061999511719,0,1
statepct,RED,4,2011,SC,PC:P5,TOTAL,All students,218.335998535156,0,1
statepct,RED,4,2011,SC,PC:P9,TOTAL,All students,259.487994384766,0,1
statepct,RED,4,2011,SD,PC:P1,TOTAL,All students,175.325997924805,0,1
statepct,RED,4,2011,SD,PC:P2,TOTAL,All students,200.922003173828,0,1
statepct,RED,4,2011,SD,PC:P5,TOTAL,All students,223.924002075195,0,1
statepct,RED,4,2011,SD,PC:P9,TOTAL,All students,259.218005371094,0,1
statepct,RED,4,2011,TN,PC:P1,TOTAL,All students,169.506002807617,0,1
statepct,RED,4,2011,TN,PC:P2,TOTAL,All students,193.703997802734,0,1
statepct,RED,4,2011,TN,PC:P5,TOTAL,All students,217.089999389649,0,1
statepct,RED,4,2011,TN,PC:P9,TOTAL,All students,256.915997314453,0,1
statepct,RED,4,2011,TX,PC:P1,TOTAL,All students,175.87799987793,0,1
statepct,RED,4,2011,TX,PC:P2,TOTAL,All students,196.921997070313,0,1
statepct,RED,4,2011,TX,PC:P5,TOTAL,All students,219.789999389648,0,1
statepct,RED,4,2011,TX,PC:P9,TOTAL,All students,259.1080078125,0,1
statepct,RED,4,2011,UT,PC:P1,TOTAL,All students,173.400003051758,0,1
statepct,RED,4,2011,UT,PC:P2,TOTAL,All students,199.917999267578,0,1
statepct,RED,4,2011,UT,PC:P5,TOTAL,All students,224.319998168945,0,1
statepct,RED,4,2011,UT,PC:P9,TOTAL,All students,261.490002441406,0,1
statepct,RED,4,2011,VA,PC:P1,TOTAL,All students,181.07200012207,0,1
statepct,RED,4,2011,VA,PC:P2,TOTAL,All students,205.020001220703,0,1
statepct,RED,4,2011,VA,PC:P5,TOTAL,All students,228.635998535156,0,1
statepct,RED,4,2011,VA,PC:P9,TOTAL,All students,269.298004150391,0,1
statepct,RED,4,2011,VT,PC:P1,TOTAL,All students,178.556002807617,0,1
statepct,RED,4,2011,VT,PC:P2,TOTAL,All students,205.829998779297,0,1
statepct,RED,4,2011,VT,PC:P5,TOTAL,All students,230.610000610352,0,1
statepct,RED,4,2011,VT,PC:P9,TOTAL,All students,269.460003662109,0,1
statepct,RED,4,2011,WA,PC:P1,TOTAL,All students,170.162002563477,0,1
statepct,RED,4,2011,WA,PC:P2,TOTAL,All students,198.316000366211,0,1
statepct,RED,4,2011,WA,PC:P5,TOTAL,All students,224.116000366211,0,1
statepct,RED,4,2011,WA,PC:P9,TOTAL,All students,264.444006347656,0,1
statepct,RED,4,2011,WI,PC:P1,TOTAL,All students,175.323999023437,0,1
statepct,RED,4,2011,WI,PC:P2,TOTAL,All students,200.238000488281,0,1
statepct,RED,4,2011,WI,PC:P5,TOTAL,All students,224.352001953125,0,1
statepct,RED,4,2011,WI,PC:P9,TOTAL,All students,263.084002685547,0,1
statepct,RED,4,2011,WV,PC:P1,TOTAL,All students,167.689999389648,0,1
statepct,RED,4,2011,WV,PC:P2,TOTAL,All students,193.089999389649,0,1
statepct,RED,4,2011,WV,PC:P5,TOTAL,All students,217.733999633789,0,1
statepct,RED,4,2011,WV,PC:P9,TOTAL,All students,256.986004638672,0,1
statepct,RED,4,2011,WY,PC:P1,TOTAL,All students,182.051998901367,0,1
statepct,RED,4,2011,WY,PC:P2,TOTAL,All students,204.405999755859,0,1
statepct,RED,4,2011,WY,PC:P5,TOTAL,All students,226.431997680664,0,1
statepct,RED,4,2011,WY,PC:P9,TOTAL,All students,262.438000488281,0,1
statepct,RED,4,2013,RI,PC:P1,TOTAL,All students,172.788500213623,0,1
statepct,RED,4,2013,RI,PC:P2,TOTAL,All students,202.084000396729,0,1
statepct,RED,4,2013,RI,PC:P5,TOTAL,All students,227.583001708984,0,1
statepct,RED,4,2013,RI,PC:P9,TOTAL,All students,266.01799621582,0,1
statepct,RED,4,2013,SC,PC:P1,TOTAL,All students,162.466500091553,0,1
statepct,RED,4,2013,SC,PC:P2,TOTAL,All students,191.663999938965,0,1
statepct,RED,4,2013,SC,PC:P5,TOTAL,All students,218.045997619629,0,1
statepct,RED,4,2013,SC,PC:P9,TOTAL,All students,260.070500183106,0,1
statepct,RED,4,2013,SD,PC:P1,TOTAL,All students,168.813999938965,0,1
statepct,RED,4,2013,SD,PC:P2,TOTAL,All students,197.190000152588,0,1
statepct,RED,4,2013,SD,PC:P5,TOTAL,All students,222.655001831055,0,1
statepct,RED,4,2013,SD,PC:P9,TOTAL,All students,261.18850402832,0,1
statepct,RED,4,2013,TN,PC:P1,TOTAL,All students,169.818501281738,0,1
statepct,RED,4,2013,TN,PC:P2,TOTAL,All students,198.256499481201,0,1
statepct,RED,4,2013,TN,PC:P5,TOTAL,All students,223.985498809814,0,1
statepct,RED,4,2013,TN,PC:P9,TOTAL,All students,263.435003662109,0,1
statepct,RED,4,2013,TX,PC:P1,TOTAL,All students,170.555001831055,0,1
statepct,RED,4,2013,TX,PC:P2,TOTAL,All students,195.237001037598,0,1
statepct,RED,4,2013,TX,PC:P5,TOTAL,All students,219.245000457764,0,1
statepct,RED,4,2013,TX,PC:P9,TOTAL,All students,260.049002075195,0,1
statepct,RED,4,2013,UT,PC:P1,TOTAL,All students,173.445000457764,0,1
statepct,RED,4,2013,UT,PC:P2,TOTAL,All students,203.07499923706,0,1
statepct,RED,4,2013,UT,PC:P5,TOTAL,All students,227.824500274658,0,1
statepct,RED,4,2013,UT,PC:P9,TOTAL,All students,265.122999572754,0,1
statepct,RED,4,2013,VA,PC:P1,TOTAL,All students,180.75950088501,0,1
statepct,RED,4,2013,VA,PC:P2,TOTAL,All students,206.85899887085,0,1
statepct,RED,4,2013,VA,PC:P5,TOTAL,All students,231.946501922607,0,1
statepct,RED,4,2013,VA,PC:P9,TOTAL,All students,271.630003356934,0,1
statepct,RED,4,2013,VT,PC:P1,TOTAL,All students,179.831497955322,0,1
statepct,RED,4,2013,VT,PC:P2,TOTAL,All students,207.645500946045,0,1
statepct,RED,4,2013,VT,PC:P5,TOTAL,All students,231.711499786377,0,1
statepct,RED,4,2013,VT,PC:P9,TOTAL,All students,271.161502075195,0,1
statepct,RED,4,2013,WA,PC:P1,TOTAL,All students,175.831999969482,0,1
statepct,RED,4,2013,WA,PC:P2,TOTAL,All students,204.730500030518,0,1
statepct,RED,4,2013,WA,PC:P5,TOTAL,All students,229.523000335693,0,1
statepct,RED,4,2013,WA,PC:P9,TOTAL,All students,267.99649810791,0,1
statepct,RED,4,2013,WI,PC:P1,TOTAL,All students,171.229000854492,0,1
statepct,RED,4,2013,WI,PC:P2,TOTAL,All students,198.944500732422,0,1
statepct,RED,4,2013,WI,PC:P5,TOTAL,All students,224.968000793457,0,1
statepct,RED,4,2013,WI,PC:P9,TOTAL,All students,264.607498168945,0,1
statepct,RED,4,2013,WV,PC:P1,TOTAL,All students,167.758000946045,0,1
statepct,RED,4,2013,WV,PC:P2,TOTAL,All students,193.877000427246,0,1
statepct,RED,4,2013,WV,PC:P5,TOTAL,All students,218.779499816894,0,1
statepct,RED,4,2013,WV,PC:P9,TOTAL,All students,257.204501342773,0,1
statepct,RED,4,2013,WY,PC:P1,TOTAL,All students,184.645001983643,0,1
statepct,RED,4,2013,WY,PC:P2,TOTAL,All students,207.710000610352,0,1
statepct,RED,4,2013,WY,PC:P5,TOTAL,All students,228.690998840332,0,1
statepct,RED,4,2013,WY,PC:P9,TOTAL,All students,263.279000854492,0,1
statepct,RED,4,2015,RI,PC:P1,TOTAL,All students,176.444500732422,0,1
statepct,RED,4,2015,RI,PC:P2,TOTAL,All students,204.627000427246,0,1
statepct,RED,4,2015,RI,PC:P5,TOTAL,All students,230.13099975586,0,1
statepct,RED,4,2015,RI,PC:P9,TOTAL,All students,267.467500305176,0,1
statepct,RED,4,2015,SC,PC:P1,TOTAL,All students,165.482999420166,0,1
statepct,RED,4,2015,SC,PC:P2,TOTAL,All students,194.757500457764,0,1
statepct,RED,4,2015,SC,PC:P5,TOTAL,All students,222.995999145508,0,1
statepct,RED,4,2015,SC,PC:P9,TOTAL,All students,264.834997558594,0,1
statepct,RED,4,2015,SD,PC:P1,TOTAL,All students,172.018000030518,0,1
statepct,RED,4,2015,SD,PC:P2,TOTAL,All students,199.842001342774,0,1
statepct,RED,4,2015,SD,PC:P5,TOTAL,All students,224.975500488281,0,1
statepct,RED,4,2015,SD,PC:P9,TOTAL,All students,263.977499389649,0,1
statepct,RED,4,2015,TN,PC:P1,TOTAL,All students,167.540000152588,0,1
statepct,RED,4,2015,TN,PC:P2,TOTAL,All students,196.470999145508,0,1
statepct,RED,4,2015,TN,PC:P5,TOTAL,All students,223.488000488281,0,1
statepct,RED,4,2015,TN,PC:P9,TOTAL,All students,263.429002380371,0,1
statepct,RED,4,2015,TX,PC:P1,TOTAL,All students,169.201999664307,0,1
statepct,RED,4,2015,TX,PC:P2,TOTAL,All students,195.760499572754,0,1
statepct,RED,4,2015,TX,PC:P5,TOTAL,All students,221.245998382569,0,1
statepct,RED,4,2015,TX,PC:P9,TOTAL,All students,261.770999145508,0,1
statepct,RED,4,2015,UT,PC:P1,TOTAL,All students,179.011999511719,0,1
statepct,RED,4,2015,UT,PC:P2,TOTAL,All students,207.052499389648,0,1
statepct,RED,4,2015,UT,PC:P5,TOTAL,All students,230.366500854492,0,1
statepct,RED,4,2015,UT,PC:P9,TOTAL,All students,267.370497131348,0,1
statepct,RED,4,2015,VA,PC:P1,TOTAL,All students,180.028001403809,0,1
statepct,RED,4,2015,VA,PC:P2,TOTAL,All students,206.515501403809,0,1
statepct,RED,4,2015,VA,PC:P5,TOTAL,All students,231.789998626709,0,1
statepct,RED,4,2015,VA,PC:P9,TOTAL,All students,273.688998413086,0,1
statepct,RED,4,2015,VT,PC:P1,TOTAL,All students,183.355000305176,0,1
statepct,RED,4,2015,VT,PC:P2,TOTAL,All students,209.338999938965,0,1
statepct,RED,4,2015,VT,PC:P5,TOTAL,All students,233.648499298096,0,1
statepct,RED,4,2015,VT,PC:P9,TOTAL,All students,271.667498779297,0,1
statepct,RED,4,2015,WA,PC:P1,TOTAL,All students,174.654000091553,0,1
statepct,RED,4,2015,WA,PC:P2,TOTAL,All students,202.367002105713,0,1
statepct,RED,4,2015,WA,PC:P5,TOTAL,All students,229.313499450684,0,1
statepct,RED,4,2015,WA,PC:P9,TOTAL,All students,271.231500244141,0,1
statepct,RED,4,2015,WI,PC:P1,TOTAL,All students,175.353498840332,0,1
statepct,RED,4,2015,WI,PC:P2,TOTAL,All students,202.792500305176,0,1
statepct,RED,4,2015,WI,PC:P5,TOTAL,All students,227.406001281738,0,1
statepct,RED,4,2015,WI,PC:P9,TOTAL,All students,264.545498657227,0,1
statepct,RED,4,2015,WV,PC:P1,TOTAL,All students,164.373999023438,0,1
statepct,RED,4,2015,WV,PC:P2,TOTAL,All students,194.484001159668,0,1
statepct,RED,4,2015,WV,PC:P5,TOTAL,All students,221.357500457764,0,1
statepct,RED,4,2015,WV,PC:P9,TOTAL,All students,259.475503540039,0,1
statepct,RED,4,2015,WY,PC:P1,TOTAL,All students,184.027998352051,0,1
statepct,RED,4,2015,WY,PC:P2,TOTAL,All students,208.227500915527,0,1
statepct,RED,4,2015,WY,PC:P5,TOTAL,All students,231.123501586914,0,1
statepct,RED,4,2015,WY,PC:P9,TOTAL,All students,267.500498962403,0,1
statepct,RED,4,2017,RI,PC:P1,TOTAL,All students,169.850000762939,0,1
statepct,RED,4,2017,RI,PC:P2,TOTAL,All students,200.161500549316,0,1
statepct,RED,4,2017,RI,PC:P5,TOTAL,All students,228.092001342773,0,1
statepct,RED,4,2017,RI,PC:P9,TOTAL,All students,269.439498901367,0,1
statepct,RED,4,2017,SC,PC:P1,TOTAL,All students,158.70599899292,0,1
statepct,RED,4,2017,SC,PC:P2,TOTAL,All students,188.538499450684,0,1
statepct,RED,4,2017,SC,PC:P5,TOTAL,All students,217.543002319336,0,1
statepct,RED,4,2017,SC,PC:P9,TOTAL,All students,261.214500427246,0,1
statepct,RED,4,2017,SD,PC:P1,TOTAL,All students,174.070000457764,0,1
statepct,RED,4,2017,SD,PC:P2,TOTAL,All students,200.619499969482,0,1
statepct,RED,4,2017,SD,PC:P5,TOTAL,All students,226.331499481201,0,1
statepct,RED,4,2017,SD,PC:P9,TOTAL,All students,263.355499267578,0,1
statepct,RED,4,2017,TN,PC:P1,TOTAL,All students,169.453000640869,0,1
statepct,RED,4,2017,TN,PC:P2,TOTAL,All students,195.679999542236,0,1
statepct,RED,4,2017,TN,PC:P5,TOTAL,All students,222.32799911499,0,1
statepct,RED,4,2017,TN,PC:P9,TOTAL,All students,263.853498840332,0,1
statepct,RED,4,2017,TX,PC:P1,TOTAL,All students,165.41849899292,0,1
statepct,RED,4,2017,TX,PC:P2,TOTAL,All students,191.26549987793,0,1
statepct,RED,4,2017,TX,PC:P5,TOTAL,All students,218.107501983643,0,1
statepct,RED,4,2017,TX,PC:P9,TOTAL,All students,259.174496459961,0,1
statepct,RED,4,2017,UT,PC:P1,TOTAL,All students,172.460998535156,0,1
statepct,RED,4,2017,UT,PC:P2,TOTAL,All students,204.507499694824,0,1
statepct,RED,4,2017,UT,PC:P5,TOTAL,All students,230.783497619629,0,1
statepct,RED,4,2017,UT,PC:P9,TOTAL,All students,267.833996582031,0,1
statepct,RED,4,2017,VA,PC:P1,TOTAL,All students,178.751499938965,0,1
statepct,RED,4,2017,VA,PC:P2,TOTAL,All students,206.623998260498,0,1
statepct,RED,4,2017,VA,PC:P5,TOTAL,All students,232.025500488281,0,1
statepct,RED,4,2017,VA,PC:P9,TOTAL,All students,270.298498535157,0,1
statepct,RED,4,2017,VT,PC:P1,TOTAL,All students,173.181500244141,0,1
statepct,RED,4,2017,VT,PC:P2,TOTAL,All students,204.551999664307,0,1
statepct,RED,4,2017,VT,PC:P5,TOTAL,All students,231.856999969482,0,1
statepct,RED,4,2017,VT,PC:P9,TOTAL,All students,270.264498901367,0,1
statepct,RED,4,2017,WA,PC:P1,TOTAL,All students,168.515999603272,0,1
statepct,RED,4,2017,WA,PC:P2,TOTAL,All students,198.074500274658,0,1
statepct,RED,4,2017,WA,PC:P5,TOTAL,All students,227.562998962402,0,1
statepct,RED,4,2017,WA,PC:P9,TOTAL,All students,271.144499206543,0,1
statepct,RED,4,2017,WI,PC:P1,TOTAL,All students,166.666500091553,0,1
statepct,RED,4,2017,WI,PC:P2,TOTAL,All students,196.74049911499,0,1
statepct,RED,4,2017,WI,PC:P5,TOTAL,All students,224.695000457764,0,1
statepct,RED,4,2017,WI,PC:P9,TOTAL,All students,263.985000610352,0,1
statepct,RED,4,2017,WV,PC:P1,TOTAL,All students,164.265502929688,0,1
statepct,RED,4,2017,WV,PC:P2,TOTAL,All students,193.988500213623,0,1
statepct,RED,4,2017,WV,PC:P5,TOTAL,All students,221.807498931885,0,1
statepct,RED,4,2017,WV,PC:P9,TOTAL,All students,263.240002441406,0,1
statepct,RED,4,2017,WY,PC:P1,TOTAL,All students,180.583000183106,0,1
statepct,RED,4,2017,WY,PC:P2,TOTAL,All students,206.974501037598,0,1
statepct,RED,4,2017,WY,PC:P5,TOTAL,All students,231.188500213623,0,1
statepct,RED,4,2017,WY,PC:P9,TOTAL,All students,266.733499145508,0,1
statepct,RED,4,2019,RI,PC:P1,TOTAL,All students,166.785501098633,0,1
statepct,RED,4,2019,RI,PC:P2,TOTAL,All students,196.79400100708,0,1
statepct,RED,4,2019,RI,PC:P5,TOTAL,All students,224.152498626709,0,1
statepct,RED,4,2019,RI,PC:P9,TOTAL,All students,266.992997741699,0,1
statepct,RED,4,2019,SC,PC:P1,TOTAL,All students,161.813000488281,0,1
statepct,RED,4,2019,SC,PC:P2,TOTAL,All students,190.329998779297,0,1
statepct,RED,4,2019,SC,PC:P5,TOTAL,All students,219.40899887085,0,1
statepct,RED,4,2019,SC,PC:P9,TOTAL,All students,265.068997192383,0,1
statepct,RED,4,2019,SD,PC:P1,TOTAL,All students,173.485499572754,0,1
statepct,RED,4,2019,SD,PC:P2,TOTAL,All students,200.717499542236,0,1
statepct,RED,4,2019,SD,PC:P5,TOTAL,All students,226.195001220703,0,1
statepct,RED,4,2019,SD,PC:P9,TOTAL,All students,264.263497924805,0,1
statepct,RED,4,2019,TN,PC:P1,TOTAL,All students,164.823501586914,0,1
statepct,RED,4,2019,TN,PC:P2,TOTAL,All students,195.874499511719,0,1
statepct,RED,4,2019,TN,PC:P5,TOTAL,All students,224.311502075195,0,1
statepct,RED,4,2019,TN,PC:P9,TOTAL,All students,264.813995361328,0,1
statepct,RED,4,2019,TX,PC:P1,TOTAL,All students,165.514501190186,0,1
statepct,RED,4,2019,TX,PC:P2,TOTAL,All students,191.63500289917,0,1
statepct,RED,4,2019,TX,PC:P5,TOTAL,All students,219.443000030518,0,1
statepct,RED,4,2019,TX,PC:P9,TOTAL,All students,261.491499328613,0,1
statepct,RED,4,2019,UT,PC:P1,TOTAL,All students,174.766500091553,0,1
statepct,RED,4,2019,UT,PC:P2,TOTAL,All students,203.479001617432,0,1
statepct,RED,4,2019,UT,PC:P5,TOTAL,All students,229.77850112915,0,1
statepct,RED,4,2019,UT,PC:P9,TOTAL,All students,267.911502075195,0,1
statepct,RED,4,2019,VA,PC:P1,TOTAL,All students,174.133001708984,0,1
statepct,RED,4,2019,VA,PC:P2,TOTAL,All students,200.177500152588,0,1
statepct,RED,4,2019,VA,PC:P5,TOTAL,All students,227.495999145508,0,1
statepct,RED,4,2019,VA,PC:P9,TOTAL,All students,267.510002136231,0,1
statepct,RED,4,2019,VT,PC:P1,TOTAL,All students,167.693997192383,0,1
statepct,RED,4,2019,VT,PC:P2,TOTAL,All students,199.305501556397,0,1
statepct,RED,4,2019,VT,PC:P5,TOTAL,All students,226.660499572754,0,1
statepct,RED,4,2019,VT,PC:P9,TOTAL,All students,267.056002807617,0,1
statepct,RED,4,2019,WA,PC:P1,TOTAL,All students,166.354499053955,0,1
statepct,RED,4,2019,WA,PC:P2,TOTAL,All students,195.351000213623,0,1
statepct,RED,4,2019,WA,PC:P5,TOTAL,All students,223.750501251221,0,1
statepct,RED,4,2019,WA,PC:P9,TOTAL,All students,266.963000488281,0,1
statepct,RED,4,2019,WI,PC:P1,TOTAL,All students,165.566000366211,0,1
statepct,RED,4,2019,WI,PC:P2,TOTAL,All students,195.828499603271,0,1
statepct,RED,4,2019,WI,PC:P5,TOTAL,All students,224.589999389648,0,1
statepct,RED,4,2019,WI,PC:P9,TOTAL,All students,266.28699798584,0,1
statepct,RED,4,2019,WV,PC:P1,TOTAL,All students,155.768998718262,0,1
statepct,RED,4,2019,WV,PC:P2,TOTAL,All students,188.580500793457,0,1
statepct,RED,4,2019,WV,PC:P5,TOTAL,All students,218.963500213623,0,1
statepct,RED,4,2019,WV,PC:P9,TOTAL,All students,261.493995666504,0,1
statepct,RED,4,2019,WY,PC:P1,TOTAL,All students,179.487000274658,0,1
statepct,RED,4,2019,WY,PC:P2,TOTAL,All students,206.069501495361,0,1
statepct,RED,4,2019,WY,PC:P5,TOTAL,All students,230.582498168945,0,1
statepct,RED,4,2019,WY,PC:P9,TOTAL,All students,267.682501220703,0,1
statepct,RED,4,2022,RI,PC:P1,TOTAL,All students,160.399000549316,0,1
statepct,RED,4,2022,RI,PC:P2,TOTAL,All students,190.318500518799,0,1
statepct,RED,4,2022,RI,PC:P5,TOTAL,All students,221.721500396729,0,1
statepct,RED,4,2022,RI,PC:P9,TOTAL,All students,266.812998962402,0,1
statepct,RED,4,2022,SC,PC:P1,TOTAL,All students,160.656000518799,0,1
statepct,RED,4,2022,SC,PC:P2,TOTAL,All students,189.945999145508,0,1
statepct,RED,4,2022,SC,PC:P5,TOTAL,All students,219.888500976563,0,1
statepct,RED,4,2022,SC,PC:P9,TOTAL,All students,265.455000305176,0,1
statepct,RED,4,2022,SD,PC:P1,TOTAL,All students,165.588000488281,0,1
statepct,RED,4,2022,SD,PC:P2,TOTAL,All students,195.012999725342,0,1
statepct,RED,4,2022,SD,PC:P5,TOTAL,All students,222.52799987793,0,1
statepct,RED,4,2022,SD,PC:P9,TOTAL,All students,262.558999633789,0,1
statepct,RED,4,2022,TN,PC:P1,TOTAL,All students,159.639498901367,0,1
statepct,RED,4,2022,TN,PC:P2,TOTAL,All students,187.04100112915,0,1
statepct,RED,4,2022,TN,PC:P5,TOTAL,All students,218.011500549316,0,1
statepct,RED,4,2022,TN,PC:P9,TOTAL,All students,262.009001159668,0,1
statepct,RED,4,2022,TX,PC:P1,TOTAL,All students,161.459998321533,0,1
statepct,RED,4,2022,TX,PC:P2,TOTAL,All students,187.9,0,1
statepct,RED,4,2022,TX,PC:P5,TOTAL,All students,216.943500518799,0,1
statepct,RED,4,2022,TX,PC:P9,TOTAL,All students,261.765498352051,0,1
statepct,RED,4,2022,UT,PC:P1,TOTAL,All students,166.120999145508,0,1
statepct,RED,4,2022,UT,PC:P2,TOTAL,All students,196.460499572754,0,1
statepct,RED,4,2022,UT,PC:P5,TOTAL,All students,225.900999450684,0,1
statepct,RED,4,2022,UT,PC:P9,TOTAL,All students,267.558503723145,0,1
statepct,RED,4,2022,VA,PC:P1,TOTAL,All students,153.108499908447,0,1
statepct,RED,4,2022,VA,PC:P2,TOTAL,All students,186.577501678467,0,1
statepct,RED,4,2022,VA,PC:P5,TOTAL,All students,219.126501464844,0,1
statepct,RED,4,2022,VA,PC:P9,TOTAL,All students,265.26900177002,0,1
statepct,RED,4,2022,VT,PC:P1,TOTAL,All students,159.372498321533,0,1
statepct,RED,4,2022,VT,PC:P2,TOTAL,All students,190.31549987793,0,1
statepct,RED,4,2022,VT,PC:P5,TOTAL,All students,221.326500701904,0,1
statepct,RED,4,2022,VT,PC:P9,TOTAL,All students,267.01549987793,0,1
statepct,RED,4,2022,WA,PC:P1,TOTAL,All students,159.440999603272,0,1
statepct,RED,4,2022,WA,PC:P2,TOTAL,All students,189.637498474121,0,1
statepct,RED,4,2022,WA,PC:P5,TOTAL,All students,221.064000701904,0,1
statepct,RED,4,2022,WA,PC:P9,TOTAL,All students,266.935502624512,0,1
statepct,RED,4,2022,WI,PC:P1,TOTAL,All students,162.81900177002,0,1
statepct,RED,4,2022,WI,PC:P2,TOTAL,All students,193.222001647949,0,1
statepct,RED,4,2022,WI,PC:P5,TOTAL,All students,222.003999328613,0,1
statepct,RED,4,2022,WI,PC:P9,TOTAL,All students,264.590997314453,0,1
statepct,RED,4,2022,WV,PC:P1,TOTAL,All students,147.20299911499,0,1
statepct,RED,4,2022,WV,PC:P2,TOTAL,All students,179.969000244141,0,1
statepct,RED,4,2022,WV,PC:P5,TOTAL,All students,210.332999420166,0,1
statepct,RED,4,2022,WV,PC:P9,TOTAL,All students,254.20350112915,0,1
statepct,RED,4,2022,WY,PC:P1,TOTAL,All students,174.954999542236,0,1
statepct,RED,4,2022,WY,PC:P2,TOTAL,All students,203.076499176025,0,1
statepct,RED,4,2022,WY,PC:P5,TOTAL,All students,228.313001251221,0,1
statepct,RED,4,2022,WY,PC:P9,TOTAL,All students,268.149499511719,0,1
statepct,RED,4,2024,RI,PC:P1,TOTAL,All students,158.596999359131,0,1
statepct,RED,4,2024,RI,PC:P2,TOTAL,All students,189.105500793457,0,1
statepct,RED,4,2024,RI,PC:P5,TOTAL,All students,219.910001373291,0,1
statepct,RED,4,2024,RI,PC:P9,TOTAL,All students,267.645500183105,0,1
statepct,RED,4,2024,SC,PC:P1,TOTAL,All students,156.35,0,1
statepct,RED,4,2024,SC,PC:P2,TOTAL,All students,186.584499359131,0,1
statepct,RED,4,2024,SC,PC:P5,TOTAL,All students,219.294999694824,0,1
statepct,RED,4,2024,SC,PC:P9,TOTAL,All students,266.525,0,1
statepct,RED,4,2024,SD,PC:P1,TOTAL,All students,162.037499237061,0,1
statepct,RED,4,2024,SD,PC:P2,TOTAL,All students,190.37749786377,0,1
statepct,RED,4,2024,SD,PC:P5,TOTAL,All students,217.604501342773,0,1
statepct,RED,4,2024,SD,PC:P9,TOTAL,All students,259.748997497559,0,1
statepct,RED,4,2024,TN,PC:P1,TOTAL,All students,155.54049987793,0,1
statepct,RED,4,2024,TN,PC:P2,TOTAL,All students,188.683499908447,0,1
statepct,RED,4,2024,TN,PC:P5,TOTAL,All students,220.549498748779,0,1
statepct,RED,4,2024,TN,PC:P9,TOTAL,All students,265.446501159668,0,1
statepct,RED,4,2024,TX,PC:P1,TOTAL,All students,156.926999664307,0,1
statepct,RED,4,2024,TX,PC:P2,TOTAL,All students,186.104502105713,0,1
statepct,RED,4,2024,TX,PC:P5,TOTAL,All students,215.407499694824,0,1
statepct,RED,4,2024,TX,PC:P9,TOTAL,All students,260.755998229981,0,1
statepct,RED,4,2024,UT,PC:P1,TOTAL,All students,162.323999786377,0,1
statepct,RED,4,2024,UT,PC:P2,TOTAL,All students,193.250498199463,0,1
statepct,RED,4,2024,UT,PC:P5,TOTAL,All students,224.892500305176,0,1
statepct,RED,4,2024,UT,PC:P9,TOTAL,All students,267.843003845215,0,1
statepct,RED,4,2024,VA,PC:P1,TOTAL,All students,156.636500549317,0,1
statepct,RED,4,2024,VA,PC:P2,TOTAL,All students,186.86199798584,0,1
statepct,RED,4,2024,VA,PC:P5,TOTAL,All students,217.208001708984,0,1
statepct,RED,4,2024,VA,PC:P9,TOTAL,All students,265.647497558594,0,1
statepct,RED,4,2024,VT,PC:P1,TOTAL,All students,154.151000213623,0,1
statepct,RED,4,2024,VT,PC:P2,TOTAL,All students,184.078999328613,0,1
statepct,RED,4,2024,VT,PC:P5,TOTAL,All students,217.572502136231,0,1
statepct,RED,4,2024,VT,PC:P9,TOTAL,All students,263.815002441406,0,1
statepct,RED,4,2024,WA,PC:P1,TOTAL,All students,157.973500823975,0,1
statepct,RED,4,2024,WA,PC:P2,TOTAL,All students,188.689498901367,0,1
statepct,RED,4,2024,WA,PC:P5,TOTAL,All students,219.701502227783,0,1
statepct,RED,4,2024,WA,PC:P9,TOTAL,All students,266.503999328613,0,1
statepct,RED,4,2024,WI,PC:P1,TOTAL,All students,158.489001464844,0,1
statepct,RED,4,2024,WI,PC:P2,TOTAL,All students,190.553500366211,0,1
statepct,RED,4,2024,WI,PC:P5,TOTAL,All students,219.592500305176,0,1
statepct,RED,4,2024,WI,PC:P9,TOTAL,All students,264.176498413086,0,1
statepct,RED,4,2024,WV,PC:P1,TOTAL,All students,145.3875,0,1
statepct,RED,4,2024,WV,PC:P2,TOTAL,All students,178.561501312256,0,1
statepct,RED,4,2024,WV,PC:P5,TOTAL,All students,210.8125,0,1
statepct,RED,4,2024,WV,PC:P9,TOTAL,All students,256.817499542236,0,1
statepct,RED,4,2024,WY,PC:P1,TOTAL,All students,171.690000915527,0,1
statepct,RED,4,2024,WY,PC:P2,TOTAL,All students,199.420499420166,0,1
statepct,RED,4,2024,WY,PC:P5,TOTAL,All students,225.456499481201,0,1
statepct,RED,4,2024,WY,PC:P9,TOTAL,All students,266.115498352051,0,1
statepct,RED,8,2003,AK,PC:P1,TOTAL,All students,204.867999267578,0,1
statepct,RED,8,2003,AK,PC:P2,TOTAL,All students,232.344000244141,0,1
statepct,RED,8,2003,AK,PC:P5,TOTAL,All students,259.768005371094,0,1
statepct,RED,8,2003,AK,PC:P9,TOTAL,All students,302.424005126953,0,1
statepct,RED,8,2003,AL,PC:P1,TOTAL,All students,205.254000854492,0,1
statepct,RED,8,2003,AL,PC:P2,TOTAL,All students,231.530001831055,0,1
statepct,RED,8,2003,AL,PC:P5,TOTAL,All students,256.301992797852,0,1
statepct,RED,8,2003,AL,PC:P9,TOTAL,All students,297.332000732422,0,1
statepct,RED,8,2003,AR,PC:P1,TOTAL,All students,210.704000854492,0,1
statepct,RED,8,2003,AR,PC:P2,TOTAL,All students,237.08200378418,0,1
statepct,RED,8,2003,AR,PC:P5,TOTAL,All students,260.85,0,1
statepct,RED,8,2003,AR,PC:P9,TOTAL,All students,300.831994628906,0,1
statepct,RED,8,2003,AZ,PC:P1,TOTAL,All students,206.375997924805,0,1
statepct,RED,8,2003,AZ,PC:P2,TOTAL,All students,232.87799987793,0,1
statepct,RED,8,2003,AZ,PC:P5,TOTAL,All students,258.708001708985,0,1
statepct,RED,8,2003,AZ,PC:P9,TOTAL,All students,299.062005615235,0,1
statepct,RED,8,2003,CA,PC:P1,TOTAL,All students,199.105999755859,0,1
statepct,RED,8,2003,CA,PC:P2,TOTAL,All students,227.035998535156,0,1
statepct,RED,8,2003,CA,PC:P5,TOTAL,All students,253.769998168945,0,1
statepct,RED,8,2003,CA,PC:P9,TOTAL,All students,298.184002685547,0,1
statepct,RED,8,2003,CO,PC:P1,TOTAL,All students,222.633996582031,0,1
statepct,RED,8,2003,CO,PC:P2,TOTAL,All students,246.076000976563,0,1
statepct,RED,8,2003,CO,PC:P5,TOTAL,All students,269.238000488281,0,1
statepct,RED,8,2003,CO,PC:P9,TOTAL,All students,309.746002197265,0,1
statepct,RED,8,2003,CT,PC:P1,TOTAL,All students,219.414001464844,0,1
statepct,RED,8,2003,CT,PC:P2,TOTAL,All students,245.039996337891,0,1
statepct,RED,8,2003,CT,PC:P5,TOTAL,All students,269.825994873047,0,1
statepct,RED,8,2003,CT,PC:P9,TOTAL,All students,311.629998779297,0,1
statepct,RED,8,2003,DC,PC:P1,TOTAL,All students,193.229995727539,0,1
statepct,RED,8,2003,DC,PC:P2,TOTAL,All students,216.026000976562,0,1
statepct,RED,8,2003,DC,PC:P5,TOTAL,All students,240.647998046875,0,1
statepct,RED,8,2003,DC,PC:P9,TOTAL,All students,281.622003173828,0,1
statepct,RED,8,2003,DE,PC:P1,TOTAL,All students,223.213998413086,0,1
statepct,RED,8,2003,DE,PC:P2,TOTAL,All students,244.905999755859,0,1
statepct,RED,8,2003,DE,PC:P5,TOTAL,All students,266.870001220703,0,1
statepct,RED,8,2003,DE,PC:P9,TOTAL,All students,303.322003173828,0,1
statepct,RED,8,2003,FL,PC:P1,TOTAL,All students,208.887997436523,0,1
statepct,RED,8,2003,FL,PC:P2,TOTAL,All students,234.351998901367,0,1
statepct,RED,8,2003,FL,PC:P5,TOTAL,All students,259.771997070313,0,1
statepct,RED,8,2003,FL,PC:P9,TOTAL,All students,302.052001953125,0,1
statepct,RED,8,2003,GA,PC:P1,TOTAL,All students,212.539999389648,0,1
statepct,RED,8,2003,GA,PC:P2,TOTAL,All students,236.910000610352,0,1
statepct,RED,8,2003,GA,PC:P5,TOTAL,All students,260.283996582031,0,1
statepct,RED,8,2003,GA,PC:P9,TOTAL,All students,299.467999267578,0,1
statepct,RED,8,2003,HI,PC:P1,TOTAL,All students,201.901998901367,0,1
statepct,RED,8,2003,HI,PC:P2,TOTAL,All students,228.12799987793,0,1
statepct,RED,8,2003,HI,PC:P5,TOTAL,All students,253.56799621582,0,1
statepct,RED,8,2003,HI,PC:P9,TOTAL,All students,297.624005126953,0,1
statepct,RED,8,2003,ID,PC:P1,TOTAL,All students,220.85,0,1
statepct,RED,8,2003,ID,PC:P2,TOTAL,All students,244.63200378418,0,1
statepct,RED,8,2003,ID,PC:P5,TOTAL,All students,267.160003662109,0,1
statepct,RED,8,2003,ID,PC:P9,TOTAL,All students,304.447998046875,0,1
statepct,RED,8,2005,AK,PC:P1,TOTAL,All students,212.573999023437,0,1
statepct,RED,8,2005,AK,PC:P2,TOTAL,All students,237.100003051758,0,1
statepct,RED,8,2005,AK,PC:P5,TOTAL,All students,261.615997314453,0,1
statepct,RED,8,2005,AK,PC:P9,TOTAL,All students,300.266003417969,0,1
statepct,RED,8,2005,AL,PC:P1,TOTAL,All students,201.018005371094,0,1
statepct,RED,8,2005,AL,PC:P2,TOTAL,All students,229.426000976563,0,1
statepct,RED,8,2005,AL,PC:P5,TOTAL,All students,254.638000488281,0,1
statepct,RED,8,2005,AL,PC:P9,TOTAL,All students,297.867999267578,0,1
statepct,RED,8,2005,AR,PC:P1,TOTAL,All students,211.133996582031,0,1
statepct,RED,8,2005,AR,PC:P2,TOTAL,All students,236.660003662109,0,1
statepct,RED,8,2005,AR,PC:P5,TOTAL,All students,260.528002929688,0,1
statepct,RED,8,2005,AR,PC:P9,TOTAL,All students,299.611999511719,0,1
statepct,RED,8,2005,AZ,PC:P1,TOTAL,All students,208.882000732422,0,1
statepct,RED,8,2005,AZ,PC:P2,TOTAL,All students,232.155996704102,0,1
statepct,RED,8,2005,AZ,PC:P5,TOTAL,All students,256.86000366211,0,1
statepct,RED,8,2005,AZ,PC:P9,TOTAL,All students,297.723999023438,0,1
statepct,RED,8,2005,CA,PC:P1,TOTAL,All students,201.877996826172,0,1
statepct,RED,8,2005,CA,PC:P2,TOTAL,All students,226.680001831055,0,1
statepct,RED,8,2005,CA,PC:P5,TOTAL,All students,252.211999511719,0,1
statepct,RED,8,2005,CA,PC:P9,TOTAL,All students,295.972003173828,0,1
statepct,RED,8,2005,CO,PC:P1,TOTAL,All students,220.198001098633,0,1
statepct,RED,8,2005,CO,PC:P2,TOTAL,All students,243.52200012207,0,1
statepct,RED,8,2005,CO,PC:P5,TOTAL,All students,266.576000976563,0,1
statepct,RED,8,2005,CO,PC:P9,TOTAL,All students,306.660003662109,0,1
statepct,RED,8,2005,CT,PC:P1,TOTAL,All students,216.726000976563,0,1
statepct,RED,8,2005,CT,PC:P2,TOTAL,All students,242.307998657227,0,1
statepct,RED,8,2005,CT,PC:P5,TOTAL,All students,266.609997558594,0,1
statepct,RED,8,2005,CT,PC:P9,TOTAL,All students,307.617999267578,0,1
statepct,RED,8,2005,DC,PC:P1,TOTAL,All students,190.98200378418,0,1
statepct,RED,8,2005,DC,PC:P2,TOTAL,All students,214.861999511719,0,1
statepct,RED,8,2005,DC,PC:P5,TOTAL,All students,238.748001098633,0,1
statepct,RED,8,2005,DC,PC:P9,TOTAL,All students,284.114001464844,0,1
statepct,RED,8,2005,DE,PC:P1,TOTAL,All students,229.530001831055,0,1
statepct,RED,8,2005,DE,PC:P2,TOTAL,All students,248.138000488281,0,1
statepct,RED,8,2005,DE,PC:P5,TOTAL,All students,267.358001708985,0,1
statepct,RED,8,2005,DE,PC:P9,TOTAL,All students,301.576000976563,0,1
statepct,RED,8,2005,FL,PC:P1,TOTAL,All students,207.106002807617,0,1
statepct,RED,8,2005,FL,PC:P2,TOTAL,All students,232.930001831055,0,1
statepct,RED,8,2005,FL,PC:P5,TOTAL,All students,258.602001953125,0,1
statepct,RED,8,2005,FL,PC:P9,TOTAL,All students,300.019995117188,0,1
statepct,RED,8,2005,GA,PC:P1,TOTAL,All students,211.318002319336,0,1
statepct,RED,8,2005,GA,PC:P2,TOTAL,All students,234.266000366211,0,1
statepct,RED,8,2005,GA,PC:P5,TOTAL,All students,257.835998535156,0,1
statepct,RED,8,2005,GA,PC:P9,TOTAL,All students,300.501995849609,0,1
statepct,RED,8,2005,HI,PC:P1,TOTAL,All students,202.036001586914,0,1
statepct,RED,8,2005,HI,PC:P2,TOTAL,All students,225.855999755859,0,1
statepct,RED,8,2005,HI,PC:P5,TOTAL,All students,250.064001464844,0,1
statepct,RED,8,2005,HI,PC:P9,TOTAL,All students,292.022003173828,0,1
statepct,RED,8,2005,ID,PC:P1,TOTAL,All students,220.599996948242,0,1
statepct,RED,8,2005,ID,PC:P2,TOTAL,All students,244.337994384766,0,1
statepct,RED,8,2005,ID,PC:P5,TOTAL,All students,266.933996582031,0,1
statepct,RED,8,2005,ID,PC:P9,TOTAL,All students,303.714001464844,0,1
statepct,RED,8,2007,AK,PC:P1,TOTAL,All students,212.00599975586,0,1
statepct,RED,8,2007,AK,PC:P2,TOTAL,All students,238.155999755859,0,1
statepct,RED,8,2007,AK,PC:P5,TOTAL,All students,262.270001220703,0,1
statepct,RED,8,2007,AK,PC:P9,TOTAL,All students,300.098004150391,0,1
statepct,RED,8,2007,AL,PC:P1,TOTAL,All students,204.931997680664,0,1
statepct,RED,8,2007,AL,PC:P2,TOTAL,All students,229.754000854492,0,1
statepct,RED,8,2007,AL,PC:P5,TOTAL,All students,254.185998535156,0,1
statepct,RED,8,2007,AL,PC:P9,TOTAL,All students,296.094000244141,0,1
statepct,RED,8,2007,AR,PC:P1,TOTAL,All students,213.848001098633,0,1
statepct,RED,8,2007,AR,PC:P2,TOTAL,All students,237.055999755859,0,1
statepct,RED,8,2007,AR,PC:P5,TOTAL,All students,260.637994384766,0,1
statepct,RED,8,2007,AR,PC:P9,TOTAL,All students,298.665997314453,0,1
statepct,RED,8,2007,AZ,PC:P1,TOTAL,All students,207.251998901367,0,1
statepct,RED,8,2007,AZ,PC:P2,TOTAL,All students,231.670001220703,0,1
statepct,RED,8,2007,AZ,PC:P5,TOTAL,All students,257.223999023438,0,1
statepct,RED,8,2007,AZ,PC:P9,TOTAL,All students,299.367999267578,0,1
statepct,RED,8,2007,CA,PC:P1,TOTAL,All students,201.595999145508,0,1
statepct,RED,8,2007,CA,PC:P2,TOTAL,All students,228.643997192383,0,1
statepct,RED,8,2007,CA,PC:P5,TOTAL,All students,254.303997802734,0,1
statepct,RED,8,2007,CA,PC:P9,TOTAL,All students,296.75,0,1
statepct,RED,8,2007,CO,PC:P1,TOTAL,All students,224.304000854492,0,1
statepct,RED,8,2007,CO,PC:P2,TOTAL,All students,247.109997558594,0,1
statepct,RED,8,2007,CO,PC:P5,TOTAL,All students,268.897998046875,0,1
statepct,RED,8,2007,CO,PC:P9,TOTAL,All students,304.422003173828,0,1
statepct,RED,8,2007,CT,PC:P1,TOTAL,All students,220.051998901367,0,1
statepct,RED,8,2007,CT,PC:P2,TOTAL,All students,245.051998901367,0,1
statepct,RED,8,2007,CT,PC:P5,TOTAL,All students,269.566003417969,0,1
statepct,RED,8,2007,CT,PC:P9,TOTAL,All students,309.903997802734,0,1
statepct,RED,8,2007,DC,PC:P1,TOTAL,All students,196.426000976563,0,1
statepct,RED,8,2007,DC,PC:P2,TOTAL,All students,217.603997802734,0,1
statepct,RED,8,2007,DC,PC:P5,TOTAL,All students,240.961996459961,0,1
statepct,RED,8,2007,DC,PC:P9,TOTAL,All students,284.546002197266,0,1
statepct,RED,8,2007,DE,PC:P1,TOTAL,All students,224.244003295899,0,1
statepct,RED,8,2007,DE,PC:P2,TOTAL,All students,245.106002807617,0,1
statepct,RED,8,2007,DE,PC:P5,TOTAL,All students,265.767999267578,0,1
statepct,RED,8,2007,DE,PC:P9,TOTAL,All students,302.793994140625,0,1
statepct,RED,8,2007,FL,PC:P1,TOTAL,All students,214.831997680664,0,1
statepct,RED,8,2007,FL,PC:P2,TOTAL,All students,238.839999389648,0,1
statepct,RED,8,2007,FL,PC:P5,TOTAL,All students,262.520001220703,0,1
statepct,RED,8,2007,FL,PC:P9,TOTAL,All students,301.043994140625,0,1
statepct,RED,8,2007,GA,PC:P1,TOTAL,All students,215.119998168945,0,1
statepct,RED,8,2007,GA,PC:P2,TOTAL,All students,237.623999023437,0,1
statepct,RED,8,2007,GA,PC:P5,TOTAL,All students,260.182000732422,0,1
statepct,RED,8,2007,GA,PC:P9,TOTAL,All students,299.329998779297,0,1
statepct,RED,8,2007,HI,PC:P1,TOTAL,All students,205.696005249023,0,1
statepct,RED,8,2007,HI,PC:P2,TOTAL,All students,230.570001220703,0,1
statepct,RED,8,2007,HI,PC:P5,TOTAL,All students,253.809997558594,0,1
statepct,RED,8,2007,HI,PC:P9,TOTAL,All students,294.629998779297,0,1
statepct,RED,8,2007,ID,PC:P1,TOTAL,All students,224.204000854492,0,1
statepct,RED,8,2007,ID,PC:P2,TOTAL,All students,246.938000488281,0,1
statepct,RED,8,2007,ID,PC:P5,TOTAL,All students,267.223999023438,0,1
statepct,RED,8,2007,ID,PC:P9,TOTAL,All students,301.883996582031,0,1
statepct,RED,8,2009,AK,PC:P1,TOTAL,All students,215.395999145508,0,1
statepct,RED,8,2009,AK,PC:P2,TOTAL,All students,239.594000244141,0,1
statepct,RED,8,2009,AK,PC:P5,TOTAL,All students,262.328002929687,0,1
statepct,RED,8,2009,AK,PC:P9,TOTAL,All students,299.915997314453,0,1
statepct,RED,8,2009,AL,PC:P1,TOTAL,All students,208.166000366211,0,1
statepct,RED,8,2009,AL,PC:P2,TOTAL,All students,232.949996948242,0,1
statepct,RED,8,2009,AL,PC:P5,TOTAL,All students,257.592004394531,0,1
statepct,RED,8,2009,AL,PC:P9,TOTAL,All students,297.4,0,1
statepct,RED,8,2009,AR,PC:P1,TOTAL,All students,210.354000854492,0,1
statepct,RED,8,2009,AR,PC:P2,TOTAL,All students,236.833996582031,0,1
statepct,RED,8,2009,AR,PC:P5,TOTAL,All students,261.449993896484,0,1
statepct,RED,8,2009,AR,PC:P9,TOTAL,All students,301.014001464844,0,1
statepct,RED,8,2009,AZ,PC:P1,TOTAL,All students,208.229998779297,0,1
statepct,RED,8,2009,AZ,PC:P2,TOTAL,All students,234.757995605469,0,1
statepct,RED,8,2009,AZ,PC:P5,TOTAL,All students,261.189996337891,0,1
statepct,RED,8,2009,AZ,PC:P9,TOTAL,All students,301.635992431641,0,1
statepct,RED,8,2009,CA,PC:P1,TOTAL,All students,202.646002197266,0,1
statepct,RED,8,2009,CA,PC:P2,TOTAL,All students,230.363998413086,0,1
statepct,RED,8,2009,CA,PC:P5,TOTAL,All students,255.566000366211,0,1
statepct,RED,8,2009,CA,PC:P9,TOTAL,All students,297.596002197266,0,1
statepct,RED,8,2009,CO,PC:P1,TOTAL,All students,223.997994995117,0,1
statepct,RED,8,2009,CO,PC:P2,TOTAL,All students,246.646002197266,0,1
statepct,RED,8,2009,CO,PC:P5,TOTAL,All students,267.915997314453,0,1
statepct,RED,8,2009,CO,PC:P9,TOTAL,All students,303.870007324219,0,1
statepct,RED,8,2009,CT,PC:P1,TOTAL,All students,225.486001586914,0,1
statepct,RED,8,2009,CT,PC:P2,TOTAL,All students,251.202001953125,0,1
statepct,RED,8,2009,CT,PC:P5,TOTAL,All students,275.008001708985,0,1
statepct,RED,8,2009,CT,PC:P9,TOTAL,All students,312.765997314453,0,1
statepct,RED,8,2009,DC,PC:P1,TOTAL,All students,196.104000854492,0,1
statepct,RED,8,2009,DC,PC:P2,TOTAL,All students,218.658001708984,0,1
statepct,RED,8,2009,DC,PC:P5,TOTAL,All students,243.723999023437,0,1
statepct,RED,8,2009,DC,PC:P9,TOTAL,All students,287.658001708984,0,1
statepct,RED,8,2009,DE,PC:P1,TOTAL,All students,225.744003295899,0,1
statepct,RED,8,2009,DE,PC:P2,TOTAL,All students,245.65,0,1
statepct,RED,8,2009,DE,PC:P5,TOTAL,All students,266.557995605469,0,1
statepct,RED,8,2009,DE,PC:P9,TOTAL,All students,302.070007324219,0,1
statepct,RED,8,2009,FL,PC:P1,TOTAL,All students,222.263998413086,0,1
statepct,RED,8,2009,FL,PC:P2,TOTAL,All students,243.607998657226,0,1
statepct,RED,8,2009,FL,PC:P5,TOTAL,All students,265.971997070313,0,1
statepct,RED,8,2009,FL,PC:P9,TOTAL,All students,305.002001953125,0,1
statepct,RED,8,2009,GA,PC:P1,TOTAL,All students,217.667999267578,0,1
statepct,RED,8,2009,GA,PC:P2,TOTAL,All students,240.119998168945,0,1
statepct,RED,8,2009,GA,PC:P5,TOTAL,All students,261.853991699219,0,1
statepct,RED,8,2009,GA,PC:P9,TOTAL,All students,301.078002929687,0,1
statepct,RED,8,2009,HI,PC:P1,TOTAL,All students,210.384002685547,0,1
statepct,RED,8,2009,HI,PC:P2,TOTAL,All students,234.08200378418,0,1
statepct,RED,8,2009,HI,PC:P5,TOTAL,All students,257.388006591797,0,1
statepct,RED,8,2009,HI,PC:P9,TOTAL,All students,295.579998779297,0,1
statepct,RED,8,2009,ID,PC:P1,TOTAL,All students,222.019998168945,0,1
statepct,RED,8,2009,ID,PC:P2,TOTAL,All students,245.058001708984,0,1
statepct,RED,8,2009,ID,PC:P5,TOTAL,All students,267.770007324219,0,1
statepct,RED,8,2009,ID,PC:P9,TOTAL,All students,303.938000488281,0,1
statepct,RED,8,2011,AK,PC:P1,TOTAL,All students,213.291998291016,0,1
statepct,RED,8,2011,AK,PC:P2,TOTAL,All students,240.52799987793,0,1
statepct,RED,8,2011,AK,PC:P5,TOTAL,All students,264.80599975586,0,1
statepct,RED,8,2011,AK,PC:P9,TOTAL,All students,303.652001953125,0,1
statepct,RED,8,2011,AL,PC:P1,TOTAL,All students,214.956002807618,0,1
statepct,RED,8,2011,AL,PC:P2,TOTAL,All students,237.270001220703,0,1
statepct,RED,8,2011,AL,PC:P5,TOTAL,All students,260.01000366211,0,1
statepct,RED,8,2011,AL,PC:P9,TOTAL,All students,300.412005615235,0,1
statepct,RED,8,2011,AR,PC:P1,TOTAL,All students,213.081997680664,0,1
statepct,RED,8,2011,AR,PC:P2,TOTAL,All students,237.92399597168,0,1
statepct,RED,8,2011,AR,PC:P5,TOTAL,All students,262.190002441406,0,1
statepct,RED,8,2011,AR,PC:P9,TOTAL,All students,301.178002929688,0,1
statepct,RED,8,2011,AZ,PC:P1,TOTAL,All students,214.595999145508,0,1
statepct,RED,8,2011,AZ,PC:P2,TOTAL,All students,238.594000244141,0,1
statepct,RED,8,2011,AZ,PC:P5,TOTAL,All students,262.572003173828,0,1
statepct,RED,8,2011,AZ,PC:P9,TOTAL,All students,302.484002685547,0,1
statepct,RED,8,2011,CA,PC:P1,TOTAL,All students,206.915997314453,0,1
statepct,RED,8,2011,CA,PC:P2,TOTAL,All students,232.145999145508,0,1
statepct,RED,8,2011,CA,PC:P5,TOTAL,All students,256.873999023437,0,1
statepct,RED,8,2011,CA,PC:P9,TOTAL,All students,300.253997802735,0,1
statepct,RED,8,2011,CO,PC:P1,TOTAL,All students,226.784002685547,0,1
statepct,RED,8,2011,CO,PC:P2,TOTAL,All students,250.554000854492,0,1
statepct,RED,8,2011,CO,PC:P5,TOTAL,All students,273.165991210938,0,1
statepct,RED,8,2011,CO,PC:P9,TOTAL,All students,310.925994873047,0,1
statepct,RED,8,2011,CT,PC:P1,TOTAL,All students,230.242001342773,0,1
statepct,RED,8,2011,CT,PC:P2,TOTAL,All students,254.32200012207,0,1
statepct,RED,8,2011,CT,PC:P5,TOTAL,All students,276.772003173828,0,1
statepct,RED,8,2011,CT,PC:P9,TOTAL,All students,315.74599609375,0,1
statepct,RED,8,2011,DC,PC:P1,TOTAL,All students,188.966000366211,0,1
statepct,RED,8,2011,DC,PC:P2,TOTAL,All students,216.642001342774,0,1
statepct,RED,8,2011,DC,PC:P5,TOTAL,All students,243.882000732422,0,1
statepct,RED,8,2011,DC,PC:P9,TOTAL,All students,291.915997314453,0,1
statepct,RED,8,2011,DE,PC:P1,TOTAL,All students,223.100003051758,0,1
statepct,RED,8,2011,DE,PC:P2,TOTAL,All students,245.311999511719,0,1
statepct,RED,8,2011,DE,PC:P5,TOTAL,All students,267.090002441406,0,1
statepct,RED,8,2011,DE,PC:P9,TOTAL,All students,306.558001708984,0,1
statepct,RED,8,2011,FL,PC:P1,TOTAL,All students,218.357998657227,0,1
statepct,RED,8,2011,FL,PC:P2,TOTAL,All students,240.858001708985,0,1
statepct,RED,8,2011,FL,PC:P5,TOTAL,All students,264.064001464844,0,1
statepct,RED,8,2011,FL,PC:P9,TOTAL,All students,303.45,0,1
statepct,RED,8,2011,GA,PC:P1,TOTAL,All students,222.809997558594,0,1
statepct,RED,8,2011,GA,PC:P2,TOTAL,All students,242.207998657227,0,1
statepct,RED,8,2011,GA,PC:P5,TOTAL,All students,263.383996582031,0,1
statepct,RED,8,2011,GA,PC:P9,TOTAL,All students,300.541998291016,0,1
statepct,RED,8,2011,HI,PC:P1,TOTAL,All students,209.268002319336,0,1
statepct,RED,8,2011,HI,PC:P2,TOTAL,All students,235.289999389648,0,1
statepct,RED,8,2011,HI,PC:P5,TOTAL,All students,260.375994873047,0,1
statepct,RED,8,2011,HI,PC:P9,TOTAL,All students,301.134002685547,0,1
statepct,RED,8,2011,ID,PC:P1,TOTAL,All students,228.966000366211,0,1
statepct,RED,8,2011,ID,PC:P2,TOTAL,All students,249.360003662109,0,1
statepct,RED,8,2011,ID,PC:P5,TOTAL,All students,269.262005615234,0,1
statepct,RED,8,2011,ID,PC:P9,TOTAL,All students,305.342004394531,0,1
statepct,RED,8,2013,AK,PC:P1,TOTAL,All students,212.248500061035,0,1
statepct,RED,8,2013,AK,PC:P2,TOTAL,All students,238.653000640869,0,1
statepct,RED,8,2013,AK,PC:P5,TOTAL,All students,264.170498657227,0,1
statepct,RED,8,2013,AK,PC:P9,TOTAL,All students,305.535000610352,0,1
statepct,RED,8,2013,AL,PC:P1,TOTAL,All students,213.310999298096,0,1
statepct,RED,8,2013,AL,PC:P2,TOTAL,All students,236.054502105713,0,1
statepct,RED,8,2013,AL,PC:P5,TOTAL,All students,259.50299987793,0,1
statepct,RED,8,2013,AL,PC:P9,TOTAL,All students,299.546000671387,0,1
statepct,RED,8,2013,AR,PC:P1,TOTAL,All students,216.48150100708,0,1
statepct,RED,8,2013,AR,PC:P2,TOTAL,All students,240.487999725342,0,1
statepct,RED,8,2013,AR,PC:P5,TOTAL,All students,264.318498229981,0,1
statepct,RED,8,2013,AR,PC:P9,TOTAL,All students,304.207998657227,0,1
statepct,RED,8,2013,AZ,PC:P1,TOTAL,All students,217.422498321533,0,1
statepct,RED,8,2013,AZ,PC:P2,TOTAL,All students,239.7005027771,0,1
statepct,RED,8,2013,AZ,PC:P5,TOTAL,All students,262.6125,0,1
statepct,RED,8,2013,AZ,PC:P9,TOTAL,All students,301.52099609375,0,1
statepct,RED,8,2013,CA,PC:P1,TOTAL,All students,216.330500030518,0,1
statepct,RED,8,2013,CA,PC:P2,TOTAL,All students,239.788501739502,0,1
statepct,RED,8,2013,CA,PC:P5,TOTAL,All students,263.208499145508,0,1
statepct,RED,8,2013,CA,PC:P9,TOTAL,All students,304.658003234863,0,1
statepct,RED,8,2013,CO,PC:P1,TOTAL,All students,227.95299911499,0,1
statepct,RED,8,2013,CO,PC:P2,TOTAL,All students,250.47200012207,0,1
statepct,RED,8,2013,CO,PC:P5,TOTAL,All students,272.964001464844,0,1
statepct,RED,8,2013,CO,PC:P9,TOTAL,All students,311.824002075195,0,1
statepct,RED,8,2013,CT,PC:P1,TOTAL,All students,228.728499603271,0,1
statepct,RED,8,2013,CT,PC:P2,TOTAL,All students,253.440501403809,0,1
statepct,RED,8,2013,CT,PC:P5,TOTAL,All students,277.059001159668,0,1
statepct,RED,8,2013,CT,PC:P9,TOTAL,All students,316.284002685547,0,1
statepct,RED,8,2013,DC,PC:P1,TOTAL,All students,200.113999938965,0,1
statepct,RED,8,2013,DC,PC:P2,TOTAL,All students,224.327501678467,0,1
statepct,RED,8,2013,DC,PC:P5,TOTAL,All students,249.271001434326,0,1
statepct,RED,8,2013,DC,PC:P9,TOTAL,All students,293.258996582031,0,1
statepct,RED,8,2013,DE,PC:P1,TOTAL,All students,222.748001098633,0,1
statepct,RED,8,2013,DE,PC:P2,TOTAL,All students,244.723999023438,0,1
statepct,RED,8,2013,DE,PC:P5,TOTAL,All students,267.773999023438,0,1
statepct,RED,8,2013,DE,PC:P9,TOTAL,All students,307.087001037598,0,1
statepct,RED,8,2013,FL,PC:P1,TOTAL,All students,222.853499603271,0,1
statepct,RED,8,2013,FL,PC:P2,TOTAL,All students,244.895499420166,0,1
statepct,RED,8,2013,FL,PC:P5,TOTAL,All students,267.208502197266,0,1
statepct,RED,8,2013,FL,PC:P9,TOTAL,All students,306.787501525879,0,1
statepct,RED,8,2013,GA,PC:P1,TOTAL,All students,221.824501037598,0,1
statepct,RED,8,2013,GA,PC:P2,TOTAL,All students,243.293999481201,0,1
statepct,RED,8,2013,GA,PC:P5,TOTAL,All students,265.39049987793,0,1
statepct,RED,8,2013,GA,PC:P9,TOTAL,All students,306.831498718262,0,1
statepct,RED,8,2013,HI,PC:P1,TOTAL,All students,213.628999328613,0,1
statepct,RED,8,2013,HI,PC:P2,TOTAL,All students,238.616999816895,0,1
statepct,RED,8,2013,HI,PC:P5,TOTAL,All students,262.453999328613,0,1
statepct,RED,8,2013,HI,PC:P9,TOTAL,All students,302.760502624512,0,1
statepct,RED,8,2013,ID,PC:P1,TOTAL,All students,228.90599975586,0,1
statepct,RED,8,2013,ID,PC:P2,TOTAL,All students,250.741498565674,0,1
statepct,RED,8,2013,ID,PC:P5,TOTAL,All students,271.970002746582,0,1
statepct,RED,8,2013,ID,PC:P9,TOTAL,All students,309.152000427246,0,1
statepct,RED,8,2015,AK,PC:P1,TOTAL,All students,209.638500213623,0,1
statepct,RED,8,2015,AK,PC:P2,TOTAL,All students,237.624499511719,0,1
statepct,RED,8,2015,AK,PC:P5,TOTAL,All students,264.636499023437,0,1
statepct,RED,8,2015,AK,PC:P9,TOTAL,All students,304.864498901367,0,1
statepct,RED,8,2015,AL,PC:P1,TOTAL,All students,215.108499908447,0,1
statepct,RED,8,2015,AL,PC:P2,TOTAL,All students,239.265001678467,0,1
statepct,RED,8,2015,AL,PC:P5,TOTAL,All students,260.958000183106,0,1
statepct,RED,8,2015,AL,PC:P9,TOTAL,All students,299.695001220703,0,1
statepct,RED,8,2015,AR,PC:P1,TOTAL,All students,212.004000091553,0,1
statepct,RED,8,2015,AR,PC:P2,TOTAL,All students,237.251999664307,0,1
statepct,RED,8,2015,AR,PC:P5,TOTAL,All students,261.452499389649,0,1
statepct,RED,8,2015,AR,PC:P9,TOTAL,All students,301.195495605469,0,1
statepct,RED,8,2015,AZ,PC:P1,TOTAL,All students,218.562998962402,0,1
statepct,RED,8,2015,AZ,PC:P2,TOTAL,All students,241.902500152588,0,1
statepct,RED,8,2015,AZ,PC:P5,TOTAL,All students,265.060998535156,0,1
statepct,RED,8,2015,AZ,PC:P9,TOTAL,All students,304.187001037598,0,1
statepct,RED,8,2015,CA,PC:P1,TOTAL,All students,209.902500152588,0,1
statepct,RED,8,2015,CA,PC:P2,TOTAL,All students,237.341499328613,0,1
statepct,RED,8,2015,CA,PC:P5,TOTAL,All students,261.976501464844,0,1
statepct,RED,8,2015,CA,PC:P9,TOTAL,All students,302.857498168945,0,1
statepct,RED,8,2015,CO,PC:P1,TOTAL,All students,222.885498809815,0,1
statepct,RED,8,2015,CO,PC:P2,TOTAL,All students,247.172502136231,0,1
statepct,RED,8,2015,CO,PC:P5,TOTAL,All students,271.287997436524,0,1
statepct,RED,8,2015,CO,PC:P9,TOTAL,All students,308.851998901367,0,1
statepct,RED,8,2015,CT,PC:P1,TOTAL,All students,226.98450088501,0,1
statepct,RED,8,2015,CT,PC:P2,TOTAL,All students,252.263000488281,0,1
statepct,RED,8,2015,CT,PC:P5,TOTAL,All students,275.477502441406,0,1
statepct,RED,8,2015,CT,PC:P9,TOTAL,All students,315.650001525879,0,1
statepct,RED,8,2015,DC,PC:P1,TOTAL,All students,197.744999694824,0,1
statepct,RED,8,2015,DC,PC:P2,TOTAL,All students,222.898999023438,0,1
statepct,RED,8,2015,DC,PC:P5,TOTAL,All students,248.509999847412,0,1
statepct,RED,8,2015,DC,PC:P9,TOTAL,All students,296.143998718262,0,1
statepct,RED,8,2015,DE,PC:P1,TOTAL,All students,216.731999206543,0,1
statepct,RED,8,2015,DE,PC:P2,TOTAL,All students,241.186499786377,0,1
statepct,RED,8,2015,DE,PC:P5,TOTAL,All students,265.021499633789,0,1
statepct,RED,8,2015,DE,PC:P9,TOTAL,All students,305.519998168946,0,1
statepct,RED,8,2015,FL,PC:P1,TOTAL,All students,221.770499420166,0,1
statepct,RED,8,2015,FL,PC:P2,TOTAL,All students,243.093997955322,0,1
statepct,RED,8,2015,FL,PC:P5,TOTAL,All students,264.776498413086,0,1
statepct,RED,8,2015,FL,PC:P9,TOTAL,All students,303.414999389649,0,1
statepct,RED,8,2015,GA,PC:P1,TOTAL,All students,216.933999633789,0,1
statepct,RED,8,2015,GA,PC:P2,TOTAL,All students,241.187499237061,0,1
statepct,RED,8,2015,GA,PC:P5,TOTAL,All students,264.49649810791,0,1
statepct,RED,8,2015,GA,PC:P9,TOTAL,All students,304.607997131348,0,1
statepct,RED,8,2015,HI,PC:P1,TOTAL,All students,210.942499542236,0,1
statepct,RED,8,2015,HI,PC:P2,TOTAL,All students,235.303499603272,0,1
statepct,RED,8,2015,HI,PC:P5,TOTAL,All students,259.67699584961,0,1
statepct,RED,8,2015,HI,PC:P9,TOTAL,All students,300.410998535156,0,1
statepct,RED,8,2015,ID,PC:P1,TOTAL,All students,226.682499694824,0,1
statepct,RED,8,2015,ID,PC:P2,TOTAL,All students,250.176498413086,0,1
statepct,RED,8,2015,ID,PC:P5,TOTAL,All students,271.500503540039,0,1
statepct,RED,8,2015,ID,PC:P9,TOTAL,All students,306.512503051758,0,1
statepct,RED,8,2017,AK,PC:P1,TOTAL,All students,209.513499450684,0,1
statepct,RED,8,2017,AK,PC:P2,TOTAL,All students,236.429999542236,0,1
statepct,RED,8,2017,AK,PC:P5,TOTAL,All students,261.539501953125,0,1
statepct,RED,8,2017,AK,PC:P9,TOTAL,All students,299.286499023438,0,1
statepct,RED,8,2017,AL,PC:P1,TOTAL,All students,209.2875,0,1
statepct,RED,8,2017,AL,PC:P2,TOTAL,All students,234.328500366211,0,1
statepct,RED,8,2017,AL,PC:P5,TOTAL,All students,260.288999938965,0,1
statepct,RED,8,2017,AL,PC:P9,TOTAL,All students,302.501997375488,0,1
statepct,RED,8,2017,AR,PC:P1,TOTAL,All students,212.432501220703,0,1
statepct,RED,8,2017,AR,PC:P2,TOTAL,All students,238.540000152588,0,1
statepct,RED,8,2017,AR,PC:P5,TOTAL,All students,262.746997070313,0,1
statepct,RED,8,2017,AR,PC:P9,TOTAL,All students,303.013999938965,0,1
statepct,RED,8,2017,AZ,PC:P1,TOTAL,All students,218.913498687744,0,1
statepct,RED,8,2017,AZ,PC:P2,TOTAL,All students,242.679499816895,0,1
statepct,RED,8,2017,AZ,PC:P5,TOTAL,All students,264.974501037598,0,1
statepct,RED,8,2017,AZ,PC:P9,TOTAL,All students,303.965498352051,0,1
statepct,RED,8,2017,CA,PC:P1,TOTAL,All students,212.701498413086,0,1
statepct,RED,8,2017,CA,PC:P2,TOTAL,All students,239.695999908447,0,1
statepct,RED,8,2017,CA,PC:P5,TOTAL,All students,264.477000427246,0,1
statepct,RED,8,2017,CA,PC:P9,TOTAL,All students,308.464501953125,0,1
statepct,RED,8,2017,CO,PC:P1,TOTAL,All students,223.55650177002,0,1
statepct,RED,8,2017,CO,PC:P2,TOTAL,All students,248.523499298096,0,1
statepct,RED,8,2017,CO,PC:P5,TOTAL,All students,272.7,0,1
statepct,RED,8,2017,CO,PC:P9,TOTAL,All students,313.568501281738,0,1
statepct,RED,8,2017,CT,PC:P1,TOTAL,All students,224.546999359131,0,1
statepct,RED,8,2017,CT,PC:P2,TOTAL,All students,249.816000366211,0,1
statepct,RED,8,2017,CT,PC:P5,TOTAL,All students,275.394999694824,0,1
statepct,RED,8,2017,CT,PC:P9,TOTAL,All students,316.676499938965,0,1
statepct,RED,8,2017,DC,PC:P1,TOTAL,All students,192.791999816895,0,1
statepct,RED,8,2017,DC,PC:P2,TOTAL,All students,220.163498687744,0,1
statepct,RED,8,2017,DC,PC:P5,TOTAL,All students,248.131499481201,0,1
statepct,RED,8,2017,DC,PC:P9,TOTAL,All students,299.025500488281,0,1
statepct,RED,8,2017,DE,PC:P1,TOTAL,All students,213.951498413086,0,1
statepct,RED,8,2017,DE,PC:P2,TOTAL,All students,239.45299911499,0,1
statepct,RED,8,2017,DE,PC:P5,TOTAL,All students,265.851498413086,0,1
statepct,RED,8,2017,DE,PC:P9,TOTAL,All students,307.911497497559,0,1
statepct,RED,8,2017,FL,PC:P1,TOTAL,All students,221.425997924805,0,1
statepct,RED,8,2017,FL,PC:P2,TOTAL,All students,245.611999511719,0,1
statepct,RED,8,2017,FL,PC:P5,TOTAL,All students,269.055500793457,0,1
statepct,RED,8,2017,FL,PC:P9,TOTAL,All students,307.657501220703,0,1
statepct,RED,8,2017,GA,PC:P1,TOTAL,All students,220.147999572754,0,1
statepct,RED,8,2017,GA,PC:P2,TOTAL,All students,243.964498901367,0,1
statepct,RED,8,2017,GA,PC:P5,TOTAL,All students,268.563499450684,0,1
statepct,RED,8,2017,GA,PC:P9,TOTAL,All students,309.060499572754,0,1
statepct,RED,8,2017,HI,PC:P1,TOTAL,All students,212.875000762939,0,1
statepct,RED,8,2017,HI,PC:P2,TOTAL,All students,239.715498352051,0,1
statepct,RED,8,2017,HI,PC:P5,TOTAL,All students,264.260997009278,0,1
statepct,RED,8,2017,HI,PC:P9,TOTAL,All students,303.808000183106,0,1
statepct,RED,8,2017,ID,PC:P1,TOTAL,All students,228.511498260498,0,1
statepct,RED,8,2017,ID,PC:P2,TOTAL,All students,250.656998443604,0,1
statepct,RED,8,2017,ID,PC:P5,TOTAL,All students,272.525500488281,0,1
statepct,RED,8,2017,ID,PC:P9,TOTAL,All students,307.464001464844,0,1
statepct,RED,8,2019,AK,PC:P1,TOTAL,All students,200.848500061035,0,1
statepct,RED,8,2019,AK,PC:P2,TOTAL,All students,229.020499420166,0,1
statepct,RED,8,2019,AK,PC:P5,TOTAL,All students,255.83099899292,0,1
statepct,RED,8,2019,AK,PC:P9,TOTAL,All students,298.401997375488,0,1
statepct,RED,8,2019,AL,PC:P1,TOTAL,All students,203.211000823975,0,1
statepct,RED,8,2019,AL,PC:P2,TOTAL,All students,230.386500549317,0,1
statepct,RED,8,2019,AL,PC:P5,TOTAL,All students,256.296998596192,0,1
statepct,RED,8,2019,AL,PC:P9,TOTAL,All students,298.856999206543,0,1
statepct,RED,8,2019,AR,PC:P1,TOTAL,All students,206.630999755859,0,1
statepct,RED,8,2019,AR,PC:P2,TOTAL,All students,234.564500427246,0,1
statepct,RED,8,2019,AR,PC:P5,TOTAL,All students,261.45050201416,0,1
statepct,RED,8,2019,AR,PC:P9,TOTAL,All students,306.180996704102,0,1
statepct,RED,8,2019,AZ,PC:P1,TOTAL,All students,211.623498535156,0,1
statepct,RED,8,2019,AZ,PC:P2,TOTAL,All students,236.728997802734,0,1
statepct,RED,8,2019,AZ,PC:P5,TOTAL,All students,261.409999084473,0,1
statepct,RED,8,2019,AZ,PC:P9,TOTAL,All students,303.938505554199,0,1
statepct,RED,8,2019,CA,PC:P1,TOTAL,All students,205.760999298096,0,1
statepct,RED,8,2019,CA,PC:P2,TOTAL,All students,233.741999816895,0,1
statepct,RED,8,2019,CA,PC:P5,TOTAL,All students,261.40299987793,0,1
statepct,RED,8,2019,CA,PC:P9,TOTAL,All students,307.003498840332,0,1
statepct,RED,8,2019,CO,PC:P1,TOTAL,All students,219.725500488281,0,1
statepct,RED,8,2019,CO,PC:P2,TOTAL,All students,245.558499145508,0,1
statepct,RED,8,2019,CO,PC:P5,TOTAL,All students,270.567001342773,0,1
statepct,RED,8,2019,CO,PC:P9,TOTAL,All students,310.951000976563,0,1
statepct,RED,8,2019,CT,PC:P1,TOTAL,All students,220.618999481201,0,1
statepct,RED,8,2019,CT,PC:P2,TOTAL,All students,246.273999023437,0,1
statepct,RED,8,2019,CT,PC:P5,TOTAL,All students,272.832501220703,0,1
statepct,RED,8,2019,CT,PC:P9,TOTAL,All students,314.546502685547,0,1
statepct,RED,8,2019,DC,PC:P1,TOTAL,All students,194.305500030518,0,1
statepct,RED,8,2019,DC,PC:P2,TOTAL,All students,223.116001129151,0,1
statepct,RED,8,2019,DC,PC:P5,TOTAL,All students,251.606001281738,0,1
statepct,RED,8,2019,DC,PC:P9,TOTAL,All students,302.983499145508,0,1
statepct,RED,8,2019,DE,PC:P1,TOTAL,All students,206.754500579834,0,1
statepct,RED,8,2019,DE,PC:P2,TOTAL,All students,235.167001342774,0,1
statepct,RED,8,2019,DE,PC:P5,TOTAL,All students,262.71549987793,0,1
statepct,RED,8,2019,DE,PC:P9,TOTAL,All students,307.709001159668,0,1
statepct,RED,8,2019,FL,PC:P1,TOTAL,All students,212.925,0,1
statepct,RED,8,2019,FL,PC:P2,TOTAL,All students,239.313499450684,0,1
statepct,RED,8,2019,FL,PC:P5,TOTAL,All students,265.768002319336,0,1
statepct,RED,8,2019,FL,PC:P9,TOTAL,All students,309.939001464844,0,1
statepct,RED,8,2019,GA,PC:P1,TOTAL,All students,213.535500335693,0,1
statepct,RED,8,2019,GA,PC:P2,TOTAL,All students,239.029498291016,0,1
statepct,RED,8,2019,GA,PC:P5,TOTAL,All students,265.137998962402,0,1
statepct,RED,8,2019,GA,PC:P9,TOTAL,All students,306.653497314453,0,1
statepct,RED,8,2019,HI,PC:P1,TOTAL,All students,206.576999664307,0,1
statepct,RED,8,2019,HI,PC:P2,TOTAL,All students,233.998998260498,0,1
statepct,RED,8,2019,HI,PC:P5,TOTAL,All students,260.636001586914,0,1
statepct,RED,8,2019,HI,PC:P9,TOTAL,All students,305.996998596192,0,1
statepct,RED,8,2019,ID,PC:P1,TOTAL,All students,217.874000549316,0,1
statepct,RED,8,2019,ID,PC:P2,TOTAL,All students,246.161000061035,0,1
statepct,RED,8,2019,ID,PC:P5,TOTAL,All students,270.263499450684,0,1
statepct,RED,8,2019,ID,PC:P9,TOTAL,All students,308.923501586914,0,1
statepct,RED,8,2022,AK,PC:P1,TOTAL,All students,195.630499267578,0,1
statepct,RED,8,2022,AK,PC:P2,TOTAL,All students,227.05299987793,0,1
statepct,RED,8,2022,AK,PC:P5,TOTAL,All students,256.721000671387,0,1
statepct,RED,8,2022,AK,PC:P9,TOTAL,All students,302.189999389649,0,1
statepct,RED,8,2022,AL,PC:P1,TOTAL,All students,199.431499481201,0,1
statepct,RED,8,2022,AL,PC:P2,TOTAL,All students,226.828498840332,0,1
statepct,RED,8,2022,AL,PC:P5,TOTAL,All students,253.620497131348,0,1
statepct,RED,8,2022,AL,PC:P9,TOTAL,All students,297.754499816895,0,1
statepct,RED,8,2022,AR,PC:P1,TOTAL,All students,204.254999542236,0,1
statepct,RED,8,2022,AR,PC:P2,TOTAL,All students,229.712498474121,0,1
statepct,RED,8,2022,AR,PC:P5,TOTAL,All students,257.770498657227,0,1
statepct,RED,8,2022,AR,PC:P9,TOTAL,All students,301.598501586914,0,1
statepct,RED,8,2022,AZ,PC:P1,TOTAL,All students,209.261999511719,0,1
statepct,RED,8,2022,AZ,PC:P2,TOTAL,All students,234.59700012207,0,1
statepct,RED,8,2022,AZ,PC:P5,TOTAL,All students,260.61900177002,0,1
statepct,RED,8,2022,AZ,PC:P9,TOTAL,All students,303.92200012207,0,1
statepct,RED,8,2022,CA,PC:P1,TOTAL,All students,206.808000946045,0,1
statepct,RED,8,2022,CA,PC:P2,TOTAL,All students,232.989498901367,0,1
statepct,RED,8,2022,CA,PC:P5,TOTAL,All students,261.319499206543,0,1
statepct,RED,8,2022,CA,PC:P9,TOTAL,All students,306.814501953125,0,1
statepct,RED,8,2022,CO,PC:P1,TOTAL,All students,210.503999328613,0,1
statepct,RED,8,2022,CO,PC:P2,TOTAL,All students,240.044499969483,0,1
statepct,RED,8,2022,CO,PC:P5,TOTAL,All students,266.970500183106,0,1
statepct,RED,8,2022,CO,PC:P9,TOTAL,All students,310.073500061035,0,1
statepct,RED,8,2022,CT,PC:P1,TOTAL,All students,212.652000427246,0,1
statepct,RED,8,2022,CT,PC:P2,TOTAL,All students,238.979000091553,0,1
statepct,RED,8,2022,CT,PC:P5,TOTAL,All students,266.362504577637,0,1
statepct,RED,8,2022,CT,PC:P9,TOTAL,All students,310.866499328613,0,1
statepct,RED,8,2022,DC,PC:P1,TOTAL,All students,197.142000579834,0,1
statepct,RED,8,2022,DC,PC:P2,TOTAL,All students,221.873999786377,0,1
statepct,RED,8,2022,DC,PC:P5,TOTAL,All students,250.037001800537,0,1
statepct,RED,8,2022,DC,PC:P9,TOTAL,All students,301.615501403809,0,1
statepct,RED,8,2022,DE,PC:P1,TOTAL,All students,201.20599899292,0,1
statepct,RED,8,2022,DE,PC:P2,TOTAL,All students,227.773501586914,0,1
statepct,RED,8,2022,DE,PC:P5,TOTAL,All students,255.185001373291,0,1
statepct,RED,8,2022,DE,PC:P9,TOTAL,All students,300.582498168946,0,1
statepct,RED,8,2022,FL,PC:P1,TOTAL,All students,209.736000061035,0,1
statepct,RED,8,2022,FL,PC:P2,TOTAL,All students,235.316500854492,0,1
statepct,RED,8,2022,FL,PC:P5,TOTAL,All students,261.891998291016,0,1
statepct,RED,8,2022,FL,PC:P9,TOTAL,All students,305.493998718262,0,1
statepct,RED,8,2022,GA,PC:P1,TOTAL,All students,206.735000610352,0,1
statepct,RED,8,2022,GA,PC:P2,TOTAL,All students,234.818500518799,0,1
statepct,RED,8,2022,GA,PC:P5,TOTAL,All students,262.931999206543,0,1
statepct,RED,8,2022,GA,PC:P9,TOTAL,All students,308.26549987793,0,1
statepct,RED,8,2022,HI,PC:P1,TOTAL,All students,204.82799987793,0,1
statepct,RED,8,2022,HI,PC:P2,TOTAL,All students,234.109501647949,0,1
statepct,RED,8,2022,HI,PC:P5,TOTAL,All students,262.295498657227,0,1
statepct,RED,8,2022,HI,PC:P9,TOTAL,All students,306.943998718262,0,1
statepct,RED,8,2022,ID,PC:P1,TOTAL,All students,217.35599975586,0,1
statepct,RED,8,2022,ID,PC:P2,TOTAL,All students,241.838499450684,0,1
statepct,RED,8,2022,ID,PC:P5,TOTAL,All students,265.777499389649,0,1
statepct,RED,8,2022,ID,PC:P9,TOTAL,All students,306.154501342774,0,1
statepct,RED,8,2024,AK,PC:P1,TOTAL,All students,187.835998535156,0,1
statepct,RED,8,2024,AK,PC:P2,TOTAL,All students,219.312999725342,0,1
statepct,RED,8,2024,AK,PC:P5,TOTAL,All students,250.781999969483,0,1
statepct,RED,8,2024,AK,PC:P9,TOTAL,All students,297.243502807617,0,1
statepct,RED,8,2024,AL,PC:P1,TOTAL,All students,197.25000076294,0,1
statepct,RED,8,2024,AL,PC:P2,TOTAL,All students,224.824499511719,0,1
statepct,RED,8,2024,AL,PC:P5,TOTAL,All students,252.367501831055,0,1
statepct,RED,8,2024,AL,PC:P9,TOTAL,All students,296.990496826172,0,1
statepct,RED,8,2024,AR,PC:P1,TOTAL,All students,204.607997894287,0,1
statepct,RED,8,2024,AR,PC:P2,TOTAL,All students,230.995498657227,0,1
statepct,RED,8,2024,AR,PC:P5,TOTAL,All students,257.481499481201,0,1
statepct,RED,8,2024,AR,PC:P9,TOTAL,All students,300.777496337891,0,1
statepct,RED,8,2024,AZ,PC:P1,TOTAL,All students,202.650499725342,0,1
statepct,RED,8,2024,AZ,PC:P2,TOTAL,All students,229.916998291016,0,1
statepct,RED,8,2024,AZ,PC:P5,TOTAL,All students,258.044999694824,0,1
statepct,RED,8,2024,AZ,PC:P9,TOTAL,All students,300.860995483399,0,1
statepct,RED,8,2024,CA,PC:P1,TOTAL,All students,197.580001831055,0,1
statepct,RED,8,2024,CA,PC:P2,TOTAL,All students,226.893999481201,0,1
statepct,RED,8,2024,CA,PC:P5,TOTAL,All students,257.115003204346,0,1
statepct,RED,8,2024,CA,PC:P9,TOTAL,All students,306.778498840332,0,1
statepct,RED,8,2024,CO,PC:P1,TOTAL,All students,215.332000732422,0,1
statepct,RED,8,2024,CO,PC:P2,TOTAL,All students,241.351498413086,0,1
statepct,RED,8,2024,CO,PC:P5,TOTAL,All students,267.485501098633,0,1
statepct,RED,8,2024,CO,PC:P9,TOTAL,All students,309.599996948242,0,1
statepct,RED,8,2024,CT,PC:P1,TOTAL,All students,207.768502044678,0,1
statepct,RED,8,2024,CT,PC:P2,TOTAL,All students,235.979999542236,0,1
statepct,RED,8,2024,CT,PC:P5,TOTAL,All students,265.985002136231,0,1
statepct,RED,8,2024,CT,PC:P9,TOTAL,All students,313.754002380371,0,1
statepct,RED,8,2024,DC,PC:P1,TOTAL,All students,194.105501556396,0,1
statepct,RED,8,2024,DC,PC:P2,TOTAL,All students,221.878999328613,0,1
statepct,RED,8,2024,DC,PC:P5,TOTAL,All students,252.028499603272,0,1
statepct,RED,8,2024,DC,PC:P9,TOTAL,All students,307.313998413086,0,1
statepct,RED,8,2024,DE,PC:P1,TOTAL,All students,193.045498657227,0,1
statepct,RED,8,2024,DE,PC:P2,TOTAL,All students,222.768000030518,0,1
statepct,RED,8,2024,DE,PC:P5,TOTAL,All students,253.326000213623,0,1
statepct,RED,8,2024,DE,PC:P9,TOTAL,All students,299.521501159668,0,1
statepct,RED,8,2024,FL,PC:P1,TOTAL,All students,198.146500396729,0,1
statepct,RED,8,2024,FL,PC:P2,TOTAL,All students,227.59649887085,0,1
statepct,RED,8,2024,FL,PC:P5,TOTAL,All students,256.395500946045,0,1
statepct,RED,8,2024,FL,PC:P9,TOTAL,All students,301.405500793457,0,1
statepct,RED,8,2024,GA,PC:P1,TOTAL,All students,205.903999328613,0,1
statepct,RED,8,2024,GA,PC:P2,TOTAL,All students,233.722998809814,0,1
statepct,RED,8,2024,GA,PC:P5,TOTAL,All students,262.597999572754,0,1
statepct,RED,8,2024,GA,PC:P9,TOTAL,All students,307.471997070313,0,1
statepct,RED,8,2024,HI,PC:P1,TOTAL,All students,203.262001037598,0,1
statepct,RED,8,2024,HI,PC:P2,TOTAL,All students,232.521001434326,0,1
statepct,RED,8,2024,HI,PC:P5,TOTAL,All students,260.804499816895,0,1
statepct,RED,8,2024,HI,PC:P9,TOTAL,All students,304.718000793457,0,1
statepct,RED,8,2024,ID,PC:P1,TOTAL,All students,209.001999664307,0,1
statepct,RED,8,2024,ID,PC:P2,TOTAL,All students,237.844500732422,0,1
statepct,RED,8,2024,ID,PC:P5,TOTAL,All students,265.110997009277,0,1
statepct,RED,8,2024,ID,PC:P9,TOTAL,All students,305.405502319336,0,1
statepct,RED,8,2003,IA,PC:P1,TOTAL,All students,226.326000976562,0,1
statepct,RED,8,2003,IA,PC:P2,TOTAL,All students,247.842001342774,0,1
statepct,RED,8,2003,IA,PC:P5,TOTAL,All students,269.803997802735,0,1
statepct,RED,8,2003,IA,PC:P9,TOTAL,All students,306.222003173828,0,1
statepct,RED,8,2003,IL,PC:P1,TOTAL,All students,222.540002441406,0,1
statepct,RED,8,2003,IL,PC:P2,TOTAL,All students,245.15,0,1
statepct,RED,8,2003,IL,PC:P5,TOTAL,All students,268.530004882813,0,1
statepct,RED,8,2003,IL,PC:P9,TOTAL,All students,307.09799194336,0,1
statepct,RED,8,2003,IN,PC:P1,TOTAL,All students,222.35400390625,0,1
statepct,RED,8,2003,IN,PC:P2,TOTAL,All students,245.204000854492,0,1
statepct,RED,8,2003,IN,PC:P5,TOTAL,All students,267.587994384766,0,1
statepct,RED,8,2003,IN,PC:P9,TOTAL,All students,304.105993652344,0,1
statepct,RED,8,2003,KS,PC:P1,TOTAL,All students,220.387997436523,0,1
statepct,RED,8,2003,KS,PC:P2,TOTAL,All students,245.023999023438,0,1
statepct,RED,8,2003,KS,PC:P5,TOTAL,All students,268.766003417969,0,1
statepct,RED,8,2003,KS,PC:P9,TOTAL,All students,307.183996582031,0,1
statepct,RED,8,2003,KY,PC:P1,TOTAL,All students,224.444003295898,0,1
statepct,RED,8,2003,KY,PC:P2,TOTAL,All students,246.194000244141,0,1
statepct,RED,8,2003,KY,PC:P5,TOTAL,All students,268.017993164062,0,1
statepct,RED,8,2003,KY,PC:P9,TOTAL,All students,305.711999511719,0,1
statepct,RED,8,2003,LA,PC:P1,TOTAL,All students,208.129995727539,0,1
statepct,RED,8,2003,LA,PC:P2,TOTAL,All students,231.338000488281,0,1
statepct,RED,8,2003,LA,PC:P5,TOTAL,All students,255.255996704102,0,1
statepct,RED,8,2003,LA,PC:P9,TOTAL,All students,295.732000732422,0,1
statepct,RED,8,2003,MA,PC:P1,TOTAL,All students,227.87799987793,0,1
statepct,RED,8,2003,MA,PC:P2,TOTAL,All students,251.409997558594,0,1
statepct,RED,8,2003,MA,PC:P5,TOTAL,All students,275.586004638672,0,1
statepct,RED,8,2003,MA,PC:P9,TOTAL,All students,313.687994384766,0,1
statepct,RED,8,2003,MD,PC:P1,TOTAL,All students,214.716003417969,0,1
statepct,RED,8,2003,MD,PC:P2,TOTAL,All students,238.308001708984,0,1
statepct,RED,8,2003,MD,PC:P5,TOTAL,All students,263.046008300781,0,1
statepct,RED,8,2003,MD,PC:P9,TOTAL,All students,306.914001464844,0,1
statepct,RED,8,2003,ME,PC:P1,TOTAL,All students,224.85599975586,0,1
statepct,RED,8,2003,ME,PC:P2,TOTAL,All students,248.258001708984,0,1
statepct,RED,8,2003,ME,PC:P5,TOTAL,All students,270.379998779297,0,1
statepct,RED,8,2003,ME,PC:P9,TOTAL,All students,308.522003173828,0,1
statepct,RED,8,2003,MI,PC:P1,TOTAL,All students,219.885998535156,0,1
statepct,RED,8,2003,MI,PC:P2,TOTAL,All students,243.305999755859,0,1
statepct,RED,8,2003,MI,PC:P5,TOTAL,All students,266.974005126953,0,1
statepct,RED,8,2003,MI,PC:P9,TOTAL,All students,304.496002197266,0,1
statepct,RED,8,2003,MN,PC:P1,TOTAL,All students,223.493997192383,0,1
statepct,RED,8,2003,MN,PC:P2,TOTAL,All students,246.916000366211,0,1
statepct,RED,8,2003,MN,PC:P5,TOTAL,All students,270.465997314453,0,1
statepct,RED,8,2003,MN,PC:P9,TOTAL,All students,307.672003173828,0,1
statepct,RED,8,2003,MO,PC:P1,TOTAL,All students,226.489996337891,0,1
statepct,RED,8,2003,MO,PC:P2,TOTAL,All students,248.183996582031,0,1
statepct,RED,8,2003,MO,PC:P5,TOTAL,All students,269.529998779297,0,1
statepct,RED,8,2003,MO,PC:P9,TOTAL,All students,305.244000244141,0,1
statepct,RED,8,2003,MS,PC:P1,TOTAL,All students,214.13200378418,0,1
statepct,RED,8,2003,MS,PC:P2,TOTAL,All students,234.278002929688,0,1
statepct,RED,8,2003,MS,PC:P5,TOTAL,All students,255.770001220703,0,1
statepct,RED,8,2003,MS,PC:P9,TOTAL,All students,295.035998535156,0,1
statepct,RED,8,2005,IA,PC:P1,TOTAL,All students,225.974002075195,0,1
statepct,RED,8,2005,IA,PC:P2,TOTAL,All students,247.769998168946,0,1
statepct,RED,8,2005,IA,PC:P5,TOTAL,All students,268.870001220703,0,1
statepct,RED,8,2005,IA,PC:P9,TOTAL,All students,305.772003173828,0,1
statepct,RED,8,2005,IL,PC:P1,TOTAL,All students,220.179998779297,0,1
statepct,RED,8,2005,IL,PC:P2,TOTAL,All students,242.580001831055,0,1
statepct,RED,8,2005,IL,PC:P5,TOTAL,All students,265.45,0,1
statepct,RED,8,2005,IL,PC:P9,TOTAL,All students,305.151995849609,0,1
statepct,RED,8,2005,IN,PC:P1,TOTAL,All students,216.419995117188,0,1
statepct,RED,8,2005,IN,PC:P2,TOTAL,All students,240.583999633789,0,1
statepct,RED,8,2005,IN,PC:P5,TOTAL,All students,263.164001464844,0,1
statepct,RED,8,2005,IN,PC:P9,TOTAL,All students,301.486004638672,0,1
statepct,RED,8,2005,KS,PC:P1,TOTAL,All students,224.440002441406,0,1
statepct,RED,8,2005,KS,PC:P2,TOTAL,All students,245.726000976562,0,1
statepct,RED,8,2005,KS,PC:P5,TOTAL,All students,268.705999755859,0,1
statepct,RED,8,2005,KS,PC:P9,TOTAL,All students,307.24599609375,0,1
statepct,RED,8,2005,KY,PC:P1,TOTAL,All students,221.173999023437,0,1
statepct,RED,8,2005,KY,PC:P2,TOTAL,All students,243.451998901367,0,1
statepct,RED,8,2005,KY,PC:P5,TOTAL,All students,265.80400390625,0,1
statepct,RED,8,2005,KY,PC:P9,TOTAL,All students,304.315997314453,0,1
statepct,RED,8,2005,LA,PC:P1,TOTAL,All students,209.196002197266,0,1
statepct,RED,8,2005,LA,PC:P2,TOTAL,All students,231.874002075195,0,1
statepct,RED,8,2005,LA,PC:P5,TOTAL,All students,254.475997924805,0,1
statepct,RED,8,2005,LA,PC:P9,TOTAL,All students,293.866003417969,0,1
statepct,RED,8,2005,MA,PC:P1,TOTAL,All students,229.855999755859,0,1
statepct,RED,8,2005,MA,PC:P2,TOTAL,All students,253.388000488281,0,1
statepct,RED,8,2005,MA,PC:P5,TOTAL,All students,276.108001708984,0,1
statepct,RED,8,2005,MA,PC:P9,TOTAL,All students,313.584002685547,0,1
statepct,RED,8,2005,MD,PC:P1,TOTAL,All students,213.882000732422,0,1
statepct,RED,8,2005,MD,PC:P2,TOTAL,All students,236.717999267578,0,1
statepct,RED,8,2005,MD,PC:P5,TOTAL,All students,262.224005126953,0,1
statepct,RED,8,2005,MD,PC:P9,TOTAL,All students,306.446002197266,0,1
statepct,RED,8,2005,ME,PC:P1,TOTAL,All students,228.19599609375,0,1
statepct,RED,8,2005,ME,PC:P2,TOTAL,All students,250.473999023438,0,1
statepct,RED,8,2005,ME,PC:P5,TOTAL,All students,271.323999023438,0,1
statepct,RED,8,2005,ME,PC:P9,TOTAL,All students,309.648004150391,0,1
statepct,RED,8,2005,MI,PC:P1,TOTAL,All students,216.935998535156,0,1
statepct,RED,8,2005,MI,PC:P2,TOTAL,All students,240.42600402832,0,1
statepct,RED,8,2005,MI,PC:P5,TOTAL,All students,263.49599609375,0,1
statepct,RED,8,2005,MI,PC:P9,TOTAL,All students,302.016003417969,0,1
statepct,RED,8,2005,MN,PC:P1,TOTAL,All students,225.935998535156,0,1
statepct,RED,8,2005,MN,PC:P2,TOTAL,All students,248.596002197266,0,1
statepct,RED,8,2005,MN,PC:P5,TOTAL,All students,270.923992919922,0,1
statepct,RED,8,2005,MN,PC:P9,TOTAL,All students,307.514001464844,0,1
statepct,RED,8,2005,MO,PC:P1,TOTAL,All students,223.294000244141,0,1
statepct,RED,8,2005,MO,PC:P2,TOTAL,All students,244.318002319336,0,1
statepct,RED,8,2005,MO,PC:P5,TOTAL,All students,265.95400390625,0,1
statepct,RED,8,2005,MO,PC:P9,TOTAL,All students,304.837994384766,0,1
statepct,RED,8,2005,MS,PC:P1,TOTAL,All students,207.425994873047,0,1
statepct,RED,8,2005,MS,PC:P2,TOTAL,All students,228.985998535156,0,1
statepct,RED,8,2005,MS,PC:P5,TOTAL,All students,251.957995605469,0,1
statepct,RED,8,2005,MS,PC:P9,TOTAL,All students,292.620001220703,0,1
statepct,RED,8,2007,IA,PC:P1,TOTAL,All students,225.3,0,1
statepct,RED,8,2007,IA,PC:P2,TOTAL,All students,249.039999389649,0,1
statepct,RED,8,2007,IA,PC:P5,TOTAL,All students,270.318005371094,0,1
statepct,RED,8,2007,IA,PC:P9,TOTAL,All students,306.129998779297,0,1
statepct,RED,8,2007,IL,PC:P1,TOTAL,All students,220.198004150391,0,1
statepct,RED,8,2007,IL,PC:P2,TOTAL,All students,242.823999023437,0,1
statepct,RED,8,2007,IL,PC:P5,TOTAL,All students,265.196002197266,0,1
statepct,RED,8,2007,IL,PC:P9,TOTAL,All students,303.275994873047,0,1
statepct,RED,8,2007,IN,PC:P1,TOTAL,All students,222.187997436524,0,1
statepct,RED,8,2007,IN,PC:P2,TOTAL,All students,244.377996826172,0,1
statepct,RED,8,2007,IN,PC:P5,TOTAL,All students,265.911999511719,0,1
statepct,RED,8,2007,IN,PC:P9,TOTAL,All students,303.90400390625,0,1
statepct,RED,8,2007,KS,PC:P1,TOTAL,All students,227.394000244141,0,1
statepct,RED,8,2007,KS,PC:P2,TOTAL,All students,249.597998046875,0,1
statepct,RED,8,2007,KS,PC:P5,TOTAL,All students,270.280004882813,0,1
statepct,RED,8,2007,KS,PC:P9,TOTAL,All students,303.592004394531,0,1
statepct,RED,8,2007,KY,PC:P1,TOTAL,All students,219.94400024414,0,1
statepct,RED,8,2007,KY,PC:P2,TOTAL,All students,241.093997192383,0,1
statepct,RED,8,2007,KY,PC:P5,TOTAL,All students,263.031994628906,0,1
statepct,RED,8,2007,KY,PC:P9,TOTAL,All students,302.953997802734,0,1
statepct,RED,8,2007,LA,PC:P1,TOTAL,All students,211.32799987793,0,1
statepct,RED,8,2007,LA,PC:P2,TOTAL,All students,232.657998657227,0,1
statepct,RED,8,2007,LA,PC:P5,TOTAL,All students,254.611999511719,0,1
statepct,RED,8,2007,LA,PC:P9,TOTAL,All students,293.555999755859,0,1
statepct,RED,8,2007,MA,PC:P1,TOTAL,All students,231.941998291016,0,1
statepct,RED,8,2007,MA,PC:P2,TOTAL,All students,253.509997558594,0,1
statepct,RED,8,2007,MA,PC:P5,TOTAL,All students,275.402001953125,0,1
statepct,RED,8,2007,MA,PC:P9,TOTAL,All students,311.994000244141,0,1
statepct,RED,8,2007,MD,PC:P1,TOTAL,All students,221.87200012207,0,1
statepct,RED,8,2007,MD,PC:P2,TOTAL,All students,243.839999389648,0,1
statepct,RED,8,2007,MD,PC:P5,TOTAL,All students,266.733996582031,0,1
statepct,RED,8,2007,MD,PC:P9,TOTAL,All students,307.199993896485,0,1
statepct,RED,8,2007,ME,PC:P1,TOTAL,All students,231.497998046875,0,1
statepct,RED,8,2007,ME,PC:P2,TOTAL,All students,251.557998657227,0,1
statepct,RED,8,2007,ME,PC:P5,TOTAL,All students,271.621990966797,0,1
statepct,RED,8,2007,ME,PC:P9,TOTAL,All students,306.189996337891,0,1
statepct,RED,8,2007,MI,PC:P1,TOTAL,All students,215.834002685547,0,1
statepct,RED,8,2007,MI,PC:P2,TOTAL,All students,239.803997802734,0,1
statepct,RED,8,2007,MI,PC:P5,TOTAL,All students,262.767999267578,0,1
statepct,RED,8,2007,MI,PC:P9,TOTAL,All students,301.14599609375,0,1
statepct,RED,8,2007,MN,PC:P1,TOTAL,All students,226.57600402832,0,1
statepct,RED,8,2007,MN,PC:P2,TOTAL,All students,249.291998291016,0,1
statepct,RED,8,2007,MN,PC:P5,TOTAL,All students,270.662005615234,0,1
statepct,RED,8,2007,MN,PC:P9,TOTAL,All students,306.922003173828,0,1
statepct,RED,8,2007,MO,PC:P1,TOTAL,All students,219.630001831055,0,1
statepct,RED,8,2007,MO,PC:P2,TOTAL,All students,242.781997680664,0,1
statepct,RED,8,2007,MO,PC:P5,TOTAL,All students,265.488000488281,0,1
statepct,RED,8,2007,MO,PC:P9,TOTAL,All students,304.267999267578,0,1
statepct,RED,8,2007,MS,PC:P1,TOTAL,All students,207.123999023438,0,1
statepct,RED,8,2007,MS,PC:P2,TOTAL,All students,229.17799987793,0,1
statepct,RED,8,2007,MS,PC:P5,TOTAL,All students,251.407998657227,0,1
statepct,RED,8,2007,MS,PC:P9,TOTAL,All students,291.673999023438,0,1
statepct,RED,8,2009,IA,PC:P1,TOTAL,All students,223.376000976563,0,1
statepct,RED,8,2009,IA,PC:P2,TOTAL,All students,246.160000610352,0,1
statepct,RED,8,2009,IA,PC:P5,TOTAL,All students,267.778002929688,0,1
statepct,RED,8,2009,IA,PC:P9,TOTAL,All students,302.95599975586,0,1
statepct,RED,8,2009,IL,PC:P1,TOTAL,All students,220.645999145508,0,1
statepct,RED,8,2009,IL,PC:P2,TOTAL,All students,244.736001586914,0,1
statepct,RED,8,2009,IL,PC:P5,TOTAL,All students,267.235998535156,0,1
statepct,RED,8,2009,IL,PC:P9,TOTAL,All students,304.16000366211,0,1
statepct,RED,8,2009,IN,PC:P1,TOTAL,All students,225.28200378418,0,1
statepct,RED,8,2009,IN,PC:P2,TOTAL,All students,247.113998413086,0,1
statepct,RED,8,2009,IN,PC:P5,TOTAL,All students,267.317999267578,0,1
statepct,RED,8,2009,IN,PC:P9,TOTAL,All students,303.676000976563,0,1
statepct,RED,8,2009,KS,PC:P1,TOTAL,All students,228.011999511719,0,1
statepct,RED,8,2009,KS,PC:P2,TOTAL,All students,248.070004272461,0,1
statepct,RED,8,2009,KS,PC:P5,TOTAL,All students,268.582000732422,0,1
statepct,RED,8,2009,KS,PC:P9,TOTAL,All students,303.511999511719,0,1
statepct,RED,8,2009,KY,PC:P1,TOTAL,All students,226.166000366211,0,1
statepct,RED,8,2009,KY,PC:P2,TOTAL,All students,247.712002563477,0,1
statepct,RED,8,2009,KY,PC:P5,TOTAL,All students,268.429998779297,0,1
statepct,RED,8,2009,KY,PC:P9,TOTAL,All students,305,0,1
statepct,RED,8,2009,LA,PC:P1,TOTAL,All students,210.185998535156,0,1
statepct,RED,8,2009,LA,PC:P2,TOTAL,All students,232.701998901367,0,1
statepct,RED,8,2009,LA,PC:P5,TOTAL,All students,254.812002563476,0,1
statepct,RED,8,2009,LA,PC:P9,TOTAL,All students,294.668005371094,0,1
statepct,RED,8,2009,MA,PC:P1,TOTAL,All students,230.620001220703,0,1
statepct,RED,8,2009,MA,PC:P2,TOTAL,All students,253.506002807617,0,1
statepct,RED,8,2009,MA,PC:P5,TOTAL,All students,275.360003662109,0,1
statepct,RED,8,2009,MA,PC:P9,TOTAL,All students,314.359997558594,0,1
statepct,RED,8,2009,MD,PC:P1,TOTAL,All students,222.776000976563,0,1
statepct,RED,8,2009,MD,PC:P2,TOTAL,All students,245.542001342773,0,1
statepct,RED,8,2009,MD,PC:P5,TOTAL,All students,268.309997558594,0,1
statepct,RED,8,2009,MD,PC:P9,TOTAL,All students,310.202001953125,0,1
statepct,RED,8,2009,ME,PC:P1,TOTAL,All students,227.028002929688,0,1
statepct,RED,8,2009,ME,PC:P2,TOTAL,All students,248.489999389649,0,1
statepct,RED,8,2009,ME,PC:P5,TOTAL,All students,269.468005371094,0,1
statepct,RED,8,2009,ME,PC:P9,TOTAL,All students,306.332000732422,0,1
statepct,RED,8,2009,MI,PC:P1,TOTAL,All students,216.07200012207,0,1
statepct,RED,8,2009,MI,PC:P2,TOTAL,All students,239.604000854492,0,1
statepct,RED,8,2009,MI,PC:P5,TOTAL,All students,264.141998291015,0,1
statepct,RED,8,2009,MI,PC:P9,TOTAL,All students,304.660003662109,0,1
statepct,RED,8,2009,MN,PC:P1,TOTAL,All students,228.007998657227,0,1
statepct,RED,8,2009,MN,PC:P2,TOTAL,All students,251.509997558594,0,1
statepct,RED,8,2009,MN,PC:P5,TOTAL,All students,272.939996337891,0,1
statepct,RED,8,2009,MN,PC:P9,TOTAL,All students,306.813995361328,0,1
statepct,RED,8,2009,MO,PC:P1,TOTAL,All students,226.441998291016,0,1
statepct,RED,8,2009,MO,PC:P2,TOTAL,All students,247.091998291016,0,1
statepct,RED,8,2009,MO,PC:P5,TOTAL,All students,268.710003662109,0,1
statepct,RED,8,2009,MO,PC:P9,TOTAL,All students,305.009997558594,0,1
statepct,RED,8,2009,MS,PC:P1,TOTAL,All students,206.774002075195,0,1
statepct,RED,8,2009,MS,PC:P2,TOTAL,All students,229.733999633789,0,1
statepct,RED,8,2009,MS,PC:P5,TOTAL,All students,252.862002563477,0,1
statepct,RED,8,2009,MS,PC:P9,TOTAL,All students,293.097998046875,0,1
statepct,RED,8,2011,IA,PC:P1,TOTAL,All students,221.303997802734,0,1
statepct,RED,8,2011,IA,PC:P2,TOTAL,All students,245.114001464844,0,1
statepct,RED,8,2011,IA,PC:P5,TOTAL,All students,267.615997314453,0,1
statepct,RED,8,2011,IA,PC:P9,TOTAL,All students,303.946002197266,0,1
statepct,RED,8,2011,IL,PC:P1,TOTAL,All students,221.895999145508,0,1
statepct,RED,8,2011,IL,PC:P2,TOTAL,All students,244.988000488281,0,1
statepct,RED,8,2011,IL,PC:P5,TOTAL,All students,267.455993652344,0,1
statepct,RED,8,2011,IL,PC:P9,TOTAL,All students,307.323992919922,0,1
statepct,RED,8,2011,IN,PC:P1,TOTAL,All students,223.689999389648,0,1
statepct,RED,8,2011,IN,PC:P2,TOTAL,All students,246.090002441407,0,1
statepct,RED,8,2011,IN,PC:P5,TOTAL,All students,267.083996582032,0,1
statepct,RED,8,2011,IN,PC:P9,TOTAL,All students,303.683996582031,0,1
statepct,RED,8,2011,KS,PC:P1,TOTAL,All students,225.654000854492,0,1
statepct,RED,8,2011,KS,PC:P2,TOTAL,All students,247.568002319336,0,1
statepct,RED,8,2011,KS,PC:P5,TOTAL,All students,270.008001708985,0,1
statepct,RED,8,2011,KS,PC:P9,TOTAL,All students,305.980010986328,0,1
statepct,RED,8,2011,KY,PC:P1,TOTAL,All students,227.452001953125,0,1
statepct,RED,8,2011,KY,PC:P2,TOTAL,All students,248.612002563477,0,1
statepct,RED,8,2011,KY,PC:P5,TOTAL,All students,270.266003417969,0,1
statepct,RED,8,2011,KY,PC:P9,TOTAL,All students,307.371997070313,0,1
statepct,RED,8,2011,LA,PC:P1,TOTAL,All students,210.226000976563,0,1
statepct,RED,8,2011,LA,PC:P2,TOTAL,All students,232.967999267578,0,1
statepct,RED,8,2011,LA,PC:P5,TOTAL,All students,256.50199584961,0,1
statepct,RED,8,2011,LA,PC:P9,TOTAL,All students,296.368005371094,0,1
statepct,RED,8,2011,MA,PC:P1,TOTAL,All students,232.168002319336,0,1
statepct,RED,8,2011,MA,PC:P2,TOTAL,All students,254.856002807617,0,1
statepct,RED,8,2011,MA,PC:P5,TOTAL,All students,277.692004394531,0,1
statepct,RED,8,2011,MA,PC:P9,TOTAL,All students,316.084002685547,0,1
statepct,RED,8,2011,MD,PC:P1,TOTAL,All students,226.897998046875,0,1
statepct,RED,8,2011,MD,PC:P2,TOTAL,All students,248.67799987793,0,1
statepct,RED,8,2011,MD,PC:P5,TOTAL,All students,272.332000732422,0,1
statepct,RED,8,2011,MD,PC:P9,TOTAL,All students,313.932000732422,0,1
statepct,RED,8,2011,ME,PC:P1,TOTAL,All students,226.108001708984,0,1
statepct,RED,8,2011,ME,PC:P2,TOTAL,All students,249.082000732422,0,1
statepct,RED,8,2011,ME,PC:P5,TOTAL,All students,271.489996337891,0,1
statepct,RED,8,2011,ME,PC:P9,TOTAL,All students,310.109997558594,0,1
statepct,RED,8,2011,MI,PC:P1,TOTAL,All students,223.700003051758,0,1
statepct,RED,8,2011,MI,PC:P2,TOTAL,All students,245.058004760742,0,1
statepct,RED,8,2011,MI,PC:P5,TOTAL,All students,266.490002441406,0,1
statepct,RED,8,2011,MI,PC:P9,TOTAL,All students,304.970001220703,0,1
statepct,RED,8,2011,MN,PC:P1,TOTAL,All students,225.957998657226,0,1
statepct,RED,8,2011,MN,PC:P2,TOTAL,All students,250.797998046875,0,1
statepct,RED,8,2011,MN,PC:P5,TOTAL,All students,272.672003173828,0,1
statepct,RED,8,2011,MN,PC:P9,TOTAL,All students,309.788000488281,0,1
statepct,RED,8,2011,MO,PC:P1,TOTAL,All students,223.435998535156,0,1
statepct,RED,8,2011,MO,PC:P2,TOTAL,All students,247.633999633789,0,1
statepct,RED,8,2011,MO,PC:P5,TOTAL,All students,269.457989501953,0,1
statepct,RED,8,2011,MO,PC:P9,TOTAL,All students,306.521997070313,0,1
statepct,RED,8,2011,MS,PC:P1,TOTAL,All students,209.460000610352,0,1
statepct,RED,8,2011,MS,PC:P2,TOTAL,All students,232.423999023438,0,1
statepct,RED,8,2011,MS,PC:P5,TOTAL,All students,255.693994140625,0,1
statepct,RED,8,2011,MS,PC:P9,TOTAL,All students,294.15,0,1
statepct,RED,8,2013,IA,PC:P1,TOTAL,All students,228.289499664307,0,1
statepct,RED,8,2013,IA,PC:P2,TOTAL,All students,250.121999359131,0,1
statepct,RED,8,2013,IA,PC:P5,TOTAL,All students,271.084503173828,0,1
statepct,RED,8,2013,IA,PC:P9,TOTAL,All students,307.119999694824,0,1
statepct,RED,8,2013,IL,PC:P1,TOTAL,All students,221.338500213623,0,1
statepct,RED,8,2013,IL,PC:P2,TOTAL,All students,245.967000579834,0,1
statepct,RED,8,2013,IL,PC:P5,TOTAL,All students,269.39949798584,0,1
statepct,RED,8,2013,IL,PC:P9,TOTAL,All students,309.181500244141,0,1
statepct,RED,8,2013,IN,PC:P1,TOTAL,All students,226.183499145508,0,1
statepct,RED,8,2013,IN,PC:P2,TOTAL,All students,247.667500305176,0,1
statepct,RED,8,2013,IN,PC:P5,TOTAL,All students,268.961999511719,0,1
statepct,RED,8,2013,IN,PC:P9,TOTAL,All students,306.48800201416,0,1
statepct,RED,8,2013,KS,PC:P1,TOTAL,All students,221.933500671387,0,1
statepct,RED,8,2013,KS,PC:P2,TOTAL,All students,247.023498535156,0,1
statepct,RED,8,2013,KS,PC:P5,TOTAL,All students,269.974998474121,0,1
statepct,RED,8,2013,KS,PC:P9,TOTAL,All students,307.328001403809,0,1
statepct,RED,8,2013,KY,PC:P1,TOTAL,All students,226.202499389648,0,1
statepct,RED,8,2013,KY,PC:P2,TOTAL,All students,248.311000823975,0,1
statepct,RED,8,2013,KY,PC:P5,TOTAL,All students,270.812001037598,0,1
statepct,RED,8,2013,KY,PC:P9,TOTAL,All students,311.207502746582,0,1
statepct,RED,8,2013,LA,PC:P1,TOTAL,All students,214.605498504639,0,1
statepct,RED,8,2013,LA,PC:P2,TOTAL,All students,235.686999511719,0,1
statepct,RED,8,2013,LA,PC:P5,TOTAL,All students,258.581999206543,0,1
statepct,RED,8,2013,LA,PC:P9,TOTAL,All students,298.571501159668,0,1
statepct,RED,8,2013,MA,PC:P1,TOTAL,All students,231.395001983643,0,1
statepct,RED,8,2013,MA,PC:P2,TOTAL,All students,255.838497924805,0,1
statepct,RED,8,2013,MA,PC:P5,TOTAL,All students,279.483001708984,0,1
statepct,RED,8,2013,MA,PC:P9,TOTAL,All students,319.118499755859,0,1
statepct,RED,8,2013,MD,PC:P1,TOTAL,All students,230.937998199463,0,1
statepct,RED,8,2013,MD,PC:P2,TOTAL,All students,251.431000518799,0,1
statepct,RED,8,2013,MD,PC:P5,TOTAL,All students,274.332998657227,0,1
statepct,RED,8,2013,MD,PC:P9,TOTAL,All students,316.042501831055,0,1
statepct,RED,8,2013,ME,PC:P1,TOTAL,All students,224.808000946045,0,1
statepct,RED,8,2013,ME,PC:P2,TOTAL,All students,247.707499694824,0,1
statepct,RED,8,2013,ME,PC:P5,TOTAL,All students,271.282499694824,0,1
statepct,RED,8,2013,ME,PC:P9,TOTAL,All students,310.714498901367,0,1
statepct,RED,8,2013,MI,PC:P1,TOTAL,All students,224.000499725342,0,1
statepct,RED,8,2013,MI,PC:P2,TOTAL,All students,245.480500030518,0,1
statepct,RED,8,2013,MI,PC:P5,TOTAL,All students,267.34049987793,0,1
statepct,RED,8,2013,MI,PC:P9,TOTAL,All students,305.985501098633,0,1
statepct,RED,8,2013,MN,PC:P1,TOTAL,All students,227.487001037598,0,1
statepct,RED,8,2013,MN,PC:P2,TOTAL,All students,251.70000076294,0,1
statepct,RED,8,2013,MN,PC:P5,TOTAL,All students,273.734999084473,0,1
statepct,RED,8,2013,MN,PC:P9,TOTAL,All students,311.086003112793,0,1
statepct,RED,8,2013,MO,PC:P1,TOTAL,All students,223.595499420166,0,1
statepct,RED,8,2013,MO,PC:P2,TOTAL,All students,246.902000427246,0,1
statepct,RED,8,2013,MO,PC:P5,TOTAL,All students,269.369502258301,0,1
statepct,RED,8,2013,MO,PC:P9,TOTAL,All students,308.485498046875,0,1
statepct,RED,8,2013,MS,PC:P1,TOTAL,All students,209.938000488281,0,1
statepct,RED,8,2013,MS,PC:P2,TOTAL,All students,232.087497711181,0,1
statepct,RED,8,2013,MS,PC:P5,TOTAL,All students,254.995497894287,0,1
statepct,RED,8,2013,MS,PC:P9,TOTAL,All students,294.253002929688,0,1
statepct,RED,8,2015,IA,PC:P1,TOTAL,All students,228.13399887085,0,1
statepct,RED,8,2015,IA,PC:P2,TOTAL,All students,249.641002655029,0,1
statepct,RED,8,2015,IA,PC:P5,TOTAL,All students,270.419000244141,0,1
statepct,RED,8,2015,IA,PC:P9,TOTAL,All students,306.369999694825,0,1
statepct,RED,8,2015,IL,PC:P1,TOTAL,All students,223.046501159668,0,1
statepct,RED,8,2015,IL,PC:P2,TOTAL,All students,245.773998260498,0,1
statepct,RED,8,2015,IL,PC:P5,TOTAL,All students,268.571501159668,0,1
statepct,RED,8,2015,IL,PC:P9,TOTAL,All students,309.059002685547,0,1
statepct,RED,8,2015,IN,PC:P1,TOTAL,All students,224.729998779297,0,1
statepct,RED,8,2015,IN,PC:P2,TOTAL,All students,248.346501159668,0,1
statepct,RED,8,2015,IN,PC:P5,TOTAL,All students,270.666499328613,0,1
statepct,RED,8,2015,IN,PC:P9,TOTAL,All students,308.665998840332,0,1
statepct,RED,8,2015,KS,PC:P1,TOTAL,All students,223.353501129151,0,1
statepct,RED,8,2015,KS,PC:P2,TOTAL,All students,247.103500366211,0,1
statepct,RED,8,2015,KS,PC:P5,TOTAL,All students,269.393501281738,0,1
statepct,RED,8,2015,KS,PC:P9,TOTAL,All students,306.074502563477,0,1
statepct,RED,8,2015,KY,PC:P1,TOTAL,All students,223.456500244141,0,1
statepct,RED,8,2015,KY,PC:P2,TOTAL,All students,246.596499633789,0,1
statepct,RED,8,2015,KY,PC:P5,TOTAL,All students,269.631996154785,0,1
statepct,RED,8,2015,KY,PC:P9,TOTAL,All students,309.341999816895,0,1
statepct,RED,8,2015,LA,PC:P1,TOTAL,All students,210.195997619629,0,1
statepct,RED,8,2015,LA,PC:P2,TOTAL,All students,233.606999969482,0,1
statepct,RED,8,2015,LA,PC:P5,TOTAL,All students,257.370503234863,0,1
statepct,RED,8,2015,LA,PC:P9,TOTAL,All students,297.500001525879,0,1
statepct,RED,8,2015,MA,PC:P1,TOTAL,All students,228.952500152588,0,1
statepct,RED,8,2015,MA,PC:P2,TOTAL,All students,253.806500244141,0,1
statepct,RED,8,2015,MA,PC:P5,TOTAL,All students,277.560499572754,0,1
statepct,RED,8,2015,MA,PC:P9,TOTAL,All students,315.951498413086,0,1
statepct,RED,8,2015,MD,PC:P1,TOTAL,All students,221.680500793457,0,1
statepct,RED,8,2015,MD,PC:P2,TOTAL,All students,244.340500640869,0,1
statepct,RED,8,2015,MD,PC:P5,TOTAL,All students,269.043502807617,0,1
statepct,RED,8,2015,MD,PC:P9,TOTAL,All students,312.766499328613,0,1
statepct,RED,8,2015,ME,PC:P1,TOTAL,All students,228.743000030518,0,1
statepct,RED,8,2015,ME,PC:P2,TOTAL,All students,250.066000366211,0,1
statepct,RED,8,2015,ME,PC:P5,TOTAL,All students,270.764999389648,0,1
statepct,RED,8,2015,ME,PC:P9,TOTAL,All students,305.011003112793,0,1
statepct,RED,8,2015,MI,PC:P1,TOTAL,All students,221.60899887085,0,1
statepct,RED,8,2015,MI,PC:P2,TOTAL,All students,243.697999572754,0,1
statepct,RED,8,2015,MI,PC:P5,TOTAL,All students,266.211500549317,0,1
statepct,RED,8,2015,MI,PC:P9,TOTAL,All students,304.965498352051,0,1
statepct,RED,8,2015,MN,PC:P1,TOTAL,All students,226.308499908447,0,1
statepct,RED,8,2015,MN,PC:P2,TOTAL,All students,250.673999786377,0,1
statepct,RED,8,2015,MN,PC:P5,TOTAL,All students,272.991996765137,0,1
statepct,RED,8,2015,MN,PC:P9,TOTAL,All students,310.556999206543,0,1
statepct,RED,8,2015,MO,PC:P1,TOTAL,All students,221.948500061035,0,1
statepct,RED,8,2015,MO,PC:P2,TOTAL,All students,245.353500366211,0,1
statepct,RED,8,2015,MO,PC:P5,TOTAL,All students,269.629995727539,0,1
statepct,RED,8,2015,MO,PC:P9,TOTAL,All students,308.44349822998,0,1
statepct,RED,8,2015,MS,PC:P1,TOTAL,All students,207.928500366211,0,1
statepct,RED,8,2015,MS,PC:P2,TOTAL,All students,230.558999633789,0,1
statepct,RED,8,2015,MS,PC:P5,TOTAL,All students,254.174002075195,0,1
statepct,RED,8,2015,MS,PC:P9,TOTAL,All students,294.631999206543,0,1
statepct,RED,8,2017,IA,PC:P1,TOTAL,All students,223.453499603272,0,1
statepct,RED,8,2017,IA,PC:P2,TOTAL,All students,248.610002136231,0,1
statepct,RED,8,2017,IA,PC:P5,TOTAL,All students,270.868501281738,0,1
statepct,RED,8,2017,IA,PC:P9,TOTAL,All students,307.695001220703,0,1
statepct,RED,8,2017,IL,PC:P1,TOTAL,All students,220.456001281738,0,1
statepct,RED,8,2017,IL,PC:P2,TOTAL,All students,245.530498504639,0,1
statepct,RED,8,2017,IL,PC:P5,TOTAL,All students,269.474499511719,0,1
statepct,RED,8,2017,IL,PC:P9,TOTAL,All students,309.616500854492,0,1
statepct,RED,8,2017,IN,PC:P1,TOTAL,All students,229.737501525879,0,1
statepct,RED,8,2017,IN,PC:P2,TOTAL,All students,251.869000244141,0,1
statepct,RED,8,2017,IN,PC:P5,TOTAL,All students,273.872499084473,0,1
statepct,RED,8,2017,IN,PC:P9,TOTAL,All students,312.215002441406,0,1
statepct,RED,8,2017,KS,PC:P1,TOTAL,All students,221.815000152588,0,1
statepct,RED,8,2017,KS,PC:P2,TOTAL,All students,246.485999298096,0,1
statepct,RED,8,2017,KS,PC:P5,TOTAL,All students,270.136999511719,0,1
statepct,RED,8,2017,KS,PC:P9,TOTAL,All students,308.937498474121,0,1
statepct,RED,8,2017,KY,PC:P1,TOTAL,All students,218.795500183105,0,1
statepct,RED,8,2017,KY,PC:P2,TOTAL,All students,242.773999786377,0,1
statepct,RED,8,2017,KY,PC:P5,TOTAL,All students,267.0875,0,1
statepct,RED,8,2017,KY,PC:P9,TOTAL,All students,308.822499084473,0,1
statepct,RED,8,2017,LA,PC:P1,TOTAL,All students,210.542499542236,0,1
statepct,RED,8,2017,LA,PC:P2,TOTAL,All students,234.545498657227,0,1
statepct,RED,8,2017,LA,PC:P5,TOTAL,All students,258.799501037598,0,1
statepct,RED,8,2017,LA,PC:P9,TOTAL,All students,300.076002502442,0,1
statepct,RED,8,2017,MA,PC:P1,TOTAL,All students,231.893000793457,0,1
statepct,RED,8,2017,MA,PC:P2,TOTAL,All students,256.708500671387,0,1
statepct,RED,8,2017,MA,PC:P5,TOTAL,All students,280.451998901367,0,1
statepct,RED,8,2017,MA,PC:P9,TOTAL,All students,320.605500793457,0,1
statepct,RED,8,2017,MD,PC:P1,TOTAL,All students,216.838999176025,0,1
statepct,RED,8,2017,MD,PC:P2,TOTAL,All students,242.12799911499,0,1
statepct,RED,8,2017,MD,PC:P5,TOTAL,All students,268.787001037598,0,1
statepct,RED,8,2017,MD,PC:P9,TOTAL,All students,315.153498840332,0,1
statepct,RED,8,2017,ME,PC:P1,TOTAL,All students,221.243500518799,0,1
statepct,RED,8,2017,ME,PC:P2,TOTAL,All students,247.899001312256,0,1
statepct,RED,8,2017,ME,PC:P5,TOTAL,All students,271.82850189209,0,1
statepct,RED,8,2017,ME,PC:P9,TOTAL,All students,311.728002929688,0,1
statepct,RED,8,2017,MI,PC:P1,TOTAL,All students,219.614999389648,0,1
statepct,RED,8,2017,MI,PC:P2,TOTAL,All students,244.683000183106,0,1
statepct,RED,8,2017,MI,PC:P5,TOTAL,All students,268.107502746582,0,1
statepct,RED,8,2017,MI,PC:P9,TOTAL,All students,306.83500213623,0,1
statepct,RED,8,2017,MN,PC:P1,TOTAL,All students,220.943497467041,0,1
statepct,RED,8,2017,MN,PC:P2,TOTAL,All students,247.954502105713,0,1
statepct,RED,8,2017,MN,PC:P5,TOTAL,All students,272.054499816895,0,1
statepct,RED,8,2017,MN,PC:P9,TOTAL,All students,310.49700012207,0,1
statepct,RED,8,2017,MO,PC:P1,TOTAL,All students,220.869999694824,0,1
statepct,RED,8,2017,MO,PC:P2,TOTAL,All students,245.44649887085,0,1
statepct,RED,8,2017,MO,PC:P5,TOTAL,All students,268.991500854492,0,1
statepct,RED,8,2017,MO,PC:P9,TOTAL,All students,307.401000976563,0,1
statepct,RED,8,2017,MS,PC:P1,TOTAL,All students,210.083999633789,0,1
statepct,RED,8,2017,MS,PC:P2,TOTAL,All students,233.494499206543,0,1
statepct,RED,8,2017,MS,PC:P5,TOTAL,All students,258.157000732422,0,1
statepct,RED,8,2017,MS,PC:P9,TOTAL,All students,300.114999389649,0,1
statepct,RED,8,2019,IA,PC:P1,TOTAL,All students,214.069000244141,0,1
statepct,RED,8,2019,IA,PC:P2,TOTAL,All students,240.724499511719,0,1
statepct,RED,8,2019,IA,PC:P5,TOTAL,All students,265.92200012207,0,1
statepct,RED,8,2019,IA,PC:P9,TOTAL,All students,305.405497741699,0,1
statepct,RED,8,2019,IL,PC:P1,TOTAL,All students,214.787999725342,0,1
statepct,RED,8,2019,IL,PC:P2,TOTAL,All students,241.25350112915,0,1
statepct,RED,8,2019,IL,PC:P5,TOTAL,All students,267.895500183106,0,1
statepct,RED,8,2019,IL,PC:P9,TOTAL,All students,311.004002380371,0,1
statepct,RED,8,2019,IN,PC:P1,TOTAL,All students,216.001499938965,0,1
statepct,RED,8,2019,IN,PC:P2,TOTAL,All students,243.034501647949,0,1
statepct,RED,8,2019,IN,PC:P5,TOTAL,All students,269.451502990723,0,1
statepct,RED,8,2019,IN,PC:P9,TOTAL,All students,310.569000244141,0,1
statepct,RED,8,2019,KS,PC:P1,TOTAL,All students,215.593500518799,0,1
statepct,RED,8,2019,KS,PC:P2,TOTAL,All students,241.737999725342,0,1
statepct,RED,8,2019,KS,PC:P5,TOTAL,All students,266.251496887207,0,1
statepct,RED,8,2019,KS,PC:P9,TOTAL,All students,304.814999389648,0,1
statepct,RED,8,2019,KY,PC:P1,TOTAL,All students,212.598498535156,0,1
statepct,RED,8,2019,KY,PC:P2,TOTAL,All students,239.92200088501,0,1
statepct,RED,8,2019,KY,PC:P5,TOTAL,All students,266.190998840332,0,1
statepct,RED,8,2019,KY,PC:P9,TOTAL,All students,308.858000183106,0,1
statepct,RED,8,2019,LA,PC:P1,TOTAL,All students,209.120500946045,0,1
statepct,RED,8,2019,LA,PC:P2,TOTAL,All students,234.462000274658,0,1
statepct,RED,8,2019,LA,PC:P5,TOTAL,All students,259.783497619629,0,1
statepct,RED,8,2019,LA,PC:P9,TOTAL,All students,302.687001037598,0,1
statepct,RED,8,2019,MA,PC:P1,TOTAL,All students,223.915500640869,0,1
statepct,RED,8,2019,MA,PC:P2,TOTAL,All students,251.585498046875,0,1
statepct,RED,8,2019,MA,PC:P5,TOTAL,All students,276.567999267578,0,1
statepct,RED,8,2019,MA,PC:P9,TOTAL,All students,317.406001281738,0,1
statepct,RED,8,2019,MD,PC:P1,TOTAL,All students,211.040501403809,0,1
statepct,RED,8,2019,MD,PC:P2,TOTAL,All students,239.924500274658,0,1
statepct,RED,8,2019,MD,PC:P5,TOTAL,All students,267.617997741699,0,1
statepct,RED,8,2019,MD,PC:P9,TOTAL,All students,312.002998352051,0,1
statepct,RED,8,2019,ME,PC:P1,TOTAL,All students,215.798997497559,0,1
statepct,RED,8,2019,ME,PC:P2,TOTAL,All students,243.128000640869,0,1
statepct,RED,8,2019,ME,PC:P5,TOTAL,All students,268.622998046875,0,1
statepct,RED,8,2019,ME,PC:P9,TOTAL,All students,309.433502197266,0,1
statepct,RED,8,2019,MI,PC:P1,TOTAL,All students,216.396999359131,0,1
statepct,RED,8,2019,MI,PC:P2,TOTAL,All students,240.97200012207,0,1
statepct,RED,8,2019,MI,PC:P5,TOTAL,All students,265.201000976563,0,1
statepct,RED,8,2019,MI,PC:P9,TOTAL,All students,305.118998718262,0,1
statepct,RED,8,2019,MN,PC:P1,TOTAL,All students,213.901500701904,0,1
statepct,RED,8,2019,MN,PC:P2,TOTAL,All students,241.700501251221,0,1
statepct,RED,8,2019,MN,PC:P5,TOTAL,All students,267.079997253418,0,1
statepct,RED,8,2019,MN,PC:P9,TOTAL,All students,308.052000427246,0,1
statepct,RED,8,2019,MO,PC:P1,TOTAL,All students,213.988001251221,0,1
statepct,RED,8,2019,MO,PC:P2,TOTAL,All students,241.548498535156,0,1
statepct,RED,8,2019,MO,PC:P5,TOTAL,All students,266.998498535156,0,1
statepct,RED,8,2019,MO,PC:P9,TOTAL,All students,306.449002075195,0,1
statepct,RED,8,2019,MS,PC:P1,TOTAL,All students,209.275999450684,0,1
statepct,RED,8,2019,MS,PC:P2,TOTAL,All students,234.056999206543,0,1
statepct,RED,8,2019,MS,PC:P5,TOTAL,All students,258.885002136231,0,1
statepct,RED,8,2019,MS,PC:P9,TOTAL,All students,299.562501525879,0,1
statepct,RED,8,2022,IA,PC:P1,TOTAL,All students,211.735500335693,0,1
statepct,RED,8,2022,IA,PC:P2,TOTAL,All students,238.162000274658,0,1
statepct,RED,8,2022,IA,PC:P5,TOTAL,All students,262.50299987793,0,1
statepct,RED,8,2022,IA,PC:P9,TOTAL,All students,302.71449584961,0,1
statepct,RED,8,2022,IL,PC:P1,TOTAL,All students,211.149499511719,0,1
statepct,RED,8,2022,IL,PC:P2,TOTAL,All students,238.339500427246,0,1
statepct,RED,8,2022,IL,PC:P5,TOTAL,All students,264.435501098633,0,1
statepct,RED,8,2022,IL,PC:P9,TOTAL,All students,308.566500854492,0,1
statepct,RED,8,2022,IN,PC:P1,TOTAL,All students,210.161501312256,0,1
statepct,RED,8,2022,IN,PC:P2,TOTAL,All students,237.105500030518,0,1
statepct,RED,8,2022,IN,PC:P5,TOTAL,All students,262.981999206543,0,1
statepct,RED,8,2022,IN,PC:P9,TOTAL,All students,306.747001647949,0,1
statepct,RED,8,2022,KS,PC:P1,TOTAL,All students,206.311001586914,0,1
statepct,RED,8,2022,KS,PC:P2,TOTAL,All students,233.075498962402,0,1
statepct,RED,8,2022,KS,PC:P5,TOTAL,All students,259.475999450684,0,1
statepct,RED,8,2022,KS,PC:P9,TOTAL,All students,300.244000244141,0,1
statepct,RED,8,2022,KY,PC:P1,TOTAL,All students,206.35000076294,0,1
statepct,RED,8,2022,KY,PC:P2,TOTAL,All students,234.747499847412,0,1
statepct,RED,8,2022,KY,PC:P5,TOTAL,All students,261.32749786377,0,1
statepct,RED,8,2022,KY,PC:P9,TOTAL,All students,305.344003295899,0,1
statepct,RED,8,2022,LA,PC:P1,TOTAL,All students,205.675498962402,0,1
statepct,RED,8,2022,LA,PC:P2,TOTAL,All students,232.360499572754,0,1
statepct,RED,8,2022,LA,PC:P5,TOTAL,All students,259.199499511719,0,1
statepct,RED,8,2022,LA,PC:P9,TOTAL,All students,303.239497375488,0,1
statepct,RED,8,2022,MA,PC:P1,TOTAL,All students,217.959497833252,0,1
statepct,RED,8,2022,MA,PC:P2,TOTAL,All students,246.047998809814,0,1
statepct,RED,8,2022,MA,PC:P5,TOTAL,All students,272.212997436524,0,1
statepct,RED,8,2022,MA,PC:P9,TOTAL,All students,313.147998046875,0,1
statepct,RED,8,2022,MD,PC:P1,TOTAL,All students,201.003000640869,0,1
statepct,RED,8,2022,MD,PC:P2,TOTAL,All students,231.52850112915,0,1
statepct,RED,8,2022,MD,PC:P5,TOTAL,All students,263.001498413086,0,1
statepct,RED,8,2022,MD,PC:P9,TOTAL,All students,311.445500183106,0,1
statepct,RED,8,2022,ME,PC:P1,TOTAL,All students,199.954000091553,0,1
statepct,RED,8,2022,ME,PC:P2,TOTAL,All students,231.302000427246,0,1
statepct,RED,8,2022,ME,PC:P5,TOTAL,All students,260.789501953125,0,1
statepct,RED,8,2022,ME,PC:P9,TOTAL,All students,306.207499694824,0,1
statepct,RED,8,2022,MI,PC:P1,TOTAL,All students,208.285500335693,0,1
statepct,RED,8,2022,MI,PC:P2,TOTAL,All students,233.686499786377,0,1
statepct,RED,8,2022,MI,PC:P5,TOTAL,All students,260.890498352051,0,1
statepct,RED,8,2022,MI,PC:P9,TOTAL,All students,304.958499145508,0,1
statepct,RED,8,2022,MN,PC:P1,TOTAL,All students,211.463998413086,0,1
statepct,RED,8,2022,MN,PC:P2,TOTAL,All students,238.877001190186,0,1
statepct,RED,8,2022,MN,PC:P5,TOTAL,All students,263.53150177002,0,1
statepct,RED,8,2022,MN,PC:P9,TOTAL,All students,304.075994873047,0,1
statepct,RED,8,2022,MO,PC:P1,TOTAL,All students,206.186500549316,0,1
statepct,RED,8,2022,MO,PC:P2,TOTAL,All students,233.838998413086,0,1
statepct,RED,8,2022,MO,PC:P5,TOTAL,All students,260.866998291016,0,1
statepct,RED,8,2022,MO,PC:P9,TOTAL,All students,303.051498413086,0,1
statepct,RED,8,2022,MS,PC:P1,TOTAL,All students,204.794500732422,0,1
statepct,RED,8,2022,MS,PC:P2,TOTAL,All students,229.789498138428,0,1
statepct,RED,8,2022,MS,PC:P5,TOTAL,All students,255.02449798584,0,1
statepct,RED,8,2022,MS,PC:P9,TOTAL,All students,297.332499694824,0,1
statepct,RED,8,2024,IA,PC:P1,TOTAL,All students,210.544999694824,0,1
statepct,RED,8,2024,IA,PC:P2,TOTAL,All students,238.905000305176,0,1
statepct,RED,8,2024,IA,PC:P5,TOTAL,All students,264.073500061035,0,1
statepct,RED,8,2024,IA,PC:P9,TOTAL,All students,304.998500061035,0,1
statepct,RED,8,2024,IL,PC:P1,TOTAL,All students,208.05950012207,0,1
statepct,RED,8,2024,IL,PC:P2,TOTAL,All students,236.203498840332,0,1
statepct,RED,8,2024,IL,PC:P5,TOTAL,All students,264.730500793457,0,1
statepct,RED,8,2024,IL,PC:P9,TOTAL,All students,309.917501831055,0,1
statepct,RED,8,2024,IN,PC:P1,TOTAL,All students,209.194000244141,0,1
statepct,RED,8,2024,IN,PC:P2,TOTAL,All students,235.494998931885,0,1
statepct,RED,8,2024,IN,PC:P5,TOTAL,All students,264.418496704102,0,1
statepct,RED,8,2024,IN,PC:P9,TOTAL,All students,309.699998474121,0,1
statepct,RED,8,2024,KS,PC:P1,TOTAL,All students,206.144000244141,0,1
statepct,RED,8,2024,KS,PC:P2,TOTAL,All students,232.287999725342,0,1
statepct,RED,8,2024,KS,PC:P5,TOTAL,All students,258.798001098633,0,1
statepct,RED,8,2024,KS,PC:P9,TOTAL,All students,299.473498535156,0,1
statepct,RED,8,2024,KY,PC:P1,TOTAL,All students,205.756498718262,0,1
statepct,RED,8,2024,KY,PC:P2,TOTAL,All students,233.231998443604,0,1
statepct,RED,8,2024,KY,PC:P5,TOTAL,All students,260.769500732422,0,1
statepct,RED,8,2024,KY,PC:P9,TOTAL,All students,305.916000366211,0,1
statepct,RED,8,2024,LA,PC:P1,TOTAL,All students,205.562001037598,0,1
statepct,RED,8,2024,LA,PC:P2,TOTAL,All students,231.752500915527,0,1
statepct,RED,8,2024,LA,PC:P5,TOTAL,All students,259.204501342774,0,1
statepct,RED,8,2024,LA,PC:P9,TOTAL,All students,303.581503295899,0,1
statepct,RED,8,2024,MA,PC:P1,TOTAL,All students,213.901499176025,0,1
statepct,RED,8,2024,MA,PC:P2,TOTAL,All students,243.404500579834,0,1
statepct,RED,8,2024,MA,PC:P5,TOTAL,All students,271.514503479004,0,1
statepct,RED,8,2024,MA,PC:P9,TOTAL,All students,315.674002075195,0,1
statepct,RED,8,2024,MD,PC:P1,TOTAL,All students,198.034999847412,0,1
statepct,RED,8,2024,MD,PC:P2,TOTAL,All students,230.862999725342,0,1
statepct,RED,8,2024,MD,PC:P5,TOTAL,All students,262.760003662109,0,1
statepct,RED,8,2024,MD,PC:P9,TOTAL,All students,310.826498413086,0,1
statepct,RED,8,2024,ME,PC:P1,TOTAL,All students,202.748499298096,0,1
statepct,RED,8,2024,ME,PC:P2,TOTAL,All students,230.411000823975,0,1
statepct,RED,8,2024,ME,PC:P5,TOTAL,All students,258.183502197266,0,1
statepct,RED,8,2024,ME,PC:P9,TOTAL,All students,301.592001342774,0,1
statepct,RED,8,2024,MI,PC:P1,TOTAL,All students,205.967499542236,0,1
statepct,RED,8,2024,MI,PC:P2,TOTAL,All students,231.980499267578,0,1
statepct,RED,8,2024,MI,PC:P5,TOTAL,All students,257.740502929688,0,1
statepct,RED,8,2024,MI,PC:P9,TOTAL,All students,299.660499572754,0,1
statepct,RED,8,2024,MN,PC:P1,TOTAL,All students,215.056999969482,0,1
statepct,RED,8,2024,MN,PC:P2,TOTAL,All students,238.890000152588,0,1
statepct,RED,8,2024,MN,PC:P5,TOTAL,All students,262.782502746582,0,1
statepct,RED,8,2024,MN,PC:P9,TOTAL,All students,301.103497314453,0,1
statepct,RED,8,2024,MO,PC:P1,TOTAL,All students,203.569499206543,0,1
statepct,RED,8,2024,MO,PC:P2,TOTAL,All students,230.745999145508,0,1
statepct,RED,8,2024,MO,PC:P5,TOTAL,All students,258.930999755859,0,1
statepct,RED,8,2024,MO,PC:P9,TOTAL,All students,301.762001037598,0,1
statepct,RED,8,2024,MS,PC:P1,TOTAL,All students,205.160999298096,0,1
statepct,RED,8,2024,MS,PC:P2,TOTAL,All students,230.375500488281,0,1
statepct,RED,8,2024,MS,PC:P5,TOTAL,All students,255.748999786377,0,1
statepct,RED,8,2024,MS,PC:P9,TOTAL,All students,298.490000915527,0,1
statepct,RED,8,2003,MT,PC:P1,TOTAL,All students,229.987997436523,0,1
statepct,RED,8,2003,MT,PC:P2,TOTAL,All students,250.845999145508,0,1
statepct,RED,8,2003,MT,PC:P5,TOTAL,All students,271.260003662109,0,1
statepct,RED,8,2003,MT,PC:P9,TOTAL,All students,308.459997558594,0,1
statepct,RED,8,2003,NC,PC:P1,TOTAL,All students,218.486001586914,0,1
statepct,RED,8,2003,NC,PC:P2,TOTAL,All students,240.218002319336,0,1
statepct,RED,8,2003,NC,PC:P5,TOTAL,All students,263.266003417969,0,1
statepct,RED,8,2003,NC,PC:P9,TOTAL,All students,302.915997314453,0,1
statepct,RED,8,2003,ND,PC:P1,TOTAL,All students,228.851998901367,0,1
statepct,RED,8,2003,ND,PC:P2,TOTAL,All students,250.883996582031,0,1
statepct,RED,8,2003,ND,PC:P5,TOTAL,All students,272.578002929688,0,1
statepct,RED,8,2003,ND,PC:P9,TOTAL,All students,306.853997802735,0,1
statepct,RED,8,2003,NE,PC:P1,TOTAL,All students,223.758001708985,0,1
statepct,RED,8,2003,NE,PC:P2,TOTAL,All students,245.9,0,1
statepct,RED,8,2003,NE,PC:P5,TOTAL,All students,268.569995117188,0,1
statepct,RED,8,2003,NE,PC:P9,TOTAL,All students,305.471997070313,0,1
statepct,RED,8,2003,NH,PC:P1,TOTAL,All students,227.152001953125,0,1
statepct,RED,8,2003,NH,PC:P2,TOTAL,All students,250.680001831055,0,1
statepct,RED,8,2003,NH,PC:P5,TOTAL,All students,273.486004638672,0,1
statepct,RED,8,2003,NH,PC:P9,TOTAL,All students,310.396002197266,0,1
statepct,RED,8,2003,NJ,PC:P1,TOTAL,All students,223.429998779297,0,1
statepct,RED,8,2003,NJ,PC:P2,TOTAL,All students,247.52799987793,0,1
statepct,RED,8,2003,NJ,PC:P5,TOTAL,All students,270.666009521484,0,1
statepct,RED,8,2003,NJ,PC:P9,TOTAL,All students,308.264001464844,0,1
statepct,RED,8,2003,NM,PC:P1,TOTAL,All students,204.411996459961,0,1
statepct,RED,8,2003,NM,PC:P2,TOTAL,All students,229.811999511719,0,1
statepct,RED,8,2003,NM,PC:P5,TOTAL,All students,254.3,0,1
statepct,RED,8,2003,NM,PC:P9,TOTAL,All students,294.511993408203,0,1
statepct,RED,8,2003,NV,PC:P1,TOTAL,All students,204.754000854492,0,1
statepct,RED,8,2003,NV,PC:P2,TOTAL,All students,229.807998657226,0,1
statepct,RED,8,2003,NV,PC:P5,TOTAL,All students,255.585995483398,0,1
statepct,RED,8,2003,NV,PC:P9,TOTAL,All students,294.663995361328,0,1
statepct,RED,8,2003,NY,PC:P1,TOTAL,All students,218.13999633789,0,1
statepct,RED,8,2003,NY,PC:P2,TOTAL,All students,243.264001464844,0,1
statepct,RED,8,2003,NY,PC:P5,TOTAL,All students,268.55,0,1
statepct,RED,8,2003,NY,PC:P9,TOTAL,All students,308.022003173828,0,1
statepct,RED,8,2003,OH,PC:P1,TOTAL,All students,224.455996704102,0,1
statepct,RED,8,2003,OH,PC:P2,TOTAL,All students,246.524002075195,0,1
statepct,RED,8,2003,OH,PC:P5,TOTAL,All students,268.449993896484,0,1
statepct,RED,8,2003,OH,PC:P9,TOTAL,All students,305.902001953125,0,1
statepct,RED,8,2003,OK,PC:P1,TOTAL,All students,217.401995849609,0,1
statepct,RED,8,2003,OK,PC:P2,TOTAL,All students,242.025997924805,0,1
statepct,RED,8,2003,OK,PC:P5,TOTAL,All students,265.144000244141,0,1
statepct,RED,8,2003,OK,PC:P9,TOTAL,All students,301.958001708984,0,1
statepct,RED,8,2003,OR,PC:P1,TOTAL,All students,218.434002685547,0,1
statepct,RED,8,2003,OR,PC:P2,TOTAL,All students,242.607998657227,0,1
statepct,RED,8,2003,OR,PC:P5,TOTAL,All students,266.270001220703,0,1
statepct,RED,8,2003,OR,PC:P9,TOTAL,All students,306.714001464844,0,1
statepct,RED,8,2003,PA,PC:P1,TOTAL,All students,221.014004516602,0,1
statepct,RED,8,2003,PA,PC:P2,TOTAL,All students,244.137997436523,0,1
statepct,RED,8,2003,PA,PC:P5,TOTAL,All students,267.042004394531,0,1
statepct,RED,8,2003,PA,PC:P9,TOTAL,All students,303.425994873047,0,1
statepct,RED,8,2005,MT,PC:P1,TOTAL,All students,229.911999511719,0,1
statepct,RED,8,2005,MT,PC:P2,TOTAL,All students,250.31000366211,0,1
statepct,RED,8,2005,MT,PC:P5,TOTAL,All students,270.923999023438,0,1
statepct,RED,8,2005,MT,PC:P9,TOTAL,All students,305.934002685547,0,1
statepct,RED,8,2005,NC,PC:P1,TOTAL,All students,211.739999389649,0,1
statepct,RED,8,2005,NC,PC:P2,TOTAL,All students,236.369998168945,0,1
statepct,RED,8,2005,NC,PC:P5,TOTAL,All students,260.719995117187,0,1
statepct,RED,8,2005,NC,PC:P9,TOTAL,All students,301.25400390625,0,1
statepct,RED,8,2005,ND,PC:P1,TOTAL,All students,232.767999267578,0,1
statepct,RED,8,2005,ND,PC:P2,TOTAL,All students,251.883999633789,0,1
statepct,RED,8,2005,ND,PC:P5,TOTAL,All students,271.730004882813,0,1
statepct,RED,8,2005,ND,PC:P9,TOTAL,All students,305.667999267578,0,1
statepct,RED,8,2005,NE,PC:P1,TOTAL,All students,226.005999755859,0,1
statepct,RED,8,2005,NE,PC:P2,TOTAL,All students,248.273999023437,0,1
statepct,RED,8,2005,NE,PC:P5,TOTAL,All students,269.647998046875,0,1
statepct,RED,8,2005,NE,PC:P9,TOTAL,All students,305.478009033203,0,1
statepct,RED,8,2005,NH,PC:P1,TOTAL,All students,226.482000732422,0,1
statepct,RED,8,2005,NH,PC:P2,TOTAL,All students,249.244000244141,0,1
statepct,RED,8,2005,NH,PC:P5,TOTAL,All students,271.490002441406,0,1
statepct,RED,8,2005,NH,PC:P9,TOTAL,All students,309.727996826172,0,1
statepct,RED,8,2005,NJ,PC:P1,TOTAL,All students,225.726000976562,0,1
statepct,RED,8,2005,NJ,PC:P2,TOTAL,All students,248.833999633789,0,1
statepct,RED,8,2005,NJ,PC:P5,TOTAL,All students,271.272003173828,0,1
statepct,RED,8,2005,NJ,PC:P9,TOTAL,All students,310.596002197266,0,1
statepct,RED,8,2005,NM,PC:P1,TOTAL,All students,206.198001098633,0,1
statepct,RED,8,2005,NM,PC:P2,TOTAL,All students,229.907998657226,0,1
statepct,RED,8,2005,NM,PC:P5,TOTAL,All students,252.37200012207,0,1
statepct,RED,8,2005,NM,PC:P9,TOTAL,All students,293.246002197266,0,1
statepct,RED,8,2005,NV,PC:P1,TOTAL,All students,204.483999633789,0,1
statepct,RED,8,2005,NV,PC:P2,TOTAL,All students,229.951995849609,0,1
statepct,RED,8,2005,NV,PC:P5,TOTAL,All students,255.55199584961,0,1
statepct,RED,8,2005,NV,PC:P9,TOTAL,All students,296.697998046875,0,1
statepct,RED,8,2005,NY,PC:P1,TOTAL,All students,219.992001342773,0,1
statepct,RED,8,2005,NY,PC:P2,TOTAL,All students,243.395999145508,0,1
statepct,RED,8,2005,NY,PC:P5,TOTAL,All students,267.384002685547,0,1
statepct,RED,8,2005,NY,PC:P9,TOTAL,All students,307.547998046875,0,1
statepct,RED,8,2005,OH,PC:P1,TOTAL,All students,222.657998657227,0,1
statepct,RED,8,2005,OH,PC:P2,TOTAL,All students,245.87799987793,0,1
statepct,RED,8,2005,OH,PC:P5,TOTAL,All students,268.823992919922,0,1
statepct,RED,8,2005,OH,PC:P9,TOTAL,All students,308.277996826172,0,1
statepct,RED,8,2005,OK,PC:P1,TOTAL,All students,218.614001464844,0,1
statepct,RED,8,2005,OK,PC:P2,TOTAL,All students,240.373999023437,0,1
statepct,RED,8,2005,OK,PC:P5,TOTAL,All students,261.564001464844,0,1
statepct,RED,8,2005,OK,PC:P9,TOTAL,All students,298.437994384766,0,1
statepct,RED,8,2005,OR,PC:P1,TOTAL,All students,216.865997314453,0,1
statepct,RED,8,2005,OR,PC:P2,TOTAL,All students,241.45,0,1
statepct,RED,8,2005,OR,PC:P5,TOTAL,All students,266.25,0,1
statepct,RED,8,2005,OR,PC:P9,TOTAL,All students,304.694006347656,0,1
statepct,RED,8,2005,PA,PC:P1,TOTAL,All students,220.439999389649,0,1
statepct,RED,8,2005,PA,PC:P2,TOTAL,All students,245.986001586914,0,1
statepct,RED,8,2005,PA,PC:P5,TOTAL,All students,269.820001220703,0,1
statepct,RED,8,2005,PA,PC:P9,TOTAL,All students,308.180004882813,0,1
statepct,RED,8,2007,MT,PC:P1,TOTAL,All students,233.007998657227,0,1
statepct,RED,8,2007,MT,PC:P2,TOTAL,All students,254.410000610352,0,1
statepct,RED,8,2007,MT,PC:P5,TOTAL,All students,273.306005859375,0,1
statepct,RED,8,2007,MT,PC:P9,TOTAL,All students,305.389996337891,0,1
statepct,RED,8,2007,NC,PC:P1,TOTAL,All students,212.1,0,1
statepct,RED,8,2007,NC,PC:P2,TOTAL,All students,237.629998779297,0,1
statepct,RED,8,2007,NC,PC:P5,TOTAL,All students,262.585998535156,0,1
statepct,RED,8,2007,NC,PC:P9,TOTAL,All students,301.415997314453,0,1
statepct,RED,8,2007,ND,PC:P1,TOTAL,All students,233.877996826172,0,1
statepct,RED,8,2007,ND,PC:P2,TOTAL,All students,251.661999511719,0,1
statepct,RED,8,2007,ND,PC:P5,TOTAL,All students,269.032000732422,0,1
statepct,RED,8,2007,ND,PC:P9,TOTAL,All students,300.753991699219,0,1
statepct,RED,8,2007,NE,PC:P1,TOTAL,All students,225.4,0,1
statepct,RED,8,2007,NE,PC:P2,TOTAL,All students,247.466003417969,0,1
statepct,RED,8,2007,NE,PC:P5,TOTAL,All students,269.111999511719,0,1
statepct,RED,8,2007,NE,PC:P9,TOTAL,All students,305.972003173828,0,1
statepct,RED,8,2007,NH,PC:P1,TOTAL,All students,229.510003662109,0,1
statepct,RED,8,2007,NH,PC:P2,TOTAL,All students,250.894003295898,0,1
statepct,RED,8,2007,NH,PC:P5,TOTAL,All students,271.329998779297,0,1
statepct,RED,8,2007,NH,PC:P9,TOTAL,All students,307.3,0,1
statepct,RED,8,2007,NJ,PC:P1,TOTAL,All students,227.057998657227,0,1
statepct,RED,8,2007,NJ,PC:P2,TOTAL,All students,251.080001831055,0,1
statepct,RED,8,2007,NJ,PC:P5,TOTAL,All students,273.017999267578,0,1
statepct,RED,8,2007,NJ,PC:P9,TOTAL,All students,309.349993896484,0,1
statepct,RED,8,2007,NM,PC:P1,TOTAL,All students,207.45,0,1
statepct,RED,8,2007,NM,PC:P2,TOTAL,All students,230.602001953125,0,1
statepct,RED,8,2007,NM,PC:P5,TOTAL,All students,253.205996704101,0,1
statepct,RED,8,2007,NM,PC:P9,TOTAL,All students,291.023999023438,0,1
statepct,RED,8,2007,NV,PC:P1,TOTAL,All students,203.960000610351,0,1
statepct,RED,8,2007,NV,PC:P2,TOTAL,All students,230.129998779297,0,1
statepct,RED,8,2007,NV,PC:P5,TOTAL,All students,255.340002441407,0,1
statepct,RED,8,2007,NV,PC:P9,TOTAL,All students,297.120001220703,0,1
statepct,RED,8,2007,NY,PC:P1,TOTAL,All students,217.988000488281,0,1
statepct,RED,8,2007,NY,PC:P2,TOTAL,All students,243.107998657226,0,1
statepct,RED,8,2007,NY,PC:P5,TOTAL,All students,266.3,0,1
statepct,RED,8,2007,NY,PC:P9,TOTAL,All students,305.070007324219,0,1
statepct,RED,8,2007,OH,PC:P1,TOTAL,All students,226.066000366211,0,1
statepct,RED,8,2007,OH,PC:P2,TOTAL,All students,247.97200012207,0,1
statepct,RED,8,2007,OH,PC:P5,TOTAL,All students,270.088000488281,0,1
statepct,RED,8,2007,OH,PC:P9,TOTAL,All students,307.518005371094,0,1
statepct,RED,8,2007,OK,PC:P1,TOTAL,All students,216.77600402832,0,1
statepct,RED,8,2007,OK,PC:P2,TOTAL,All students,240.057998657227,0,1
statepct,RED,8,2007,OK,PC:P5,TOTAL,All students,261.844000244141,0,1
statepct,RED,8,2007,OK,PC:P9,TOTAL,All students,298.744006347657,0,1
statepct,RED,8,2007,OR,PC:P1,TOTAL,All students,221.448001098633,0,1
statepct,RED,8,2007,OR,PC:P2,TOTAL,All students,245.713998413086,0,1
statepct,RED,8,2007,OR,PC:P5,TOTAL,All students,268.423999023438,0,1
statepct,RED,8,2007,OR,PC:P9,TOTAL,All students,305.924005126953,0,1
statepct,RED,8,2007,PA,PC:P1,TOTAL,All students,223.219998168945,0,1
statepct,RED,8,2007,PA,PC:P2,TOTAL,All students,247.505996704102,0,1
statepct,RED,8,2007,PA,PC:P5,TOTAL,All students,270.325994873047,0,1
statepct,RED,8,2007,PA,PC:P9,TOTAL,All students,307.844006347656,0,1
statepct,RED,8,2009,MT,PC:P1,TOTAL,All students,232.813998413086,0,1
statepct,RED,8,2009,MT,PC:P2,TOTAL,All students,252.698001098633,0,1
statepct,RED,8,2009,MT,PC:P5,TOTAL,All students,272.367999267578,0,1
statepct,RED,8,2009,MT,PC:P9,TOTAL,All students,305.881994628906,0,1
statepct,RED,8,2009,NC,PC:P1,TOTAL,All students,212.307995605469,0,1
statepct,RED,8,2009,NC,PC:P2,TOTAL,All students,237.52200012207,0,1
statepct,RED,8,2009,NC,PC:P5,TOTAL,All students,262.023999023437,0,1
statepct,RED,8,2009,NC,PC:P9,TOTAL,All students,303.05,0,1
statepct,RED,8,2009,ND,PC:P1,TOTAL,All students,236.133999633789,0,1
statepct,RED,8,2009,ND,PC:P2,TOTAL,All students,253.909997558594,0,1
statepct,RED,8,2009,ND,PC:P5,TOTAL,All students,271.148004150391,0,1
statepct,RED,8,2009,ND,PC:P9,TOTAL,All students,301.079998779297,0,1
statepct,RED,8,2009,NE,PC:P1,TOTAL,All students,226.951998901367,0,1
statepct,RED,8,2009,NE,PC:P2,TOTAL,All students,249.007998657227,0,1
statepct,RED,8,2009,NE,PC:P5,TOTAL,All students,269.60199584961,0,1
statepct,RED,8,2009,NE,PC:P9,TOTAL,All students,304.076000976563,0,1
statepct,RED,8,2009,NH,PC:P1,TOTAL,All students,228.777996826172,0,1
statepct,RED,8,2009,NH,PC:P2,TOTAL,All students,250.545999145508,0,1
statepct,RED,8,2009,NH,PC:P5,TOTAL,All students,272.550006103516,0,1
statepct,RED,8,2009,NH,PC:P9,TOTAL,All students,310.538000488281,0,1
statepct,RED,8,2009,NJ,PC:P1,TOTAL,All students,231.193997192383,0,1
statepct,RED,8,2009,NJ,PC:P2,TOTAL,All students,253.035998535156,0,1
statepct,RED,8,2009,NJ,PC:P5,TOTAL,All students,274.788000488281,0,1
statepct,RED,8,2009,NJ,PC:P9,TOTAL,All students,311.776007080078,0,1
statepct,RED,8,2009,NM,PC:P1,TOTAL,All students,209.13200378418,0,1
statepct,RED,8,2009,NM,PC:P2,TOTAL,All students,232.990002441406,0,1
statepct,RED,8,2009,NM,PC:P5,TOTAL,All students,256.692004394531,0,1
statepct,RED,8,2009,NM,PC:P9,TOTAL,All students,294.889996337891,0,1
statepct,RED,8,2009,NV,PC:P1,TOTAL,All students,208.303997802734,0,1
statepct,RED,8,2009,NV,PC:P2,TOTAL,All students,232.595999145508,0,1
statepct,RED,8,2009,NV,PC:P5,TOTAL,All students,256.216000366211,0,1
statepct,RED,8,2009,NV,PC:P9,TOTAL,All students,296.518005371094,0,1
statepct,RED,8,2009,NY,PC:P1,TOTAL,All students,219.010000610352,0,1
statepct,RED,8,2009,NY,PC:P2,TOTAL,All students,242.561999511719,0,1
statepct,RED,8,2009,NY,PC:P5,TOTAL,All students,266.603997802734,0,1
statepct,RED,8,2009,NY,PC:P9,TOTAL,All students,306.270007324219,0,1
statepct,RED,8,2009,OH,PC:P1,TOTAL,All students,226.094000244141,0,1
statepct,RED,8,2009,OH,PC:P2,TOTAL,All students,249.335998535156,0,1
statepct,RED,8,2009,OH,PC:P5,TOTAL,All students,270.85599975586,0,1
statepct,RED,8,2009,OH,PC:P9,TOTAL,All students,307.994000244141,0,1
statepct,RED,8,2009,OK,PC:P1,TOTAL,All students,217.735998535156,0,1
statepct,RED,8,2009,OK,PC:P2,TOTAL,All students,240.575997924805,0,1
statepct,RED,8,2009,OK,PC:P5,TOTAL,All students,262.117999267578,0,1
statepct,RED,8,2009,OK,PC:P9,TOTAL,All students,297.223999023438,0,1
statepct,RED,8,2009,OR,PC:P1,TOTAL,All students,220.383999633789,0,1
statepct,RED,8,2009,OR,PC:P2,TOTAL,All students,244.535998535157,0,1
statepct,RED,8,2009,OR,PC:P5,TOTAL,All students,267.834002685547,0,1
statepct,RED,8,2009,OR,PC:P9,TOTAL,All students,305.448004150391,0,1
statepct,RED,8,2009,PA,PC:P1,TOTAL,All students,227.796002197266,0,1
statepct,RED,8,2009,PA,PC:P2,TOTAL,All students,251.039999389648,0,1
statepct,RED,8,2009,PA,PC:P5,TOTAL,All students,273.429998779297,0,1
statepct,RED,8,2009,PA,PC:P9,TOTAL,All students,309.453997802735,0,1
statepct,RED,8,2011,MT,PC:P1,TOTAL,All students,235.034002685547,0,1
statepct,RED,8,2011,MT,PC:P2,TOTAL,All students,255.031997680664,0,1
statepct,RED,8,2011,MT,PC:P5,TOTAL,All students,274.898004150391,0,1
statepct,RED,8,2011,MT,PC:P9,TOTAL,All students,308.778002929688,0,1
statepct,RED,8,2011,NC,PC:P1,TOTAL,All students,219.176000976562,0,1
statepct,RED,8,2011,NC,PC:P2,TOTAL,All students,241.772000122071,0,1
statepct,RED,8,2011,NC,PC:P5,TOTAL,All students,264.817999267578,0,1
statepct,RED,8,2011,NC,PC:P9,TOTAL,All students,304.482000732422,0,1
statepct,RED,8,2011,ND,PC:P1,TOTAL,All students,232.829998779297,0,1
statepct,RED,8,2011,ND,PC:P2,TOTAL,All students,250.970001220703,0,1
statepct,RED,8,2011,ND,PC:P5,TOTAL,All students,270.281994628907,0,1
statepct,RED,8,2011,ND,PC:P9,TOTAL,All students,302.541998291016,0,1
statepct,RED,8,2011,NE,PC:P1,TOTAL,All students,226.860000610352,0,1
statepct,RED,8,2011,NE,PC:P2,TOTAL,All students,249.635998535156,0,1
statepct,RED,8,2011,NE,PC:P5,TOTAL,All students,270.023999023438,0,1
statepct,RED,8,2011,NE,PC:P9,TOTAL,All students,305.972003173828,0,1
statepct,RED,8,2011,NH,PC:P1,TOTAL,All students,233.32200012207,0,1
statepct,RED,8,2011,NH,PC:P2,TOTAL,All students,253.062002563476,0,1
statepct,RED,8,2011,NH,PC:P5,TOTAL,All students,273.497998046875,0,1
statepct,RED,8,2011,NH,PC:P9,TOTAL,All students,308.890002441407,0,1
statepct,RED,8,2011,NJ,PC:P1,TOTAL,All students,232.923999023438,0,1
statepct,RED,8,2011,NJ,PC:P2,TOTAL,All students,254.086001586914,0,1
statepct,RED,8,2011,NJ,PC:P5,TOTAL,All students,276.777996826172,0,1
statepct,RED,8,2011,NJ,PC:P9,TOTAL,All students,315.29599609375,0,1
statepct,RED,8,2011,NM,PC:P1,TOTAL,All students,212.559997558594,0,1
statepct,RED,8,2011,NM,PC:P2,TOTAL,All students,235.436001586914,0,1
statepct,RED,8,2011,NM,PC:P5,TOTAL,All students,257.817999267578,0,1
statepct,RED,8,2011,NM,PC:P9,TOTAL,All students,295.667999267578,0,1
statepct,RED,8,2011,NV,PC:P1,TOTAL,All students,212.327996826172,0,1
statepct,RED,8,2011,NV,PC:P2,TOTAL,All students,236.713995361328,0,1
statepct,RED,8,2011,NV,PC:P5,TOTAL,All students,260.667999267578,0,1
statepct,RED,8,2011,NV,PC:P9,TOTAL,All students,301.357995605469,0,1
statepct,RED,8,2011,NY,PC:P1,TOTAL,All students,219.801998901367,0,1
statepct,RED,8,2011,NY,PC:P2,TOTAL,All students,244.497998046875,0,1
statepct,RED,8,2011,NY,PC:P5,TOTAL,All students,268.028009033203,0,1
statepct,RED,8,2011,NY,PC:P9,TOTAL,All students,308.261999511719,0,1
statepct,RED,8,2011,OH,PC:P1,TOTAL,All students,225.182000732422,0,1
statepct,RED,8,2011,OH,PC:P2,TOTAL,All students,248.379995727539,0,1
statepct,RED,8,2011,OH,PC:P5,TOTAL,All students,270.365997314453,0,1
statepct,RED,8,2011,OH,PC:P9,TOTAL,All students,308.398004150391,0,1
statepct,RED,8,2011,OK,PC:P1,TOTAL,All students,217.453997802735,0,1
statepct,RED,8,2011,OK,PC:P2,TOTAL,All students,240.132000732422,0,1
statepct,RED,8,2011,OK,PC:P5,TOTAL,All students,262.609997558594,0,1
statepct,RED,8,2011,OK,PC:P9,TOTAL,All students,299.724005126953,0,1
statepct,RED,8,2011,OR,PC:P1,TOTAL,All students,219.409997558594,0,1
statepct,RED,8,2011,OR,PC:P2,TOTAL,All students,243.992001342773,0,1
statepct,RED,8,2011,OR,PC:P5,TOTAL,All students,266.641998291016,0,1
statepct,RED,8,2011,OR,PC:P9,TOTAL,All students,306.25199584961,0,1
statepct,RED,8,2011,PA,PC:P1,TOTAL,All students,221.02399597168,0,1
statepct,RED,8,2011,PA,PC:P2,TOTAL,All students,245.729998779297,0,1
statepct,RED,8,2011,PA,PC:P5,TOTAL,All students,270.511999511719,0,1
statepct,RED,8,2011,PA,PC:P9,TOTAL,All students,310.039996337891,0,1
statepct,RED,8,2013,MT,PC:P1,TOTAL,All students,231.453498840332,0,1
statepct,RED,8,2013,MT,PC:P2,TOTAL,All students,253.761000823975,0,1
statepct,RED,8,2013,MT,PC:P5,TOTAL,All students,274.223497009277,0,1
statepct,RED,8,2013,MT,PC:P9,TOTAL,All students,308.983000183106,0,1
statepct,RED,8,2013,NC,PC:P1,TOTAL,All students,219.789499664307,0,1
statepct,RED,8,2013,NC,PC:P2,TOTAL,All students,243.720498657227,0,1
statepct,RED,8,2013,NC,PC:P5,TOTAL,All students,266.488005065918,0,1
statepct,RED,8,2013,NC,PC:P9,TOTAL,All students,307.117997741699,0,1
statepct,RED,8,2013,ND,PC:P1,TOTAL,All students,229.581999969483,0,1
statepct,RED,8,2013,ND,PC:P2,TOTAL,All students,249.195999145508,0,1
statepct,RED,8,2013,ND,PC:P5,TOTAL,All students,269.528002929688,0,1
statepct,RED,8,2013,ND,PC:P9,TOTAL,All students,304.205999755859,0,1
statepct,RED,8,2013,NE,PC:P1,TOTAL,All students,228.067999267578,0,1
statepct,RED,8,2013,NE,PC:P2,TOTAL,All students,249.461498260498,0,1
statepct,RED,8,2013,NE,PC:P5,TOTAL,All students,270.912997436524,0,1
statepct,RED,8,2013,NE,PC:P9,TOTAL,All students,307.924502563477,0,1
statepct,RED,8,2013,NH,PC:P1,TOTAL,All students,231.866500854492,0,1
statepct,RED,8,2013,NH,PC:P2,TOTAL,All students,254.249500274658,0,1
statepct,RED,8,2013,NH,PC:P5,TOTAL,All students,276.000498962403,0,1
statepct,RED,8,2013,NH,PC:P9,TOTAL,All students,314.311996459961,0,1
statepct,RED,8,2013,NJ,PC:P1,TOTAL,All students,234.648001098633,0,1
statepct,RED,8,2013,NJ,PC:P2,TOTAL,All students,256.220500946045,0,1
statepct,RED,8,2013,NJ,PC:P5,TOTAL,All students,278.04049987793,0,1
statepct,RED,8,2013,NJ,PC:P9,TOTAL,All students,316.524502563477,0,1
statepct,RED,8,2013,NM,PC:P1,TOTAL,All students,214.067500305176,0,1
statepct,RED,8,2013,NM,PC:P2,TOTAL,All students,235.313499450684,0,1
statepct,RED,8,2013,NM,PC:P5,TOTAL,All students,257.49949798584,0,1
statepct,RED,8,2013,NM,PC:P9,TOTAL,All students,296.257499694824,0,1
statepct,RED,8,2013,NV,PC:P1,TOTAL,All students,215.459999084473,0,1
statepct,RED,8,2013,NV,PC:P2,TOTAL,All students,240.035500335693,0,1
statepct,RED,8,2013,NV,PC:P5,TOTAL,All students,264.01549987793,0,1
statepct,RED,8,2013,NV,PC:P9,TOTAL,All students,304.682501220703,0,1
statepct,RED,8,2013,NY,PC:P1,TOTAL,All students,219.821001434326,0,1
statepct,RED,8,2013,NY,PC:P2,TOTAL,All students,244.411000061035,0,1
statepct,RED,8,2013,NY,PC:P5,TOTAL,All students,268.218000793457,0,1
statepct,RED,8,2013,NY,PC:P9,TOTAL,All students,310.199499511719,0,1
statepct,RED,8,2013,OH,PC:P1,TOTAL,All students,223.802500152588,0,1
statepct,RED,8,2013,OH,PC:P2,TOTAL,All students,247.637499237061,0,1
statepct,RED,8,2013,OH,PC:P5,TOTAL,All students,271.333502197266,0,1
statepct,RED,8,2013,OH,PC:P9,TOTAL,All students,311.764001464844,0,1
statepct,RED,8,2013,OK,PC:P1,TOTAL,All students,219.771499633789,0,1
statepct,RED,8,2013,OK,PC:P2,TOTAL,All students,242.561500549316,0,1
statepct,RED,8,2013,OK,PC:P5,TOTAL,All students,264.422001647949,0,1
statepct,RED,8,2013,OK,PC:P9,TOTAL,All students,301.530499267578,0,1
statepct,RED,8,2013,OR,PC:P1,TOTAL,All students,225.316999816895,0,1
statepct,RED,8,2013,OR,PC:P2,TOTAL,All students,247.944000244141,0,1
statepct,RED,8,2013,OR,PC:P5,TOTAL,All students,270.509497070313,0,1
statepct,RED,8,2013,OR,PC:P9,TOTAL,All students,309.187501525879,0,1
statepct,RED,8,2013,PA,PC:P1,TOTAL,All students,227.031500244141,0,1
statepct,RED,8,2013,PA,PC:P2,TOTAL,All students,251.16199798584,0,1
statepct,RED,8,2013,PA,PC:P5,TOTAL,All students,274.584001159668,0,1
statepct,RED,8,2013,PA,PC:P9,TOTAL,All students,313.229501342773,0,1
statepct,RED,8,2015,MT,PC:P1,TOTAL,All students,230.967001342774,0,1
statepct,RED,8,2015,MT,PC:P2,TOTAL,All students,251.15899887085,0,1
statepct,RED,8,2015,MT,PC:P5,TOTAL,All students,271.371998596192,0,1
statepct,RED,8,2015,MT,PC:P9,TOTAL,All students,307.391499328613,0,1
statepct,RED,8,2015,NC,PC:P1,TOTAL,All students,210.524001312256,0,1
statepct,RED,8,2015,NC,PC:P2,TOTAL,All students,238.835500335693,0,1
statepct,RED,8,2015,NC,PC:P5,TOTAL,All students,264.090501403809,0,1
statepct,RED,8,2015,NC,PC:P9,TOTAL,All students,305.501997375488,0,1
statepct,RED,8,2015,ND,PC:P1,TOTAL,All students,227.888500976563,0,1
statepct,RED,8,2015,ND,PC:P2,TOTAL,All students,248.829998779297,0,1
statepct,RED,8,2015,ND,PC:P5,TOTAL,All students,269.26499786377,0,1
statepct,RED,8,2015,ND,PC:P9,TOTAL,All students,303.043997192383,0,1
statepct,RED,8,2015,NE,PC:P1,TOTAL,All students,227.272501373291,0,1
statepct,RED,8,2015,NE,PC:P2,TOTAL,All students,250.71549911499,0,1
statepct,RED,8,2015,NE,PC:P5,TOTAL,All students,272.121499633789,0,1
statepct,RED,8,2015,NE,PC:P9,TOTAL,All students,307.783995056152,0,1
statepct,RED,8,2015,NH,PC:P1,TOTAL,All students,234.101499176025,0,1
statepct,RED,8,2015,NH,PC:P2,TOTAL,All students,255.545000457764,0,1
statepct,RED,8,2015,NH,PC:P5,TOTAL,All students,277.196501159668,0,1
statepct,RED,8,2015,NH,PC:P9,TOTAL,All students,312.965000915528,0,1
statepct,RED,8,2015,NJ,PC:P1,TOTAL,All students,225.025,0,1
statepct,RED,8,2015,NJ,PC:P2,TOTAL,All students,249.306999969482,0,1
statepct,RED,8,2015,NJ,PC:P5,TOTAL,All students,272.967498779297,0,1
statepct,RED,8,2015,NJ,PC:P9,TOTAL,All students,313.894996643066,0,1
statepct,RED,8,2015,NM,PC:P1,TOTAL,All students,209.144500732422,0,1
statepct,RED,8,2015,NM,PC:P2,TOTAL,All students,232.926999664307,0,1
statepct,RED,8,2015,NM,PC:P5,TOTAL,All students,255.646000671387,0,1
statepct,RED,8,2015,NM,PC:P9,TOTAL,All students,293.662498474121,0,1
statepct,RED,8,2015,NV,PC:P1,TOTAL,All students,214.418999481201,0,1
statepct,RED,8,2015,NV,PC:P2,TOTAL,All students,238.192998504639,0,1
statepct,RED,8,2015,NV,PC:P5,TOTAL,All students,261.884498596192,0,1
statepct,RED,8,2015,NV,PC:P9,TOTAL,All students,301.248002624512,0,1
statepct,RED,8,2015,NY,PC:P1,TOTAL,All students,214.805001068115,0,1
statepct,RED,8,2015,NY,PC:P2,TOTAL,All students,240.363999938965,0,1
statepct,RED,8,2015,NY,PC:P5,TOTAL,All students,265.548997497559,0,1
statepct,RED,8,2015,NY,PC:P9,TOTAL,All students,307.756500244141,0,1
statepct,RED,8,2015,OH,PC:P1,TOTAL,All students,219.983999633789,0,1
statepct,RED,8,2015,OH,PC:P2,TOTAL,All students,244.056499481201,0,1
statepct,RED,8,2015,OH,PC:P5,TOTAL,All students,268.401498413086,0,1
statepct,RED,8,2015,OH,PC:P9,TOTAL,All students,308.844000244141,0,1
statepct,RED,8,2015,OK,PC:P1,TOTAL,All students,221.013999176025,0,1
statepct,RED,8,2015,OK,PC:P2,TOTAL,All students,244.253000640869,0,1
statepct,RED,8,2015,OK,PC:P5,TOTAL,All students,266.168502807617,0,1
statepct,RED,8,2015,OK,PC:P9,TOTAL,All students,300.43800201416,0,1
statepct,RED,8,2015,OR,PC:P1,TOTAL,All students,224.466499328613,0,1
statepct,RED,8,2015,OR,PC:P2,TOTAL,All students,247.365999603272,0,1
statepct,RED,8,2015,OR,PC:P5,TOTAL,All students,269.633502197266,0,1
statepct,RED,8,2015,OR,PC:P9,TOTAL,All students,308.830505371094,0,1
statepct,RED,8,2015,PA,PC:P1,TOTAL,All students,221.903999328613,0,1
statepct,RED,8,2015,PA,PC:P2,TOTAL,All students,246.366998291016,0,1
statepct,RED,8,2015,PA,PC:P5,TOTAL,All students,271.607998657227,0,1
statepct,RED,8,2015,PA,PC:P9,TOTAL,All students,311.613497924805,0,1
statepct,RED,8,2017,MT,PC:P1,TOTAL,All students,224.95350112915,0,1
statepct,RED,8,2017,MT,PC:P2,TOTAL,All students,247.922001647949,0,1
statepct,RED,8,2017,MT,PC:P5,TOTAL,All students,269.785000610352,0,1
statepct,RED,8,2017,MT,PC:P9,TOTAL,All students,305.54400177002,0,1
statepct,RED,8,2017,NC,PC:P1,TOTAL,All students,213.020001983643,0,1
statepct,RED,8,2017,NC,PC:P2,TOTAL,All students,241.235501098633,0,1
statepct,RED,8,2017,NC,PC:P5,TOTAL,All students,265.749501037598,0,1
statepct,RED,8,2017,NC,PC:P9,TOTAL,All students,307.054000854492,0,1
statepct,RED,8,2017,ND,PC:P1,TOTAL,All students,222.066000366211,0,1
statepct,RED,8,2017,ND,PC:P2,TOTAL,All students,245.971000671387,0,1
statepct,RED,8,2017,ND,PC:P5,TOTAL,All students,267.983500671387,0,1
statepct,RED,8,2017,ND,PC:P9,TOTAL,All students,303.653001403809,0,1
statepct,RED,8,2017,NE,PC:P1,TOTAL,All students,223.184499359131,0,1
statepct,RED,8,2017,NE,PC:P2,TOTAL,All students,248.383999633789,0,1
statepct,RED,8,2017,NE,PC:P5,TOTAL,All students,271.616499328613,0,1
statepct,RED,8,2017,NE,PC:P9,TOTAL,All students,308.873500061035,0,1
statepct,RED,8,2017,NH,PC:P1,TOTAL,All students,230.948500061035,0,1
statepct,RED,8,2017,NH,PC:P2,TOTAL,All students,254.334999084473,0,1
statepct,RED,8,2017,NH,PC:P5,TOTAL,All students,277.218000793457,0,1
statepct,RED,8,2017,NH,PC:P9,TOTAL,All students,314.08150177002,0,1
statepct,RED,8,2017,NJ,PC:P1,TOTAL,All students,225.96900100708,0,1
statepct,RED,8,2017,NJ,PC:P2,TOTAL,All students,252.543000793457,0,1
statepct,RED,8,2017,NJ,PC:P5,TOTAL,All students,278.040998840332,0,1
statepct,RED,8,2017,NJ,PC:P9,TOTAL,All students,319.987997436524,0,1
statepct,RED,8,2017,NM,PC:P1,TOTAL,All students,207.933999633789,0,1
statepct,RED,8,2017,NM,PC:P2,TOTAL,All students,232.863000488281,0,1
statepct,RED,8,2017,NM,PC:P5,TOTAL,All students,257.721499633789,0,1
statepct,RED,8,2017,NM,PC:P9,TOTAL,All students,299.771003723145,0,1
statepct,RED,8,2017,NV,PC:P1,TOTAL,All students,213.804000854492,0,1
statepct,RED,8,2017,NV,PC:P2,TOTAL,All students,238.502500915527,0,1
statepct,RED,8,2017,NV,PC:P5,TOTAL,All students,262.663497924805,0,1
statepct,RED,8,2017,NV,PC:P9,TOTAL,All students,302.15299987793,0,1
statepct,RED,8,2017,NY,PC:P1,TOTAL,All students,214.573500061035,0,1
statepct,RED,8,2017,NY,PC:P2,TOTAL,All students,240.515000152588,0,1
statepct,RED,8,2017,NY,PC:P5,TOTAL,All students,266.706500244141,0,1
statepct,RED,8,2017,NY,PC:P9,TOTAL,All students,310.026998901367,0,1
statepct,RED,8,2017,OH,PC:P1,TOTAL,All students,219.021499633789,0,1
statepct,RED,8,2017,OH,PC:P2,TOTAL,All students,245.25,0,1
statepct,RED,8,2017,OH,PC:P5,TOTAL,All students,271.380500793457,0,1
statepct,RED,8,2017,OH,PC:P9,TOTAL,All students,312.873500061035,0,1
statepct,RED,8,2017,OK,PC:P1,TOTAL,All students,218.21250076294,0,1
statepct,RED,8,2017,OK,PC:P2,TOTAL,All students,241.748499298096,0,1
statepct,RED,8,2017,OK,PC:P5,TOTAL,All students,263.908996582031,0,1
statepct,RED,8,2017,OK,PC:P9,TOTAL,All students,300.346501159668,0,1
statepct,RED,8,2017,OR,PC:P1,TOTAL,All students,217.757499694824,0,1
statepct,RED,8,2017,OR,PC:P2,TOTAL,All students,244.662000274658,0,1
statepct,RED,8,2017,OR,PC:P5,TOTAL,All students,268.991496276855,0,1
statepct,RED,8,2017,OR,PC:P9,TOTAL,All students,310.040997314453,0,1
statepct,RED,8,2017,PA,PC:P1,TOTAL,All students,220.989499664307,0,1
statepct,RED,8,2017,PA,PC:P2,TOTAL,All students,247.510999298096,0,1
statepct,RED,8,2017,PA,PC:P5,TOTAL,All students,272.388996887207,0,1
statepct,RED,8,2017,PA,PC:P9,TOTAL,All students,313.487496948242,0,1
statepct,RED,8,2019,MT,PC:P1,TOTAL,All students,218.061500549316,0,1
statepct,RED,8,2019,MT,PC:P2,TOTAL,All students,244.091499328613,0,1
statepct,RED,8,2019,MT,PC:P5,TOTAL,All students,268.183999633789,0,1
statepct,RED,8,2019,MT,PC:P9,TOTAL,All students,306.810002136231,0,1
statepct,RED,8,2019,NC,PC:P1,TOTAL,All students,211.857499694824,0,1
statepct,RED,8,2019,NC,PC:P2,TOTAL,All students,239.291999053955,0,1
statepct,RED,8,2019,NC,PC:P5,TOTAL,All students,265.209001159668,0,1
statepct,RED,8,2019,NC,PC:P9,TOTAL,All students,308.763497924805,0,1
statepct,RED,8,2019,ND,PC:P1,TOTAL,All students,218.26549987793,0,1
statepct,RED,8,2019,ND,PC:P2,TOTAL,All students,242.783000946045,0,1
statepct,RED,8,2019,ND,PC:P5,TOTAL,All students,266.969499206543,0,1
statepct,RED,8,2019,ND,PC:P9,TOTAL,All students,302.329498291016,0,1
statepct,RED,8,2019,NE,PC:P1,TOTAL,All students,216.542501068115,0,1
statepct,RED,8,2019,NE,PC:P2,TOTAL,All students,242.027499389649,0,1
statepct,RED,8,2019,NE,PC:P5,TOTAL,All students,267.040501403809,0,1
statepct,RED,8,2019,NE,PC:P9,TOTAL,All students,306.858500671387,0,1
statepct,RED,8,2019,NH,PC:P1,TOTAL,All students,222.200500488281,0,1
statepct,RED,8,2019,NH,PC:P2,TOTAL,All students,246.701501464844,0,1
statepct,RED,8,2019,NH,PC:P5,TOTAL,All students,270.585499572754,0,1
statepct,RED,8,2019,NH,PC:P9,TOTAL,All students,310.32850189209,0,1
statepct,RED,8,2019,NJ,PC:P1,TOTAL,All students,214.882498931885,0,1
statepct,RED,8,2019,NJ,PC:P2,TOTAL,All students,245.350499725342,0,1
statepct,RED,8,2019,NJ,PC:P5,TOTAL,All students,273.919500732422,0,1
statepct,RED,8,2019,NJ,PC:P9,TOTAL,All students,320.76549987793,0,1
statepct,RED,8,2019,NM,PC:P1,TOTAL,All students,199.150498199463,0,1
statepct,RED,8,2019,NM,PC:P2,TOTAL,All students,226.077000427246,0,1
statepct,RED,8,2019,NM,PC:P5,TOTAL,All students,254.138998413086,0,1
statepct,RED,8,2019,NM,PC:P9,TOTAL,All students,300.213499450684,0,1
statepct,RED,8,2019,NV,PC:P1,TOTAL,All students,206.569998168945,0,1
statepct,RED,8,2019,NV,PC:P2,TOTAL,All students,234.890000152588,0,1
statepct,RED,8,2019,NV,PC:P5,TOTAL,All students,261.749003601074,0,1
statepct,RED,8,2019,NV,PC:P9,TOTAL,All students,303.243002319336,0,1
statepct,RED,8,2019,NY,PC:P1,TOTAL,All students,210.491499328613,0,1
statepct,RED,8,2019,NY,PC:P2,TOTAL,All students,237.118501281738,0,1
statepct,RED,8,2019,NY,PC:P5,TOTAL,All students,264.469500732422,0,1
statepct,RED,8,2019,NY,PC:P9,TOTAL,All students,308.668002319336,0,1
statepct,RED,8,2019,OH,PC:P1,TOTAL,All students,216.954000091553,0,1
statepct,RED,8,2019,OH,PC:P2,TOTAL,All students,243.260499572754,0,1
statepct,RED,8,2019,OH,PC:P5,TOTAL,All students,269.858497619629,0,1
statepct,RED,8,2019,OH,PC:P9,TOTAL,All students,313.121998596192,0,1
statepct,RED,8,2019,OK,PC:P1,TOTAL,All students,213.016500091553,0,1
statepct,RED,8,2019,OK,PC:P2,TOTAL,All students,239.063500213623,0,1
statepct,RED,8,2019,OK,PC:P5,TOTAL,All students,261.682000732422,0,1
statepct,RED,8,2019,OK,PC:P9,TOTAL,All students,297.865000915528,0,1
statepct,RED,8,2019,OR,PC:P1,TOTAL,All students,213.556001281738,0,1
statepct,RED,8,2019,OR,PC:P2,TOTAL,All students,239.969998931885,0,1
statepct,RED,8,2019,OR,PC:P5,TOTAL,All students,266.64049987793,0,1
statepct,RED,8,2019,OR,PC:P9,TOTAL,All students,310.104997253418,0,1
statepct,RED,8,2019,PA,PC:P1,TOTAL,All students,213.051000213623,0,1
statepct,RED,8,2019,PA,PC:P2,TOTAL,All students,240.223500823975,0,1
statepct,RED,8,2019,PA,PC:P5,TOTAL,All students,266.870504760742,0,1
statepct,RED,8,2019,PA,PC:P9,TOTAL,All students,311.04049987793,0,1
statepct,RED,8,2022,MT,PC:P1,TOTAL,All students,215.6125,0,1
statepct,RED,8,2022,MT,PC:P2,TOTAL,All students,239.694499206543,0,1
statepct,RED,8,2022,MT,PC:P5,TOTAL,All students,262.985000610351,0,1
statepct,RED,8,2022,MT,PC:P9,TOTAL,All students,303.973001098633,0,1
statepct,RED,8,2022,NC,PC:P1,TOTAL,All students,206.732998657227,0,1
statepct,RED,8,2022,NC,PC:P2,TOTAL,All students,232.178999328613,0,1
statepct,RED,8,2022,NC,PC:P5,TOTAL,All students,258.098001098633,0,1
statepct,RED,8,2022,NC,PC:P9,TOTAL,All students,302.303997802735,0,1
statepct,RED,8,2022,ND,PC:P1,TOTAL,All students,210.28450012207,0,1
statepct,RED,8,2022,ND,PC:P2,TOTAL,All students,236.111499786377,0,1
statepct,RED,8,2022,ND,PC:P5,TOTAL,All students,260.869996643066,0,1
statepct,RED,8,2022,ND,PC:P9,TOTAL,All students,301.369998168945,0,1
statepct,RED,8,2022,NE,PC:P1,TOTAL,All students,209.902500152588,0,1
statepct,RED,8,2022,NE,PC:P2,TOTAL,All students,236.521500396729,0,1
statepct,RED,8,2022,NE,PC:P5,TOTAL,All students,262.248999023438,0,1
statepct,RED,8,2022,NE,PC:P9,TOTAL,All students,303.497500610352,0,1
statepct,RED,8,2022,NH,PC:P1,TOTAL,All students,214.419999694824,0,1
statepct,RED,8,2022,NH,PC:P2,TOTAL,All students,240.161000823975,0,1
statepct,RED,8,2022,NH,PC:P5,TOTAL,All students,265.304501342774,0,1
statepct,RED,8,2022,NH,PC:P9,TOTAL,All students,308.079002380371,0,1
statepct,RED,8,2022,NJ,PC:P1,TOTAL,All students,218.428500366211,0,1
statepct,RED,8,2022,NJ,PC:P2,TOTAL,All students,245.402001190186,0,1
statepct,RED,8,2022,NJ,PC:P5,TOTAL,All students,272.833000183106,0,1
statepct,RED,8,2022,NJ,PC:P9,TOTAL,All students,316.613000488281,0,1
statepct,RED,8,2022,NM,PC:P1,TOTAL,All students,198.421500396729,0,1
statepct,RED,8,2022,NM,PC:P2,TOTAL,All students,223.647501373291,0,1
statepct,RED,8,2022,NM,PC:P5,TOTAL,All students,249.992998504639,0,1
statepct,RED,8,2022,NM,PC:P9,TOTAL,All students,293.438499450684,0,1
statepct,RED,8,2022,NV,PC:P1,TOTAL,All students,208.537499237061,0,1
statepct,RED,8,2022,NV,PC:P2,TOTAL,All students,234.898497772217,0,1
statepct,RED,8,2022,NV,PC:P5,TOTAL,All students,261.944000244141,0,1
statepct,RED,8,2022,NV,PC:P9,TOTAL,All students,305.291999816895,0,1
statepct,RED,8,2022,NY,PC:P1,TOTAL,All students,209.761499023437,0,1
statepct,RED,8,2022,NY,PC:P2,TOTAL,All students,236.545001220703,0,1
statepct,RED,8,2022,NY,PC:P5,TOTAL,All students,263.603500366211,0,1
statepct,RED,8,2022,NY,PC:P9,TOTAL,All students,310.320001220703,0,1
statepct,RED,8,2022,OH,PC:P1,TOTAL,All students,210.005001068115,0,1
statepct,RED,8,2022,OH,PC:P2,TOTAL,All students,237.801499176025,0,1
statepct,RED,8,2022,OH,PC:P5,TOTAL,All students,264.872500610352,0,1
statepct,RED,8,2022,OH,PC:P9,TOTAL,All students,309.070498657227,0,1
statepct,RED,8,2022,OK,PC:P1,TOTAL,All students,201.681998443604,0,1
statepct,RED,8,2022,OK,PC:P2,TOTAL,All students,227.973000335693,0,1
statepct,RED,8,2022,OK,PC:P5,TOTAL,All students,254.630500793457,0,1
statepct,RED,8,2022,OK,PC:P9,TOTAL,All students,295.803503417969,0,1
statepct,RED,8,2022,OR,PC:P1,TOTAL,All students,206.195998382568,0,1
statepct,RED,8,2022,OR,PC:P2,TOTAL,All students,233.099001312256,0,1
statepct,RED,8,2022,OR,PC:P5,TOTAL,All students,260.418998718262,0,1
statepct,RED,8,2022,OR,PC:P9,TOTAL,All students,302.041999816895,0,1
statepct,RED,8,2022,PA,PC:P1,TOTAL,All students,205.12550201416,0,1
statepct,RED,8,2022,PA,PC:P2,TOTAL,All students,233.761000823975,0,1
statepct,RED,8,2022,PA,PC:P5,TOTAL,All students,261.84649810791,0,1
statepct,RED,8,2022,PA,PC:P9,TOTAL,All students,307.997500610352,0,1
statepct,RED,8,2024,MT,PC:P1,TOTAL,All students,210.759999847412,0,1
statepct,RED,8,2024,MT,PC:P2,TOTAL,All students,236.618500518799,0,1
statepct,RED,8,2024,MT,PC:P5,TOTAL,All students,263.580497741699,0,1
statepct,RED,8,2024,MT,PC:P9,TOTAL,All students,306.118997192383,0,1
statepct,RED,8,2024,NC,PC:P1,TOTAL,All students,200.185499572754,0,1
statepct,RED,8,2024,NC,PC:P2,TOTAL,All students,229.802501678467,0,1
statepct,RED,8,2024,NC,PC:P5,TOTAL,All students,258.307002258301,0,1
statepct,RED,8,2024,NC,PC:P9,TOTAL,All students,303.515998840332,0,1
statepct,RED,8,2024,ND,PC:P1,TOTAL,All students,211.826998138428,0,1
statepct,RED,8,2024,ND,PC:P2,TOTAL,All students,235.942000579834,0,1
statepct,RED,8,2024,ND,PC:P5,TOTAL,All students,260.457502746582,0,1
statepct,RED,8,2024,ND,PC:P9,TOTAL,All students,298.345497131348,0,1
statepct,RED,8,2024,NE,PC:P1,TOTAL,All students,203.953500366211,0,1
statepct,RED,8,2024,NE,PC:P2,TOTAL,All students,232.3375,0,1
statepct,RED,8,2024,NE,PC:P5,TOTAL,All students,259.798501586914,0,1
statepct,RED,8,2024,NE,PC:P9,TOTAL,All students,302.511999511719,0,1
statepct,RED,8,2024,NH,PC:P1,TOTAL,All students,214.841000366211,0,1
statepct,RED,8,2024,NH,PC:P2,TOTAL,All students,241.22200088501,0,1
statepct,RED,8,2024,NH,PC:P5,TOTAL,All students,266.717500305176,0,1
statepct,RED,8,2024,NH,PC:P9,TOTAL,All students,307.928001403809,0,1
statepct,RED,8,2024,NJ,PC:P1,TOTAL,All students,208.874001312256,0,1
statepct,RED,8,2024,NJ,PC:P2,TOTAL,All students,239.866999816895,0,1
statepct,RED,8,2024,NJ,PC:P5,TOTAL,All students,269.473500061035,0,1
statepct,RED,8,2024,NJ,PC:P9,TOTAL,All students,316.761502075195,0,1
statepct,RED,8,2024,NM,PC:P1,TOTAL,All students,192.578498077393,0,1
statepct,RED,8,2024,NM,PC:P2,TOTAL,All students,219.389001464844,0,1
statepct,RED,8,2024,NM,PC:P5,TOTAL,All students,246.854499053955,0,1
statepct,RED,8,2024,NM,PC:P9,TOTAL,All students,294.444497680664,0,1
statepct,RED,8,2024,NV,PC:P1,TOTAL,All students,198.280000305176,0,1
statepct,RED,8,2024,NV,PC:P2,TOTAL,All students,226.747499847412,0,1
statepct,RED,8,2024,NV,PC:P5,TOTAL,All students,255.614998626709,0,1
statepct,RED,8,2024,NV,PC:P9,TOTAL,All students,303.670497131348,0,1
statepct,RED,8,2024,NY,PC:P1,TOTAL,All students,196.931001281738,0,1
statepct,RED,8,2024,NY,PC:P2,TOTAL,All students,228.571499633789,0,1
statepct,RED,8,2024,NY,PC:P5,TOTAL,All students,260.536502075195,0,1
statepct,RED,8,2024,NY,PC:P9,TOTAL,All students,310.563497924805,0,1
statepct,RED,8,2024,OH,PC:P1,TOTAL,All students,208.79049911499,0,1
statepct,RED,8,2024,OH,PC:P2,TOTAL,All students,236.161499786377,0,1
statepct,RED,8,2024,OH,PC:P5,TOTAL,All students,263.085998535156,0,1
statepct,RED,8,2024,OH,PC:P9,TOTAL,All students,308.635494995117,0,1
statepct,RED,8,2024,OK,PC:P1,TOTAL,All students,196.311499786377,0,1
statepct,RED,8,2024,OK,PC:P2,TOTAL,All students,224.185498809814,0,1
statepct,RED,8,2024,OK,PC:P5,TOTAL,All students,251.967499542236,0,1
statepct,RED,8,2024,OK,PC:P9,TOTAL,All students,294.978001403809,0,1
statepct,RED,8,2024,OR,PC:P1,TOTAL,All students,200.103499603272,0,1
statepct,RED,8,2024,OR,PC:P2,TOTAL,All students,229.891999053955,0,1
statepct,RED,8,2024,OR,PC:P5,TOTAL,All students,258.775004577637,0,1
statepct,RED,8,2024,OR,PC:P9,TOTAL,All students,303.019497680664,0,1
statepct,RED,8,2024,PA,PC:P1,TOTAL,All students,203.810499572754,0,1
statepct,RED,8,2024,PA,PC:P2,TOTAL,All students,234.868497467041,0,1
statepct,RED,8,2024,PA,PC:P5,TOTAL,All students,263.037501525879,0,1
statepct,RED,8,2024,PA,PC:P9,TOTAL,All students,307.158003234863,0,1
statepct,RED,8,2003,RI,PC:P1,TOTAL,All students,213.47200012207,0,1
statepct,RED,8,2003,RI,PC:P2,TOTAL,All students,238.301998901367,0,1
statepct,RED,8,2003,RI,PC:P5,TOTAL,All students,263.338000488281,0,1
statepct,RED,8,2003,RI,PC:P9,TOTAL,All students,303.615997314453,0,1
statepct,RED,8,2003,SC,PC:P1,TOTAL,All students,215.592001342773,0,1
statepct,RED,8,2003,SC,PC:P2,TOTAL,All students,237.164001464844,0,1
statepct,RED,8,2003,SC,PC:P5,TOTAL,All students,258.926007080078,0,1
statepct,RED,8,2003,SC,PC:P9,TOTAL,All students,298.594006347656,0,1
statepct,RED,8,2003,SD,PC:P1,TOTAL,All students,229.424002075195,0,1
statepct,RED,8,2003,SD,PC:P2,TOTAL,All students,250.648001098633,0,1
statepct,RED,8,2003,SD,PC:P5,TOTAL,All students,272.315997314453,0,1
statepct,RED,8,2003,SD,PC:P9,TOTAL,All students,307.752008056641,0,1
statepct,RED,8,2003,TN,PC:P1,TOTAL,All students,213.584002685547,0,1
statepct,RED,8,2003,TN,PC:P2,TOTAL,All students,236.283999633789,0,1
statepct,RED,8,2003,TN,PC:P5,TOTAL,All students,260.29599609375,0,1
statepct,RED,8,2003,TN,PC:P9,TOTAL,All students,299.802001953125,0,1
statepct,RED,8,2003,TX,PC:P1,TOTAL,All students,215.589996337891,0,1
statepct,RED,8,2003,TX,PC:P2,TOTAL,All students,238.387997436523,0,1
statepct,RED,8,2003,TX,PC:P5,TOTAL,All students,260.426000976563,0,1
statepct,RED,8,2003,TX,PC:P9,TOTAL,All students,300.337994384766,0,1
statepct,RED,8,2003,UT,PC:P1,TOTAL,All students,221.25599975586,0,1
statepct,RED,8,2003,UT,PC:P2,TOTAL,All students,244.670001220703,0,1
statepct,RED,8,2003,UT,PC:P5,TOTAL,All students,267.539996337891,0,1
statepct,RED,8,2003,UT,PC:P9,TOTAL,All students,303.302001953125,0,1
statepct,RED,8,2003,VA,PC:P1,TOTAL,All students,225.641995239258,0,1
statepct,RED,8,2003,VA,PC:P2,TOTAL,All students,247.470001220703,0,1
statepct,RED,8,2003,VA,PC:P5,TOTAL,All students,269.573999023437,0,1
statepct,RED,8,2003,VA,PC:P9,TOTAL,All students,308.105999755859,0,1
statepct,RED,8,2003,VT,PC:P1,TOTAL,All students,228.496002197266,0,1
statepct,RED,8,2003,VT,PC:P2,TOTAL,All students,250.703997802734,0,1
statepct,RED,8,2003,VT,PC:P5,TOTAL,All students,272.378002929687,0,1
statepct,RED,8,2003,VT,PC:P9,TOTAL,All students,310.298004150391,0,1
statepct,RED,8,2003,WA,PC:P1,TOTAL,All students,218.655999755859,0,1
statepct,RED,8,2003,WA,PC:P2,TOTAL,All students,243.787997436524,0,1
statepct,RED,8,2003,WA,PC:P5,TOTAL,All students,267.256005859375,0,1
statepct,RED,8,2003,WA,PC:P9,TOTAL,All students,306.083996582031,0,1
statepct,RED,8,2003,WI,PC:P1,TOTAL,All students,220.274002075195,0,1
statepct,RED,8,2003,WI,PC:P2,TOTAL,All students,245.981997680664,0,1
statepct,RED,8,2003,WI,PC:P5,TOTAL,All students,270.332000732422,0,1
statepct,RED,8,2003,WI,PC:P9,TOTAL,All students,306.609997558594,0,1
statepct,RED,8,2003,WV,PC:P1,TOTAL,All students,219.819998168946,0,1
statepct,RED,8,2003,WV,PC:P2,TOTAL,All students,239.576000976562,0,1
statepct,RED,8,2003,WV,PC:P5,TOTAL,All students,260.705993652344,0,1
statepct,RED,8,2003,WV,PC:P9,TOTAL,All students,298.346002197266,0,1
statepct,RED,8,2003,WY,PC:P1,TOTAL,All students,227.095999145508,0,1
statepct,RED,8,2003,WY,PC:P2,TOTAL,All students,247.792001342774,0,1
statepct,RED,8,2003,WY,PC:P5,TOTAL,All students,268.656005859375,0,1
statepct,RED,8,2003,WY,PC:P9,TOTAL,All students,304.732000732422,0,1
statepct,RED,8,2005,RI,PC:P1,TOTAL,All students,215.059997558594,0,1
statepct,RED,8,2005,RI,PC:P2,TOTAL,All students,238.655999755859,0,1
statepct,RED,8,2005,RI,PC:P5,TOTAL,All students,263.053997802734,0,1
statepct,RED,8,2005,RI,PC:P9,TOTAL,All students,304.790002441406,0,1
statepct,RED,8,2005,SC,PC:P1,TOTAL,All students,212.726000976562,0,1
statepct,RED,8,2005,SC,PC:P2,TOTAL,All students,234.710000610352,0,1
statepct,RED,8,2005,SC,PC:P5,TOTAL,All students,258.405999755859,0,1
statepct,RED,8,2005,SC,PC:P9,TOTAL,All students,299.835998535156,0,1
statepct,RED,8,2005,SD,PC:P1,TOTAL,All students,230.837997436524,0,1
statepct,RED,8,2005,SD,PC:P2,TOTAL,All students,251.194000244141,0,1
statepct,RED,8,2005,SD,PC:P5,TOTAL,All students,270.532000732422,0,1
statepct,RED,8,2005,SD,PC:P9,TOTAL,All students,303.927996826172,0,1
statepct,RED,8,2005,TN,PC:P1,TOTAL,All students,216.184002685547,0,1
statepct,RED,8,2005,TN,PC:P2,TOTAL,All students,238.38200378418,0,1
statepct,RED,8,2005,TN,PC:P5,TOTAL,All students,261.115997314453,0,1
statepct,RED,8,2005,TN,PC:P9,TOTAL,All students,299.423999023438,0,1
statepct,RED,8,2005,TX,PC:P1,TOTAL,All students,211.964001464844,0,1
statepct,RED,8,2005,TX,PC:P2,TOTAL,All students,236.359997558594,0,1
statepct,RED,8,2005,TX,PC:P5,TOTAL,All students,260.440002441406,0,1
statepct,RED,8,2005,TX,PC:P9,TOTAL,All students,301.021990966797,0,1
statepct,RED,8,2005,UT,PC:P1,TOTAL,All students,217.408001708984,0,1
statepct,RED,8,2005,UT,PC:P2,TOTAL,All students,240.730001831055,0,1
statepct,RED,8,2005,UT,PC:P5,TOTAL,All students,264.533996582031,0,1
statepct,RED,8,2005,UT,PC:P9,TOTAL,All students,301.979998779297,0,1
statepct,RED,8,2005,VA,PC:P1,TOTAL,All students,225.061999511719,0,1
statepct,RED,8,2005,VA,PC:P2,TOTAL,All students,247.27600402832,0,1
statepct,RED,8,2005,VA,PC:P5,TOTAL,All students,269.337994384766,0,1
statepct,RED,8,2005,VA,PC:P9,TOTAL,All students,307.755999755859,0,1
statepct,RED,8,2005,VT,PC:P1,TOTAL,All students,225.6,0,1
statepct,RED,8,2005,VT,PC:P2,TOTAL,All students,247.541998291016,0,1
statepct,RED,8,2005,VT,PC:P5,TOTAL,All students,270.95200805664,0,1
statepct,RED,8,2005,VT,PC:P9,TOTAL,All students,309.231994628906,0,1
statepct,RED,8,2005,WA,PC:P1,TOTAL,All students,217.892001342774,0,1
statepct,RED,8,2005,WA,PC:P2,TOTAL,All students,243.540002441406,0,1
statepct,RED,8,2005,WA,PC:P5,TOTAL,All students,267.740008544922,0,1
statepct,RED,8,2005,WA,PC:P9,TOTAL,All students,307.146002197266,0,1
statepct,RED,8,2005,WI,PC:P1,TOTAL,All students,221.142001342774,0,1
statepct,RED,8,2005,WI,PC:P2,TOTAL,All students,245.116000366211,0,1
statepct,RED,8,2005,WI,PC:P5,TOTAL,All students,268.696002197266,0,1
statepct,RED,8,2005,WI,PC:P9,TOTAL,All students,308.429998779297,0,1
statepct,RED,8,2005,WV,PC:P1,TOTAL,All students,210.811999511719,0,1
statepct,RED,8,2005,WV,PC:P2,TOTAL,All students,234.339999389648,0,1
statepct,RED,8,2005,WV,PC:P5,TOTAL,All students,257.398004150391,0,1
statepct,RED,8,2005,WV,PC:P9,TOTAL,All students,296.102001953125,0,1
statepct,RED,8,2005,WY,PC:P1,TOTAL,All students,229.161999511719,0,1
statepct,RED,8,2005,WY,PC:P2,TOTAL,All students,249.429998779297,0,1
statepct,RED,8,2005,WY,PC:P5,TOTAL,All students,270.277996826172,0,1
statepct,RED,8,2005,WY,PC:P9,TOTAL,All students,305.127996826172,0,1
statepct,RED,8,2007,RI,PC:P1,TOTAL,All students,211.296002197266,0,1
statepct,RED,8,2007,RI,PC:P2,TOTAL,All students,236.822003173828,0,1
statepct,RED,8,2007,RI,PC:P5,TOTAL,All students,260.814007568359,0,1
statepct,RED,8,2007,RI,PC:P9,TOTAL,All students,301.871997070313,0,1
statepct,RED,8,2007,SC,PC:P1,TOTAL,All students,214.730001831054,0,1
statepct,RED,8,2007,SC,PC:P2,TOTAL,All students,236.348001098633,0,1
statepct,RED,8,2007,SC,PC:P5,TOTAL,All students,259.667999267578,0,1
statepct,RED,8,2007,SC,PC:P9,TOTAL,All students,297.944000244141,0,1
statepct,RED,8,2007,SD,PC:P1,TOTAL,All students,232.081997680664,0,1
statepct,RED,8,2007,SD,PC:P2,TOTAL,All students,252.310000610352,0,1
statepct,RED,8,2007,SD,PC:P5,TOTAL,All students,271.922003173828,0,1
statepct,RED,8,2007,SD,PC:P9,TOTAL,All students,305.086004638672,0,1
statepct,RED,8,2007,TN,PC:P1,TOTAL,All students,217.002001953125,0,1
statepct,RED,8,2007,TN,PC:P2,TOTAL,All students,239.294000244141,0,1
statepct,RED,8,2007,TN,PC:P5,TOTAL,All students,260.990002441407,0,1
statepct,RED,8,2007,TN,PC:P9,TOTAL,All students,298.920001220703,0,1
statepct,RED,8,2007,TX,PC:P1,TOTAL,All students,217.791998291016,0,1
statepct,RED,8,2007,TX,PC:P2,TOTAL,All students,240.894000244141,0,1
statepct,RED,8,2007,TX,PC:P5,TOTAL,All students,262.65400390625,0,1
statepct,RED,8,2007,TX,PC:P9,TOTAL,All students,301.026000976562,0,1
statepct,RED,8,2007,UT,PC:P1,TOTAL,All students,218.117999267578,0,1
statepct,RED,8,2007,UT,PC:P2,TOTAL,All students,243.004000854492,0,1
statepct,RED,8,2007,UT,PC:P5,TOTAL,All students,265.779998779297,0,1
statepct,RED,8,2007,UT,PC:P9,TOTAL,All students,302.067999267578,0,1
statepct,RED,8,2007,VA,PC:P1,TOTAL,All students,226.47200012207,0,1
statepct,RED,8,2007,VA,PC:P2,TOTAL,All students,246.925997924804,0,1
statepct,RED,8,2007,VA,PC:P5,TOTAL,All students,268.214001464844,0,1
statepct,RED,8,2007,VA,PC:P9,TOTAL,All students,305.732000732422,0,1
statepct,RED,8,2007,VT,PC:P1,TOTAL,All students,233.67200012207,0,1
statepct,RED,8,2007,VT,PC:P2,TOTAL,All students,254.344000244141,0,1
statepct,RED,8,2007,VT,PC:P5,TOTAL,All students,275.181994628906,0,1
statepct,RED,8,2007,VT,PC:P9,TOTAL,All students,309.689996337891,0,1
statepct,RED,8,2007,WA,PC:P1,TOTAL,All students,220.389999389648,0,1
statepct,RED,8,2007,WA,PC:P2,TOTAL,All students,244.874002075196,0,1
statepct,RED,8,2007,WA,PC:P5,TOTAL,All students,267.520001220703,0,1
statepct,RED,8,2007,WA,PC:P9,TOTAL,All students,305.726007080078,0,1
statepct,RED,8,2007,WI,PC:P1,TOTAL,All students,218.67399597168,0,1
statepct,RED,8,2007,WI,PC:P2,TOTAL,All students,243.93200378418,0,1
statepct,RED,8,2007,WI,PC:P5,TOTAL,All students,267.511999511719,0,1
statepct,RED,8,2007,WI,PC:P9,TOTAL,All students,305.117999267578,0,1
statepct,RED,8,2007,WV,PC:P1,TOTAL,All students,208.384002685547,0,1
statepct,RED,8,2007,WV,PC:P2,TOTAL,All students,235.443997192383,0,1
statepct,RED,8,2007,WV,PC:P5,TOTAL,All students,259.25599975586,0,1
statepct,RED,8,2007,WV,PC:P9,TOTAL,All students,295.565997314453,0,1
statepct,RED,8,2007,WY,PC:P1,TOTAL,All students,227.348001098633,0,1
statepct,RED,8,2007,WY,PC:P2,TOTAL,All students,248.12200012207,0,1
statepct,RED,8,2007,WY,PC:P5,TOTAL,All students,268.908001708984,0,1
statepct,RED,8,2007,WY,PC:P9,TOTAL,All students,302.209997558594,0,1
statepct,RED,8,2009,RI,PC:P1,TOTAL,All students,215.718005371094,0,1
statepct,RED,8,2009,RI,PC:P2,TOTAL,All students,239.345999145508,0,1
statepct,RED,8,2009,RI,PC:P5,TOTAL,All students,262.852001953125,0,1
statepct,RED,8,2009,RI,PC:P9,TOTAL,All students,300.7,0,1
statepct,RED,8,2009,SC,PC:P1,TOTAL,All students,213.324002075195,0,1
statepct,RED,8,2009,SC,PC:P2,TOTAL,All students,235.633999633789,0,1
statepct,RED,8,2009,SC,PC:P5,TOTAL,All students,258.365997314453,0,1
statepct,RED,8,2009,SC,PC:P9,TOTAL,All students,300.14400024414,0,1
statepct,RED,8,2009,SD,PC:P1,TOTAL,All students,233.509997558594,0,1
statepct,RED,8,2009,SD,PC:P2,TOTAL,All students,253.418002319336,0,1
statepct,RED,8,2009,SD,PC:P5,TOTAL,All students,272.201995849609,0,1
statepct,RED,8,2009,SD,PC:P9,TOTAL,All students,303.491998291016,0,1
statepct,RED,8,2009,TN,PC:P1,TOTAL,All students,218.420001220703,0,1
statepct,RED,8,2009,TN,PC:P2,TOTAL,All students,240.342004394531,0,1
statepct,RED,8,2009,TN,PC:P5,TOTAL,All students,263.012005615234,0,1
statepct,RED,8,2009,TN,PC:P9,TOTAL,All students,300.321997070313,0,1
statepct,RED,8,2009,TX,PC:P1,TOTAL,All students,217.813998413086,0,1
statepct,RED,8,2009,TX,PC:P2,TOTAL,All students,240.802001953125,0,1
statepct,RED,8,2009,TX,PC:P5,TOTAL,All students,263.002001953125,0,1
statepct,RED,8,2009,TX,PC:P9,TOTAL,All students,299.523992919922,0,1
statepct,RED,8,2009,UT,PC:P1,TOTAL,All students,223.955999755859,0,1
statepct,RED,8,2009,UT,PC:P2,TOTAL,All students,246.666003417969,0,1
statepct,RED,8,2009,UT,PC:P5,TOTAL,All students,268.202001953125,0,1
statepct,RED,8,2009,UT,PC:P9,TOTAL,All students,303.714001464844,0,1
statepct,RED,8,2009,VA,PC:P1,TOTAL,All students,224.516003417969,0,1
statepct,RED,8,2009,VA,PC:P2,TOTAL,All students,246.295999145508,0,1
statepct,RED,8,2009,VA,PC:P5,TOTAL,All students,267.489996337891,0,1
statepct,RED,8,2009,VA,PC:P9,TOTAL,All students,304.525994873047,0,1
statepct,RED,8,2009,VT,PC:P1,TOTAL,All students,232.717999267578,0,1
statepct,RED,8,2009,VT,PC:P2,TOTAL,All students,253.360000610352,0,1
statepct,RED,8,2009,VT,PC:P5,TOTAL,All students,274.31000366211,0,1
statepct,RED,8,2009,VT,PC:P9,TOTAL,All students,309.564001464844,0,1
statepct,RED,8,2009,WA,PC:P1,TOTAL,All students,222.404000854492,0,1
statepct,RED,8,2009,WA,PC:P2,TOTAL,All students,246.424002075195,0,1
statepct,RED,8,2009,WA,PC:P5,TOTAL,All students,269.007995605469,0,1
statepct,RED,8,2009,WA,PC:P9,TOTAL,All students,308.421997070313,0,1
statepct,RED,8,2009,WI,PC:P1,TOTAL,All students,222.996002197266,0,1
statepct,RED,8,2009,WI,PC:P2,TOTAL,All students,246.436001586914,0,1
statepct,RED,8,2009,WI,PC:P5,TOTAL,All students,268.75599975586,0,1
statepct,RED,8,2009,WI,PC:P9,TOTAL,All students,305.221997070313,0,1
statepct,RED,8,2009,WV,PC:P1,TOTAL,All students,209.313998413086,0,1
statepct,RED,8,2009,WV,PC:P2,TOTAL,All students,234.629998779297,0,1
statepct,RED,8,2009,WV,PC:P5,TOTAL,All students,258.022003173828,0,1
statepct,RED,8,2009,WV,PC:P9,TOTAL,All students,296.476000976563,0,1
statepct,RED,8,2009,WY,PC:P1,TOTAL,All students,230.850003051758,0,1
statepct,RED,8,2009,WY,PC:P2,TOTAL,All students,250.183996582031,0,1
statepct,RED,8,2009,WY,PC:P5,TOTAL,All students,269.420001220703,0,1
statepct,RED,8,2009,WY,PC:P9,TOTAL,All students,303,0,1
statepct,RED,8,2011,RI,PC:P1,TOTAL,All students,220.350003051758,0,1
statepct,RED,8,2011,RI,PC:P2,TOTAL,All students,243.666000366211,0,1
statepct,RED,8,2011,RI,PC:P5,TOTAL,All students,267.435992431641,0,1
statepct,RED,8,2011,RI,PC:P9,TOTAL,All students,307.120001220703,0,1
statepct,RED,8,2011,SC,PC:P1,TOTAL,All students,218.202001953125,0,1
statepct,RED,8,2011,SC,PC:P2,TOTAL,All students,239.86000366211,0,1
statepct,RED,8,2011,SC,PC:P5,TOTAL,All students,261.448004150391,0,1
statepct,RED,8,2011,SC,PC:P9,TOTAL,All students,300.557995605469,0,1
statepct,RED,8,2011,SD,PC:P1,TOTAL,All students,230.561999511719,0,1
statepct,RED,8,2011,SD,PC:P2,TOTAL,All students,251.399996948242,0,1
statepct,RED,8,2011,SD,PC:P5,TOTAL,All students,271.242004394531,0,1
statepct,RED,8,2011,SD,PC:P9,TOTAL,All students,304.65400390625,0,1
statepct,RED,8,2011,TN,PC:P1,TOTAL,All students,213.372000122071,0,1
statepct,RED,8,2011,TN,PC:P2,TOTAL,All students,237.347998046875,0,1
statepct,RED,8,2011,TN,PC:P5,TOTAL,All students,261.256005859375,0,1
statepct,RED,8,2011,TN,PC:P9,TOTAL,All students,301.989996337891,0,1
statepct,RED,8,2011,TX,PC:P1,TOTAL,All students,221.507998657227,0,1
statepct,RED,8,2011,TX,PC:P2,TOTAL,All students,242.41799621582,0,1
statepct,RED,8,2011,TX,PC:P5,TOTAL,All students,262.983996582031,0,1
statepct,RED,8,2011,TX,PC:P9,TOTAL,All students,299.661999511719,0,1
statepct,RED,8,2011,UT,PC:P1,TOTAL,All students,223.574002075195,0,1
statepct,RED,8,2011,UT,PC:P2,TOTAL,All students,247.745999145508,0,1
statepct,RED,8,2011,UT,PC:P5,TOTAL,All students,270.021997070313,0,1
statepct,RED,8,2011,UT,PC:P9,TOTAL,All students,306.033996582031,0,1
statepct,RED,8,2011,VA,PC:P1,TOTAL,All students,223.540002441406,0,1
statepct,RED,8,2011,VA,PC:P2,TOTAL,All students,246.442001342774,0,1
statepct,RED,8,2011,VA,PC:P5,TOTAL,All students,269.374005126953,0,1
statepct,RED,8,2011,VA,PC:P9,TOTAL,All students,308.515997314453,0,1
statepct,RED,8,2011,VT,PC:P1,TOTAL,All students,227.831997680664,0,1
statepct,RED,8,2011,VT,PC:P2,TOTAL,All students,252.892001342773,0,1
statepct,RED,8,2011,VT,PC:P5,TOTAL,All students,276.478002929688,0,1
statepct,RED,8,2011,VT,PC:P9,TOTAL,All students,315.608001708984,0,1
statepct,RED,8,2011,WA,PC:P1,TOTAL,All students,221.221997070312,0,1
statepct,RED,8,2011,WA,PC:P2,TOTAL,All students,245.632000732422,0,1
statepct,RED,8,2011,WA,PC:P5,TOTAL,All students,269.890002441406,0,1
statepct,RED,8,2011,WA,PC:P9,TOTAL,All students,311.011999511719,0,1
statepct,RED,8,2011,WI,PC:P1,TOTAL,All students,224.32799987793,0,1
statepct,RED,8,2011,WI,PC:P2,TOTAL,All students,247.289999389648,0,1
statepct,RED,8,2011,WI,PC:P5,TOTAL,All students,269.585998535156,0,1
statepct,RED,8,2011,WI,PC:P9,TOTAL,All students,306.620007324219,0,1
statepct,RED,8,2011,WV,PC:P1,TOTAL,All students,211.489996337891,0,1
statepct,RED,8,2011,WV,PC:P2,TOTAL,All students,235.664001464844,0,1
statepct,RED,8,2011,WV,PC:P5,TOTAL,All students,258.80400390625,0,1
statepct,RED,8,2011,WV,PC:P9,TOTAL,All students,297.188000488281,0,1
statepct,RED,8,2011,WY,PC:P1,TOTAL,All students,228.732000732422,0,1
statepct,RED,8,2011,WY,PC:P2,TOTAL,All students,250.560000610352,0,1
statepct,RED,8,2011,WY,PC:P5,TOTAL,All students,271.909997558594,0,1
statepct,RED,8,2011,WY,PC:P9,TOTAL,All students,307.015997314453,0,1
statepct,RED,8,2013,RI,PC:P1,TOTAL,All students,220.630501556397,0,1
statepct,RED,8,2013,RI,PC:P2,TOTAL,All students,245.510498809814,0,1
statepct,RED,8,2013,RI,PC:P5,TOTAL,All students,269.481002807617,0,1
statepct,RED,8,2013,RI,PC:P9,TOTAL,All students,308.281500244141,0,1
statepct,RED,8,2013,SC,PC:P1,TOTAL,All students,217.056999206543,0,1
statepct,RED,8,2013,SC,PC:P2,TOTAL,All students,240.433999633789,0,1
statepct,RED,8,2013,SC,PC:P5,TOTAL,All students,263.129501342774,0,1
statepct,RED,8,2013,SC,PC:P9,TOTAL,All students,304.168000793457,0,1
statepct,RED,8,2013,SD,PC:P1,TOTAL,All students,227.802998352051,0,1
statepct,RED,8,2013,SD,PC:P2,TOTAL,All students,249.539499664307,0,1
statepct,RED,8,2013,SD,PC:P5,TOTAL,All students,270.257498168945,0,1
statepct,RED,8,2013,SD,PC:P9,TOTAL,All students,306.51549987793,0,1
statepct,RED,8,2013,TN,PC:P1,TOTAL,All students,222.322500610352,0,1
statepct,RED,8,2013,TN,PC:P2,TOTAL,All students,244.922500610352,0,1
statepct,RED,8,2013,TN,PC:P5,TOTAL,All students,267.499502563477,0,1
statepct,RED,8,2013,TN,PC:P9,TOTAL,All students,305.748498535156,0,1
statepct,RED,8,2013,TX,PC:P1,TOTAL,All students,221.686000061035,0,1
statepct,RED,8,2013,TX,PC:P2,TOTAL,All students,243.736002349854,0,1
statepct,RED,8,2013,TX,PC:P5,TOTAL,All students,265.71549987793,0,1
statepct,RED,8,2013,TX,PC:P9,TOTAL,All students,303.58150177002,0,1
statepct,RED,8,2013,UT,PC:P1,TOTAL,All students,226.675999450684,0,1
statepct,RED,8,2013,UT,PC:P2,TOTAL,All students,250.040999603272,0,1
statepct,RED,8,2013,UT,PC:P5,TOTAL,All students,272.588502502442,0,1
statepct,RED,8,2013,UT,PC:P9,TOTAL,All students,309.975001525879,0,1
statepct,RED,8,2013,VA,PC:P1,TOTAL,All students,223.072500610352,0,1
statepct,RED,8,2013,VA,PC:P2,TOTAL,All students,246.1375,0,1
statepct,RED,8,2013,VA,PC:P5,TOTAL,All students,269.620001220703,0,1
statepct,RED,8,2013,VA,PC:P9,TOTAL,All students,309.559498596192,0,1
statepct,RED,8,2013,VT,PC:P1,TOTAL,All students,230.506499481201,0,1
statepct,RED,8,2013,VT,PC:P2,TOTAL,All students,254.443499755859,0,1
statepct,RED,8,2013,VT,PC:P5,TOTAL,All students,276.977001953125,0,1
statepct,RED,8,2013,VT,PC:P9,TOTAL,All students,314.817498779297,0,1
statepct,RED,8,2013,WA,PC:P1,TOTAL,All students,226.804500579834,0,1
statepct,RED,8,2013,WA,PC:P2,TOTAL,All students,250.954500579834,0,1
statepct,RED,8,2013,WA,PC:P5,TOTAL,All students,274.406999206543,0,1
statepct,RED,8,2013,WA,PC:P9,TOTAL,All students,314.122502136231,0,1
statepct,RED,8,2013,WI,PC:P1,TOTAL,All students,222.759999847412,0,1
statepct,RED,8,2013,WI,PC:P2,TOTAL,All students,246.634999847412,0,1
statepct,RED,8,2013,WI,PC:P5,TOTAL,All students,269.845001220703,0,1
statepct,RED,8,2013,WI,PC:P9,TOTAL,All students,309.056504821777,0,1
statepct,RED,8,2013,WV,PC:P1,TOTAL,All students,211.122500610352,0,1
statepct,RED,8,2013,WV,PC:P2,TOTAL,All students,237.311499786377,0,1
statepct,RED,8,2013,WV,PC:P5,TOTAL,All students,260.56849975586,0,1
statepct,RED,8,2013,WV,PC:P9,TOTAL,All students,299.836996459961,0,1
statepct,RED,8,2013,WY,PC:P1,TOTAL,All students,234.633500671387,0,1
statepct,RED,8,2013,WY,PC:P2,TOTAL,All students,253.032999420166,0,1
statepct,RED,8,2013,WY,PC:P5,TOTAL,All students,272.281500244141,0,1
statepct,RED,8,2013,WY,PC:P9,TOTAL,All students,305.818000793457,0,1
statepct,RED,8,2015,RI,PC:P1,TOTAL,All students,218.077001953125,0,1
statepct,RED,8,2015,RI,PC:P2,TOTAL,All students,243.678999328613,0,1
statepct,RED,8,2015,RI,PC:P5,TOTAL,All students,267.832499694824,0,1
statepct,RED,8,2015,RI,PC:P9,TOTAL,All students,308.723001098633,0,1
statepct,RED,8,2015,SC,PC:P1,TOTAL,All students,216.191999816895,0,1
statepct,RED,8,2015,SC,PC:P2,TOTAL,All students,239.229000091553,0,1
statepct,RED,8,2015,SC,PC:P5,TOTAL,All students,262.358499145508,0,1
statepct,RED,8,2015,SC,PC:P9,TOTAL,All students,301.796502685547,0,1
statepct,RED,8,2015,SD,PC:P1,TOTAL,All students,226.698501586914,0,1
statepct,RED,8,2015,SD,PC:P2,TOTAL,All students,248.15599822998,0,1
statepct,RED,8,2015,SD,PC:P5,TOTAL,All students,269.259996032715,0,1
statepct,RED,8,2015,SD,PC:P9,TOTAL,All students,304.700999450684,0,1
statepct,RED,8,2015,TN,PC:P1,TOTAL,All students,219.899998474121,0,1
statepct,RED,8,2015,TN,PC:P2,TOTAL,All students,243.812998962402,0,1
statepct,RED,8,2015,TN,PC:P5,TOTAL,All students,266.698501586914,0,1
statepct,RED,8,2015,TN,PC:P9,TOTAL,All students,306.22200012207,0,1
statepct,RED,8,2015,TX,PC:P1,TOTAL,All students,216.094999694824,0,1
statepct,RED,8,2015,TX,PC:P2,TOTAL,All students,240.266999816895,0,1
statepct,RED,8,2015,TX,PC:P5,TOTAL,All students,262.890998840332,0,1
statepct,RED,8,2015,TX,PC:P9,TOTAL,All students,302.502996826172,0,1
statepct,RED,8,2015,UT,PC:P1,TOTAL,All students,226.595500183105,0,1
statepct,RED,8,2015,UT,PC:P2,TOTAL,All students,249.708501434326,0,1
statepct,RED,8,2015,UT,PC:P5,TOTAL,All students,271.800001525879,0,1
statepct,RED,8,2015,UT,PC:P9,TOTAL,All students,309.252494812012,0,1
statepct,RED,8,2015,VA,PC:P1,TOTAL,All students,221.70899887085,0,1
statepct,RED,8,2015,VA,PC:P2,TOTAL,All students,245.706999969483,0,1
statepct,RED,8,2015,VA,PC:P5,TOTAL,All students,269.56549987793,0,1
statepct,RED,8,2015,VA,PC:P9,TOTAL,All students,308.430000305176,0,1
statepct,RED,8,2015,VT,PC:P1,TOTAL,All students,230.551500701904,0,1
statepct,RED,8,2015,VT,PC:P2,TOTAL,All students,253.413999938965,0,1
statepct,RED,8,2015,VT,PC:P5,TOTAL,All students,276.159498596192,0,1
statepct,RED,8,2015,VT,PC:P9,TOTAL,All students,314.191000366211,0,1
statepct,RED,8,2015,WA,PC:P1,TOTAL,All students,219.718999481201,0,1
statepct,RED,8,2015,WA,PC:P2,TOTAL,All students,245.457500457764,0,1
statepct,RED,8,2015,WA,PC:P5,TOTAL,All students,270.08699798584,0,1
statepct,RED,8,2015,WA,PC:P9,TOTAL,All students,310.536497497559,0,1
statepct,RED,8,2015,WI,PC:P1,TOTAL,All students,224.245001220703,0,1
statepct,RED,8,2015,WI,PC:P2,TOTAL,All students,248.537499237061,0,1
statepct,RED,8,2015,WI,PC:P5,TOTAL,All students,272.153996276856,0,1
statepct,RED,8,2015,WI,PC:P9,TOTAL,All students,310.852502441407,0,1
statepct,RED,8,2015,WV,PC:P1,TOTAL,All students,216.719998931885,0,1
statepct,RED,8,2015,WV,PC:P2,TOTAL,All students,240.020498657227,0,1
statepct,RED,8,2015,WV,PC:P5,TOTAL,All students,262.826998901367,0,1
statepct,RED,8,2015,WV,PC:P9,TOTAL,All students,299.766505432129,0,1
statepct,RED,8,2015,WY,PC:P1,TOTAL,All students,228.514501190186,0,1
statepct,RED,8,2015,WY,PC:P2,TOTAL,All students,249.688999938965,0,1
statepct,RED,8,2015,WY,PC:P5,TOTAL,All students,270.590998840332,0,1
statepct,RED,8,2015,WY,PC:P9,TOTAL,All students,306.771000671387,0,1
statepct,RED,8,2017,RI,PC:P1,TOTAL,All students,214.002500152588,0,1
statepct,RED,8,2017,RI,PC:P2,TOTAL,All students,242.5875,0,1
statepct,RED,8,2017,RI,PC:P5,TOTAL,All students,269.631999206543,0,1
statepct,RED,8,2017,RI,PC:P9,TOTAL,All students,311.522500610352,0,1
statepct,RED,8,2017,SC,PC:P1,TOTAL,All students,210.52449798584,0,1
statepct,RED,8,2017,SC,PC:P2,TOTAL,All students,237.622999572754,0,1
statepct,RED,8,2017,SC,PC:P5,TOTAL,All students,262.89750366211,0,1
statepct,RED,8,2017,SC,PC:P9,TOTAL,All students,305.206001281738,0,1
statepct,RED,8,2017,SD,PC:P1,TOTAL,All students,224.37149887085,0,1
statepct,RED,8,2017,SD,PC:P2,TOTAL,All students,248.494499206543,0,1
statepct,RED,8,2017,SD,PC:P5,TOTAL,All students,270.155001831055,0,1
statepct,RED,8,2017,SD,PC:P9,TOTAL,All students,305.600997924805,0,1
statepct,RED,8,2017,TN,PC:P1,TOTAL,All students,215.626998901367,0,1
statepct,RED,8,2017,TN,PC:P2,TOTAL,All students,240.606000518799,0,1
statepct,RED,8,2017,TN,PC:P5,TOTAL,All students,264.552001953125,0,1
statepct,RED,8,2017,TN,PC:P9,TOTAL,All students,304.382499694824,0,1
statepct,RED,8,2017,TX,PC:P1,TOTAL,All students,215.476000976563,0,1
statepct,RED,8,2017,TX,PC:P2,TOTAL,All students,239.278500366211,0,1
statepct,RED,8,2017,TX,PC:P5,TOTAL,All students,262.545501708984,0,1
statepct,RED,8,2017,TX,PC:P9,TOTAL,All students,301.823500061035,0,1
statepct,RED,8,2017,UT,PC:P1,TOTAL,All students,223.98450012207,0,1
statepct,RED,8,2017,UT,PC:P2,TOTAL,All students,248.609998321533,0,1
statepct,RED,8,2017,UT,PC:P5,TOTAL,All students,271.778997802735,0,1
statepct,RED,8,2017,UT,PC:P9,TOTAL,All students,309.223001098633,0,1
statepct,RED,8,2017,VA,PC:P1,TOTAL,All students,220.616499328613,0,1
statepct,RED,8,2017,VA,PC:P2,TOTAL,All students,245.843999481201,0,1
statepct,RED,8,2017,VA,PC:P5,TOTAL,All students,270.28699798584,0,1
statepct,RED,8,2017,VA,PC:P9,TOTAL,All students,310.481498718262,0,1
statepct,RED,8,2017,VT,PC:P1,TOTAL,All students,226.40599899292,0,1
statepct,RED,8,2017,VT,PC:P2,TOTAL,All students,252.421499633789,0,1
statepct,RED,8,2017,VT,PC:P5,TOTAL,All students,276.63999786377,0,1
statepct,RED,8,2017,VT,PC:P9,TOTAL,All students,315.41350402832,0,1
statepct,RED,8,2017,WA,PC:P1,TOTAL,All students,224.889998626709,0,1
statepct,RED,8,2017,WA,PC:P2,TOTAL,All students,249.760999298096,0,1
statepct,RED,8,2017,WA,PC:P5,TOTAL,All students,273.99649810791,0,1
statepct,RED,8,2017,WA,PC:P9,TOTAL,All students,315.222500610352,0,1
statepct,RED,8,2017,WI,PC:P1,TOTAL,All students,223.69649887085,0,1
statepct,RED,8,2017,WI,PC:P2,TOTAL,All students,248.436499786377,0,1
statepct,RED,8,2017,WI,PC:P5,TOTAL,All students,272.24700012207,0,1
statepct,RED,8,2017,WI,PC:P9,TOTAL,All students,311.037001037598,0,1
statepct,RED,8,2017,WV,PC:P1,TOTAL,All students,210.367000579834,0,1
statepct,RED,8,2017,WV,PC:P2,TOTAL,All students,237.39400100708,0,1
statepct,RED,8,2017,WV,PC:P5,TOTAL,All students,262.203001403809,0,1
statepct,RED,8,2017,WV,PC:P9,TOTAL,All students,301.35299987793,0,1
statepct,RED,8,2017,WY,PC:P1,TOTAL,All students,226.164498901367,0,1
statepct,RED,8,2017,WY,PC:P2,TOTAL,All students,249.527000427246,0,1
statepct,RED,8,2017,WY,PC:P5,TOTAL,All students,271.431999206543,0,1
statepct,RED,8,2017,WY,PC:P9,TOTAL,All students,308.358999633789,0,1
statepct,RED,8,2019,RI,PC:P1,TOTAL,All students,206.924000549316,0,1
statepct,RED,8,2019,RI,PC:P2,TOTAL,All students,238.016999816895,0,1
statepct,RED,8,2019,RI,PC:P5,TOTAL,All students,266.706999206543,0,1
statepct,RED,8,2019,RI,PC:P9,TOTAL,All students,310.788499450684,0,1
statepct,RED,8,2019,SC,PC:P1,TOTAL,All students,209.740498352051,0,1
statepct,RED,8,2019,SC,PC:P2,TOTAL,All students,235.637500762939,0,1
statepct,RED,8,2019,SC,PC:P5,TOTAL,All students,261.889999389649,0,1
statepct,RED,8,2019,SC,PC:P9,TOTAL,All students,304.151501464844,0,1
statepct,RED,8,2019,SD,PC:P1,TOTAL,All students,216.646499633789,0,1
statepct,RED,8,2019,SD,PC:P2,TOTAL,All students,241.58999786377,0,1
statepct,RED,8,2019,SD,PC:P5,TOTAL,All students,266.014497375489,0,1
statepct,RED,8,2019,SD,PC:P9,TOTAL,All students,305.267501831055,0,1
statepct,RED,8,2019,TN,PC:P1,TOTAL,All students,214.74049987793,0,1
statepct,RED,8,2019,TN,PC:P2,TOTAL,All students,240.192499542236,0,1
statepct,RED,8,2019,TN,PC:P5,TOTAL,All students,264.854501342774,0,1
statepct,RED,8,2019,TN,PC:P9,TOTAL,All students,306.683502197266,0,1
statepct,RED,8,2019,TX,PC:P1,TOTAL,All students,207.059499359131,0,1
statepct,RED,8,2019,TX,PC:P2,TOTAL,All students,233.569000244141,0,1
statepct,RED,8,2019,TX,PC:P5,TOTAL,All students,258.878999328613,0,1
statepct,RED,8,2019,TX,PC:P9,TOTAL,All students,299.122000122071,0,1
statepct,RED,8,2019,UT,PC:P1,TOTAL,All students,219.179000854492,0,1
statepct,RED,8,2019,UT,PC:P2,TOTAL,All students,246.238997650146,0,1
statepct,RED,8,2019,UT,PC:P5,TOTAL,All students,270.933502197266,0,1
statepct,RED,8,2019,UT,PC:P9,TOTAL,All students,310.652000427246,0,1
statepct,RED,8,2019,VA,PC:P1,TOTAL,All students,208.957999420166,0,1
statepct,RED,8,2019,VA,PC:P2,TOTAL,All students,238.019999694824,0,1
statepct,RED,8,2019,VA,PC:P5,TOTAL,All students,265.644497680664,0,1
statepct,RED,8,2019,VA,PC:P9,TOTAL,All students,308.530996704102,0,1
statepct,RED,8,2019,VT,PC:P1,TOTAL,All students,216.672499847412,0,1
statepct,RED,8,2019,VT,PC:P2,TOTAL,All students,245.558000183105,0,1
statepct,RED,8,2019,VT,PC:P5,TOTAL,All students,272.601499938965,0,1
statepct,RED,8,2019,VT,PC:P9,TOTAL,All students,313.371502685547,0,1
statepct,RED,8,2019,WA,PC:P1,TOTAL,All students,212.239498901367,0,1
statepct,RED,8,2019,WA,PC:P2,TOTAL,All students,242.153499603272,0,1
statepct,RED,8,2019,WA,PC:P5,TOTAL,All students,270.16300201416,0,1
statepct,RED,8,2019,WA,PC:P9,TOTAL,All students,314.805001831055,0,1
statepct,RED,8,2019,WI,PC:P1,TOTAL,All students,218.248500061035,0,1
statepct,RED,8,2019,WI,PC:P2,TOTAL,All students,244.934001922608,0,1
statepct,RED,8,2019,WI,PC:P5,TOTAL,All students,270.866499328613,0,1
statepct,RED,8,2019,WI,PC:P9,TOTAL,All students,311.160998535156,0,1
statepct,RED,8,2019,WV,PC:P1,TOTAL,All students,205.795999145508,0,1
statepct,RED,8,2019,WV,PC:P2,TOTAL,All students,233.938998413086,0,1
statepct,RED,8,2019,WV,PC:P5,TOTAL,All students,259.555497741699,0,1
statepct,RED,8,2019,WV,PC:P9,TOTAL,All students,299.112495422363,0,1
statepct,RED,8,2019,WY,PC:P1,TOTAL,All students,219.289498901367,0,1
statepct,RED,8,2019,WY,PC:P2,TOTAL,All students,243.210999298096,0,1
statepct,RED,8,2019,WY,PC:P5,TOTAL,All students,267.265998840332,0,1
statepct,RED,8,2019,WY,PC:P9,TOTAL,All students,306.257998657227,0,1
statepct,RED,8,2022,RI,PC:P1,TOTAL,All students,204.173001098633,0,1
statepct,RED,8,2022,RI,PC:P2,TOTAL,All students,233.781500244141,0,1
statepct,RED,8,2022,RI,PC:P5,TOTAL,All students,262.457998657227,0,1
statepct,RED,8,2022,RI,PC:P9,TOTAL,All students,309.677998352051,0,1
statepct,RED,8,2022,SC,PC:P1,TOTAL,All students,199.463499450684,0,1
statepct,RED,8,2022,SC,PC:P2,TOTAL,All students,227.846000671387,0,1
statepct,RED,8,2022,SC,PC:P5,TOTAL,All students,256.513501739502,0,1
statepct,RED,8,2022,SC,PC:P9,TOTAL,All students,302.708000183105,0,1
statepct,RED,8,2022,SD,PC:P1,TOTAL,All students,213.185999298096,0,1
statepct,RED,8,2022,SD,PC:P2,TOTAL,All students,240.545999908447,0,1
statepct,RED,8,2022,SD,PC:P5,TOTAL,All students,265.429501342774,0,1
statepct,RED,8,2022,SD,PC:P9,TOTAL,All students,304.774996948242,0,1
statepct,RED,8,2022,TN,PC:P1,TOTAL,All students,205.076502227783,0,1
statepct,RED,8,2022,TN,PC:P2,TOTAL,All students,232.883999633789,0,1
statepct,RED,8,2022,TN,PC:P5,TOTAL,All students,260.230500793457,0,1
statepct,RED,8,2022,TN,PC:P9,TOTAL,All students,304.90599975586,0,1
statepct,RED,8,2022,TX,PC:P1,TOTAL,All students,207.785999298096,0,1
statepct,RED,8,2022,TX,PC:P2,TOTAL,All students,232.517001342773,0,1
statepct,RED,8,2022,TX,PC:P5,TOTAL,All students,257.34949798584,0,1
statepct,RED,8,2022,TX,PC:P9,TOTAL,All students,298.25050201416,0,1
statepct,RED,8,2022,UT,PC:P1,TOTAL,All students,215.325499725342,0,1
statepct,RED,8,2022,UT,PC:P2,TOTAL,All students,242.737499237061,0,1
statepct,RED,8,2022,UT,PC:P5,TOTAL,All students,268.750500488281,0,1
statepct,RED,8,2022,UT,PC:P9,TOTAL,All students,308.68699798584,0,1
statepct,RED,8,2022,VA,PC:P1,TOTAL,All students,206.60950088501,0,1
statepct,RED,8,2022,VA,PC:P2,TOTAL,All students,234.550498199463,0,1
statepct,RED,8,2022,VA,PC:P5,TOTAL,All students,262.456001281738,0,1
statepct,RED,8,2022,VA,PC:P9,TOTAL,All students,307.062001037598,0,1
statepct,RED,8,2022,VT,PC:P1,TOTAL,All students,213.174502563477,0,1
statepct,RED,8,2022,VT,PC:P2,TOTAL,All students,240.302499389649,0,1
statepct,RED,8,2022,VT,PC:P5,TOTAL,All students,266.987002563477,0,1
statepct,RED,8,2022,VT,PC:P9,TOTAL,All students,309.505999755859,0,1
statepct,RED,8,2022,WA,PC:P1,TOTAL,All students,209.740000152588,0,1
statepct,RED,8,2022,WA,PC:P2,TOTAL,All students,238.211999511719,0,1
statepct,RED,8,2022,WA,PC:P5,TOTAL,All students,264.598999023438,0,1
statepct,RED,8,2022,WA,PC:P9,TOTAL,All students,307.624005126953,0,1
statepct,RED,8,2022,WI,PC:P1,TOTAL,All students,212.719498443603,0,1
statepct,RED,8,2022,WI,PC:P2,TOTAL,All students,238.941500854492,0,1
statepct,RED,8,2022,WI,PC:P5,TOTAL,All students,264.976499938965,0,1
statepct,RED,8,2022,WI,PC:P9,TOTAL,All students,307.623999023438,0,1
statepct,RED,8,2022,WV,PC:P1,TOTAL,All students,195.136499023438,0,1
statepct,RED,8,2022,WV,PC:P2,TOTAL,All students,224.779498291016,0,1
statepct,RED,8,2022,WV,PC:P5,TOTAL,All students,253.119500732422,0,1
statepct,RED,8,2022,WV,PC:P9,TOTAL,All students,297.360000610352,0,1
statepct,RED,8,2022,WY,PC:P1,TOTAL,All students,212.878997802734,0,1
statepct,RED,8,2022,WY,PC:P2,TOTAL,All students,238.79049911499,0,1
statepct,RED,8,2022,WY,PC:P5,TOTAL,All students,263.883500671387,0,1
statepct,RED,8,2022,WY,PC:P9,TOTAL,All students,303.773500061035,0,1
statepct,RED,8,2024,RI,PC:P1,TOTAL,All students,201.170999908447,0,1
statepct,RED,8,2024,RI,PC:P2,TOTAL,All students,231.127499389649,0,1
statepct,RED,8,2024,RI,PC:P5,TOTAL,All students,260.964497375488,0,1
statepct,RED,8,2024,RI,PC:P9,TOTAL,All students,309.320002746582,0,1
statepct,RED,8,2024,SC,PC:P1,TOTAL,All students,199.504999542236,0,1
statepct,RED,8,2024,SC,PC:P2,TOTAL,All students,228.190501403809,0,1
statepct,RED,8,2024,SC,PC:P5,TOTAL,All students,257.456997680664,0,1
statepct,RED,8,2024,SC,PC:P9,TOTAL,All students,301.505497741699,0,1
statepct,RED,8,2024,SD,PC:P1,TOTAL,All students,211.99100112915,0,1
statepct,RED,8,2024,SD,PC:P2,TOTAL,All students,237.411998748779,0,1
statepct,RED,8,2024,SD,PC:P5,TOTAL,All students,262.501501464844,0,1
statepct,RED,8,2024,SD,PC:P9,TOTAL,All students,303.006503295899,0,1
statepct,RED,8,2024,TN,PC:P1,TOTAL,All students,205.091500091553,0,1
statepct,RED,8,2024,TN,PC:P2,TOTAL,All students,234.276499938965,0,1
statepct,RED,8,2024,TN,PC:P5,TOTAL,All students,262.306999206543,0,1
statepct,RED,8,2024,TN,PC:P9,TOTAL,All students,306.797998046875,0,1
statepct,RED,8,2024,TX,PC:P1,TOTAL,All students,197.595500946045,0,1
statepct,RED,8,2024,TX,PC:P2,TOTAL,All students,225.962999725342,0,1
statepct,RED,8,2024,TX,PC:P5,TOTAL,All students,254.35050201416,0,1
statepct,RED,8,2024,TX,PC:P9,TOTAL,All students,303.001499938965,0,1
statepct,RED,8,2024,UT,PC:P1,TOTAL,All students,211.019501495361,0,1
statepct,RED,8,2024,UT,PC:P2,TOTAL,All students,238.925499725342,0,1
statepct,RED,8,2024,UT,PC:P5,TOTAL,All students,264.871003723145,0,1
statepct,RED,8,2024,UT,PC:P9,TOTAL,All students,305.580499267578,0,1
statepct,RED,8,2024,VA,PC:P1,TOTAL,All students,198.309998321533,0,1
statepct,RED,8,2024,VA,PC:P2,TOTAL,All students,231.07799987793,0,1
statepct,RED,8,2024,VA,PC:P5,TOTAL,All students,260.179002380371,0,1
statepct,RED,8,2024,VA,PC:P9,TOTAL,All students,306.857998657227,0,1
statepct,RED,8,2024,VT,PC:P1,TOTAL,All students,203.728498840332,0,1
statepct,RED,8,2024,VT,PC:P2,TOTAL,All students,232.238501739502,0,1
statepct,RED,8,2024,VT,PC:P5,TOTAL,All students,261.349502563477,0,1
statepct,RED,8,2024,VT,PC:P9,TOTAL,All students,303.777500915528,0,1
statepct,RED,8,2024,WA,PC:P1,TOTAL,All students,205.108500671387,0,1
statepct,RED,8,2024,WA,PC:P2,TOTAL,All students,234.530501556396,0,1
statepct,RED,8,2024,WA,PC:P5,TOTAL,All students,261.816000366211,0,1
statepct,RED,8,2024,WA,PC:P9,TOTAL,All students,308.864001464844,0,1
statepct,RED,8,2024,WI,PC:P1,TOTAL,All students,207.949998474121,0,1
statepct,RED,8,2024,WI,PC:P2,TOTAL,All students,236.950499725342,0,1
statepct,RED,8,2024,WI,PC:P5,TOTAL,All students,263.876501464844,0,1
statepct,RED,8,2024,WI,PC:P9,TOTAL,All students,305.868495178223,0,1
statepct,RED,8,2024,WV,PC:P1,TOTAL,All students,192.47749786377,0,1
statepct,RED,8,2024,WV,PC:P2,TOTAL,All students,221.297500610352,0,1
statepct,RED,8,2024,WV,PC:P5,TOTAL,All students,251.236498260498,0,1
statepct,RED,8,2024,WV,PC:P9,TOTAL,All students,296.290000915527,0,1
statepct,RED,8,2024,WY,PC:P1,TOTAL,All students,211.239499664307,0,1
statepct,RED,8,2024,WY,PC:P2,TOTAL,All students,236.858499908447,0,1
statepct,RED,8,2024,WY,PC:P5,TOTAL,All students,263.236999511719,0,1
statepct,RED,8,2024,WY,PC:P9,TOTAL,All students,303.326498413086,0,1
